#
# There is insufficient memory for the Java Runtime Environment to continue.
# Native memory allocation (malloc) failed to allocate 1094576 bytes. Error detail: Chunk::new
# Possible reasons:
#   The system is out of physical RAM or swap space
#   This process is running with CompressedOops enabled, and the Java Heap may be blocking the growth of the native heap
# Possible solutions:
#   Reduce memory load on the system
#   Increase physical memory or swap space
#   Check if swap backing store is full
#   Decrease Java heap size (-Xmx/-Xms)
#   Decrease number of Java threads
#   Decrease Java thread stack sizes (-Xss)
#   Set larger code cache with -XX:ReservedCodeCacheSize=
#   JVM is running with Unscaled Compressed Oops mode in which the Java heap is
#     placed in the first 4GB address space. The Java Heap base address is the
#     maximum limit for the native heap growth. Please use -XX:HeapBaseMinAddress
#     to set the Java Heap base and to place the Java Heap above 4GB virtual address.
# This output file may be truncated or incomplete.
#
#  Out of Memory Error (arena.cpp:191), pid=22264, tid=19964
#
# JRE version: OpenJDK Runtime Environment Temurin-17.0.18+8 (17.0.18+8) (build 17.0.18+8)
# Java VM: OpenJDK 64-Bit Server VM Temurin-17.0.18+8 (17.0.18+8, mixed mode, sharing, tiered, compressed oops, compressed class ptrs, g1 gc, windows-amd64)
# No core dump will be written. Minidumps are not enabled by default on client versions of Windows
#

---------------  S U M M A R Y ------------

Command Line: --add-opens=java.base/java.lang=ALL-UNNAMED --add-opens=java.base/java.lang.invoke=ALL-UNNAMED --add-opens=java.base/java.util=ALL-UNNAMED --add-opens=java.prefs/java.util.prefs=ALL-UNNAMED --add-exports=jdk.compiler/com.sun.tools.javac.api=ALL-UNNAMED --add-exports=jdk.compiler/com.sun.tools.javac.util=ALL-UNNAMED --add-opens=java.base/java.util=ALL-UNNAMED --add-opens=java.prefs/java.util.prefs=ALL-UNNAMED --add-opens=java.base/java.nio.charset=ALL-UNNAMED --add-opens=java.base/java.net=ALL-UNNAMED --add-opens=java.base/java.util.concurrent.atomic=ALL-UNNAMED --add-opens=java.xml/javax.xml.namespace=ALL-UNNAMED -XX:MaxMetaspaceSize=512m -Xmx2048m -Dfile.encoding=UTF-8 -Duser.country=ES -Duser.language=es -Duser.variant -javaagent:C:\Users\User\.gradle\wrapper\dists\gradle-8.14.3-bin\cv11ve7ro1n3o1j4so8xd9n66\gradle-8.14.3\lib\agents\gradle-instrumentation-agent-8.14.3.jar org.gradle.launcher.daemon.bootstrap.GradleDaemon 8.14.3

Host: 13th Gen Intel(R) Core(TM) i5-13420H, 12 cores, 7G,  Windows 11 , 64 bit Build 26100 (10.0.26100.8737)
Time: Fri Jul 10 18:28:16 2026 Hora est. África Central Occid. elapsed time: 202.238520 seconds (0d 0h 3m 22s)

---------------  T H R E A D  ---------------

Current thread (0x00000274b1869390):  JavaThread "C2 CompilerThread0" daemon [_thread_in_native, id=19964, stack(0x000000b73a600000,0x000000b73a700000)]


Current CompileTask:
C2:202240 36279       4       com.android.tools.r8.internal.K9::a (1828 bytes)

Stack: [0x000000b73a600000,0x000000b73a700000]
Native frames: (J=compiled Java code, j=interpreted, Vv=VM code, C=native code)
V  [jvm.dll+0x6846f9]
V  [jvm.dll+0x839ea5]
V  [jvm.dll+0x83b91e]
V  [jvm.dll+0x83bfa3]
V  [jvm.dll+0x248eff]
V  [jvm.dll+0xad496]
V  [jvm.dll+0xadb3c]
V  [jvm.dll+0x2b05df]
V  [jvm.dll+0x58acf5]
V  [jvm.dll+0x222e84]
V  [jvm.dll+0x21b98f]
V  [jvm.dll+0x2190fe]
V  [jvm.dll+0x1a4920]
V  [jvm.dll+0x22989a]
V  [jvm.dll+0x227a4b]
V  [jvm.dll+0x7f0658]
V  [jvm.dll+0x7eaaec]
V  [jvm.dll+0x6835c7]
C  [ucrtbase.dll+0x2cd30]
C  [KERNEL32.DLL+0x2e957]
C  [ntdll.dll+0xaad6c]


---------------  P R O C E S S  ---------------

Threads class SMR info:
_java_thread_list=0x00000274d240af40, length=255, elements={
0x00000274922b4a30, 0x00000274b0e8e4a0, 0x00000274b0e8f780, 0x00000274b1859ce0,
0x00000274b185c5c0, 0x00000274b185ce90, 0x00000274b185f770, 0x00000274b1869390,
0x00000274b1869ca0, 0x00000274b186fac0, 0x00000274b0e6f410, 0x00000274b1a0cd10,
0x00000274d1b76100, 0x00000274d2c24f60, 0x00000274d2c8ad10, 0x00000274d2e664b0,
0x00000274d2ea7b00, 0x00000274d2d545a0, 0x00000274d2d53b80, 0x00000274d2d52c50,
0x00000274d2d53160, 0x00000274d2d54090, 0x00000274d2d54ab0, 0x00000274d2d52740,
0x00000274d2d53670, 0x00000274d2d554d0, 0x00000274d2d51d20, 0x00000274d2d52230,
0x00000274d524f630, 0x00000274d52519a0, 0x00000274d5250f80, 0x00000274d524f120,
0x00000274d5250050, 0x00000274d5251490, 0x00000274d52523c0, 0x00000274d524ec10,
0x00000274d5254c40, 0x00000274d5255150, 0x00000274d5253d10, 0x00000274d5254220,
0x00000274d5255660, 0x00000274d5255b70, 0x00000274d52528d0, 0x00000274d5253800,
0x00000274d5254730, 0x00000274d5252de0, 0x00000274d52532f0, 0x00000274d3ac1f50,
0x00000274d3ac2460, 0x00000274d3abfbe0, 0x00000274d3ac1530, 0x00000274d3abf6d0,
0x00000274d3ac1a40, 0x00000274d3ac00f0, 0x00000274d3ac1020, 0x00000274d3ac2970,
0x00000274d3ac0b10, 0x00000274d3ac0600, 0x00000274d3abf1c0, 0x00000274d3ac3db0,
0x00000274d3ac38a0, 0x00000274d3ac4ce0, 0x00000274d3ac42c0, 0x00000274d3ac5700,
0x00000274d3ac2e80, 0x00000274d3ac5c10, 0x00000274d3ac3390, 0x00000274d3ac6630,
0x00000274d3ac6120, 0x00000274d3ac47d0, 0x00000274d3ac6b40, 0x00000274d3ac51f0,
0x00000274d3cb39d0, 0x00000274d3cb3ee0, 0x00000274d3cb43f0, 0x00000274d3cb2fb0,
0x00000274d3cb0c40, 0x00000274d3cb1660, 0x00000274d3cb1b70, 0x00000274d3cb2590,
0x00000274d3cb4900, 0x00000274d3cb1150, 0x00000274d3cb4e10, 0x00000274d3cb5320,
0x00000274d3cb5830, 0x00000274d3cb2080, 0x00000274d3cb5d40, 0x00000274d3cb85c0,
0x00000274d3cb6250, 0x00000274d3cb7690, 0x00000274d3cb7ba0, 0x00000274d3cb6c70,
0x00000274d3cb7180, 0x00000274d3cb80b0, 0x00000274d5614b90, 0x00000274d5617410,
0x00000274d5615ac0, 0x00000274d5617e30, 0x00000274d56150a0, 0x00000274d5615fd0,
0x00000274d56169f0, 0x00000274d5618340, 0x00000274d5617920, 0x00000274d5618850,
0x00000274d56164e0, 0x00000274d5616f00, 0x00000274d5618d60, 0x00000274d56155b0,
0x00000274d5619780, 0x00000274d561baf0, 0x00000274d5619270, 0x00000274d561a1a0,
0x00000274d561abc0, 0x00000274d561a6b0, 0x00000274d561c000, 0x00000274d561b0d0,
0x00000274d561b5e0, 0x00000274d561c510, 0x00000274d60e33d0, 0x00000274d60e38e0,
0x00000274d60e24a0, 0x00000274d60e1570, 0x00000274d60e1f90, 0x00000274d60e1a80,
0x00000274d60e6670, 0x00000274d60e7fc0, 0x00000274d60e7ab0, 0x00000274d60e84d0,
0x00000274d60e89e0, 0x00000274d60e75a0, 0x00000274d60e5740, 0x00000274d60e6160,
0x00000274d60e6b80, 0x00000274d60e5c50, 0x00000274d60e7090, 0x00000274d5204740,
0x00000274d5204230, 0x00000274d5203300, 0x00000274d5201ec0, 0x00000274d5203d20,
0x00000274d52023d0, 0x00000274d5204c50, 0x00000274d52014a0, 0x00000274d5200f90,
0x00000274d5205160, 0x00000274d52019b0, 0x00000274d5205670, 0x00000274d5206090,
0x00000274d5205b80, 0x00000274d52028e0, 0x00000274d52065a0, 0x00000274d5202df0,
0x00000274d5208910, 0x00000274d5206ab0, 0x00000274d5206fc0, 0x00000274d52074d0,
0x00000274d52079e0, 0x00000274d5207ef0, 0x00000274d5208400, 0x00000274d71d3610,
0x00000274d71d2bf0, 0x00000274d71d3b20, 0x00000274d71d4540, 0x00000274d71d26e0,
0x00000274d71d4030, 0x00000274d71d3100, 0x00000274d71d4a50, 0x00000274d71d4f60,
0x00000274d71d21d0, 0x00000274d71d77e0, 0x00000274d71d5e90, 0x00000274d71d8710,
0x00000274d71d5470, 0x00000274d71d8c20, 0x00000274d71d5980, 0x00000274d71d8200,
0x00000274d71d9130, 0x00000274d71d7cf0, 0x00000274d71d6dc0, 0x00000274d71d9640,
0x00000274d71d63a0, 0x00000274d71d68b0, 0x00000274ddb71470, 0x00000274ddb70030,
0x00000274ddb70a50, 0x00000274ddb70f60, 0x00000274ddb737e0, 0x00000274ddb74710,
0x00000274ddb73cf0, 0x00000274ddb71980, 0x00000274ddb75640, 0x00000274ddb71e90,
0x00000274ddb75b50, 0x00000274ddb76570, 0x00000274ddb76f90, 0x00000274ddb774a0,
0x00000274d75e9160, 0x00000274d75e9670, 0x00000274d75ed330, 0x00000274d75e9b80,
0x00000274d75ece20, 0x00000274d75eafc0, 0x00000274d75ed840, 0x00000274d75ef190,
0x00000274d75f47a0, 0x00000274d75f6600, 0x00000274d75f56d0, 0x00000274d75f5be0,
0x00000274d75f7a40, 0x00000274d60e1060, 0x00000274d60e2ec0, 0x00000274d71d9b50,
0x00000274d702bfe0, 0x00000274d702a690, 0x00000274d7028830, 0x00000274d702ca00,
0x00000274d7029760, 0x00000274d702c4f0, 0x00000274d702a180, 0x00000274d7029c70,
0x00000274d702aba0, 0x00000274d7029250, 0x00000274d702cf10, 0x00000274d702d420,
0x00000274d702e860, 0x00000274d702bad0, 0x00000274d702ed70, 0x00000274d702b5c0,
0x00000274d702f790, 0x00000274d7032520, 0x00000274d702fca0, 0x00000274d70301b0,
0x00000274d70315f0, 0x00000274d7031b00, 0x00000274d702f280, 0x00000274d7033960,
0x00000274d60e4300, 0x00000274d70306c0, 0x00000274d7034380, 0x00000274d7030bd0,
0x00000274d7034da0, 0x00000274d70361e0, 0x00000274d70357c0, 0x00000274d7035cd0,
0x00000274d7034890, 0x00000274d7037b30, 0x00000274d70366f0, 0x00000274de1dca80,
0x00000274de1db130, 0x00000274de1db640, 0x00000274de1dbb50, 0x00000274de1dc060,
0x00000274de1dc570, 0x00000274deb829a0, 0x00000274de11cb10
}

Java Threads: ( => current thread )
  0x00000274922b4a30 JavaThread "main" [_thread_blocked, id=11736, stack(0x000000b739900000,0x000000b739a00000)]
  0x00000274b0e8e4a0 JavaThread "Reference Handler" daemon [_thread_blocked, id=26220, stack(0x000000b73a000000,0x000000b73a100000)]
  0x00000274b0e8f780 JavaThread "Finalizer" daemon [_thread_blocked, id=6288, stack(0x000000b73a100000,0x000000b73a200000)]
  0x00000274b1859ce0 JavaThread "Signal Dispatcher" daemon [_thread_blocked, id=1704, stack(0x000000b73a200000,0x000000b73a300000)]
  0x00000274b185c5c0 JavaThread "Attach Listener" daemon [_thread_blocked, id=22436, stack(0x000000b73a300000,0x000000b73a400000)]
  0x00000274b185ce90 JavaThread "Service Thread" daemon [_thread_blocked, id=26752, stack(0x000000b73a400000,0x000000b73a500000)]
  0x00000274b185f770 JavaThread "Monitor Deflation Thread" daemon [_thread_blocked, id=24588, stack(0x000000b73a500000,0x000000b73a600000)]
=>0x00000274b1869390 JavaThread "C2 CompilerThread0" daemon [_thread_in_native, id=19964, stack(0x000000b73a600000,0x000000b73a700000)]
  0x00000274b1869ca0 JavaThread "C1 CompilerThread0" daemon [_thread_blocked, id=4004, stack(0x000000b73a700000,0x000000b73a800000)]
  0x00000274b186fac0 JavaThread "Sweeper thread" daemon [_thread_blocked, id=17856, stack(0x000000b73a800000,0x000000b73a900000)]
  0x00000274b0e6f410 JavaThread "Common-Cleaner" daemon [_thread_blocked, id=18540, stack(0x000000b73a900000,0x000000b73aa00000)]
  0x00000274b1a0cd10 JavaThread "Notification Thread" daemon [_thread_blocked, id=26504, stack(0x000000b73aa00000,0x000000b73ab00000)]
  0x00000274d1b76100 JavaThread "Daemon health stats" [_thread_blocked, id=24432, stack(0x000000b73b200000,0x000000b73b300000)]
  0x00000274d2c24f60 JavaThread "Incoming local TCP Connector on port 59925" [_thread_in_native, id=19696, stack(0x000000b73b300000,0x000000b73b400000)]
  0x00000274d2c8ad10 JavaThread "Daemon periodic checks" [_thread_blocked, id=18784, stack(0x000000b73b400000,0x000000b73b500000)]
  0x00000274d2e664b0 JavaThread "Daemon" [_thread_blocked, id=14024, stack(0x000000b73b500000,0x000000b73b600000)]
  0x00000274d2ea7b00 JavaThread "Handler for socket connection from /127.0.0.1:59925 to /127.0.0.1:59926" [_thread_in_native, id=27168, stack(0x000000b73b600000,0x000000b73b700000)]
  0x00000274d2d545a0 JavaThread "Cancel handler" [_thread_blocked, id=22592, stack(0x000000b73b700000,0x000000b73b800000)]
  0x00000274d2d53b80 JavaThread "Daemon worker" [_thread_blocked, id=14580, stack(0x000000b73b800000,0x000000b73b900000)]
  0x00000274d2d52c50 JavaThread "Asynchronous log dispatcher for DefaultDaemonConnection: socket connection from /127.0.0.1:59925 to /127.0.0.1:59926" [_thread_blocked, id=24568, stack(0x000000b73b900000,0x000000b73ba00000)]
  0x00000274d2d53160 JavaThread "Stdin handler" [_thread_blocked, id=9064, stack(0x000000b73ba00000,0x000000b73bb00000)]
  0x00000274d2d54090 JavaThread "Daemon client event forwarder" [_thread_blocked, id=25824, stack(0x000000b73bb00000,0x000000b73bc00000)]
  0x00000274d2d54ab0 JavaThread "Cache worker for journal cache (C:\Users\User\.gradle\caches\journal-1)" [_thread_blocked, id=7348, stack(0x000000b73bc00000,0x000000b73bd00000)]
  0x00000274d2d52740 JavaThread "File lock request listener" [_thread_in_native, id=14120, stack(0x000000b73bd00000,0x000000b73be00000)]
  0x00000274d2d53670 JavaThread "Cache worker for file hash cache (C:\Users\User\.gradle\caches\8.14.3\fileHashes)" [_thread_blocked, id=4000, stack(0x000000b73be00000,0x000000b73bf00000)]
  0x00000274d2d554d0 JavaThread "Cache worker for file hash cache (C:\Users\User\Desktop\EGCHAT NATIVA\egchat-mobile\android\.gradle\8.14.3\fileHashes)" [_thread_blocked, id=8492, stack(0x000000b73c300000,0x000000b73c400000)]
  0x00000274d2d51d20 JavaThread "Cache worker for Build Output Cleanup Cache (C:\Users\User\Desktop\EGCHAT NATIVA\egchat-mobile\android\.gradle\buildOutputCleanup)" [_thread_blocked, id=25776, stack(0x000000b73c400000,0x000000b73c500000)]
  0x00000274d2d52230 JavaThread "File watcher server" daemon [_thread_in_native, id=22464, stack(0x000000b73c700000,0x000000b73c800000)]
  0x00000274d524f630 JavaThread "File watcher consumer" daemon [_thread_blocked, id=25668, stack(0x000000b73c800000,0x000000b73c900000)]
  0x00000274d52519a0 JavaThread "jar transforms" [_thread_blocked, id=25228, stack(0x000000b73ca00000,0x000000b73cb00000)]
  0x00000274d5250f80 JavaThread "Cache worker for checksums cache (C:\Users\User\Desktop\EGCHAT NATIVA\egchat-mobile\android\.gradle\8.14.3\checksums)" [_thread_blocked, id=7596, stack(0x000000b73cb00000,0x000000b73cc00000)]
  0x00000274d524f120 JavaThread "Cache worker for file content cache (C:\Users\User\.gradle\caches\8.14.3\fileContent)" [_thread_blocked, id=22924, stack(0x000000b73cc00000,0x000000b73cd00000)]
  0x00000274d5250050 JavaThread "Cache worker for cache directory md-supplier (C:\Users\User\.gradle\caches\8.14.3\md-supplier)" [_thread_blocked, id=25444, stack(0x000000b73ac00000,0x000000b73ad00000)]
  0x00000274d5251490 JavaThread "Cache worker for cache directory md-rule (C:\Users\User\.gradle\caches\8.14.3\md-rule)" [_thread_blocked, id=5096, stack(0x000000b73c900000,0x000000b73ca00000)]
  0x00000274d52523c0 JavaThread "Cache worker for Build Output Cleanup Cache (C:\Users\User\Desktop\EGCHAT NATIVA\egchat-mobile\node_modules\@react-native\gradle-plugin\.gradle\buildOutputCleanup)" [_thread_blocked, id=26172, stack(0x000000b73d000000,0x000000b73d100000)]
  0x00000274d524ec10 JavaThread "Unconstrained build operations" [_thread_blocked, id=14884, stack(0x000000b73d200000,0x000000b73d300000)]
  0x00000274d5254c40 JavaThread "Unconstrained build operations Thread 2" [_thread_blocked, id=24068, stack(0x000000b73d300000,0x000000b73d400000)]
  0x00000274d5255150 JavaThread "Unconstrained build operations Thread 3" [_thread_blocked, id=25216, stack(0x000000b73d400000,0x000000b73d500000)]
  0x00000274d5253d10 JavaThread "Unconstrained build operations Thread 4" [_thread_blocked, id=21500, stack(0x000000b73d500000,0x000000b73d600000)]
  0x00000274d5254220 JavaThread "Unconstrained build operations Thread 5" [_thread_blocked, id=24840, stack(0x000000b73d600000,0x000000b73d700000)]
  0x00000274d5255660 JavaThread "Unconstrained build operations Thread 6" [_thread_blocked, id=27336, stack(0x000000b73d700000,0x000000b73d800000)]
  0x00000274d5255b70 JavaThread "Cache worker for Build Output Cleanup Cache (C:\Users\User\Desktop\EGCHAT NATIVA\egchat-mobile\node_modules\expo-modules-autolinking\android\expo-gradle-plugin\.gradle\buildOutputCleanup)" [_thread_blocked, id=19684, stack(0x000000b73d800000,0x000000b73d900000)]
  0x00000274d52528d0 JavaThread "Unconstrained build operations Thread 7" [_thread_blocked, id=21616, stack(0x000000b73d900000,0x000000b73da00000)]
  0x00000274d5253800 JavaThread "Unconstrained build operations Thread 8" [_thread_blocked, id=24936, stack(0x000000b73da00000,0x000000b73db00000)]
  0x00000274d5254730 JavaThread "Unconstrained build operations Thread 9" [_thread_blocked, id=3404, stack(0x000000b73db00000,0x000000b73dc00000)]
  0x00000274d5252de0 JavaThread "Unconstrained build operations Thread 10" [_thread_blocked, id=14312, stack(0x000000b73dc00000,0x000000b73dd00000)]
  0x00000274d52532f0 JavaThread "Unconstrained build operations Thread 11" [_thread_blocked, id=26672, stack(0x000000b73dd00000,0x000000b73de00000)]
  0x00000274d3ac1f50 JavaThread "Unconstrained build operations Thread 12" [_thread_blocked, id=22920, stack(0x000000b73de00000,0x000000b73df00000)]
  0x00000274d3ac2460 JavaThread "Unconstrained build operations Thread 13" [_thread_blocked, id=26372, stack(0x000000b73df00000,0x000000b73e000000)]
  0x00000274d3abfbe0 JavaThread "Unconstrained build operations Thread 14" [_thread_blocked, id=25656, stack(0x000000b73e000000,0x000000b73e100000)]
  0x00000274d3ac1530 JavaThread "Unconstrained build operations Thread 15" [_thread_blocked, id=26536, stack(0x000000b73e100000,0x000000b73e200000)]
  0x00000274d3abf6d0 JavaThread "Unconstrained build operations Thread 16" [_thread_blocked, id=6240, stack(0x000000b73e200000,0x000000b73e300000)]
  0x00000274d3ac1a40 JavaThread "Unconstrained build operations Thread 17" [_thread_blocked, id=20864, stack(0x000000b73e300000,0x000000b73e400000)]
  0x00000274d3ac00f0 JavaThread "Unconstrained build operations Thread 18" [_thread_blocked, id=24732, stack(0x000000b73e400000,0x000000b73e500000)]
  0x00000274d3ac1020 JavaThread "Unconstrained build operations Thread 19" [_thread_blocked, id=20688, stack(0x000000b73e500000,0x000000b73e600000)]
  0x00000274d3ac2970 JavaThread "Unconstrained build operations Thread 20" [_thread_blocked, id=18160, stack(0x000000b73e600000,0x000000b73e700000)]
  0x00000274d3ac0b10 JavaThread "Unconstrained build operations Thread 21" [_thread_blocked, id=25904, stack(0x000000b73e700000,0x000000b73e800000)]
  0x00000274d3ac0600 JavaThread "Unconstrained build operations Thread 22" [_thread_blocked, id=9324, stack(0x000000b73e800000,0x000000b73e900000)]
  0x00000274d3abf1c0 JavaThread "Unconstrained build operations Thread 23" [_thread_blocked, id=19532, stack(0x000000b73e900000,0x000000b73ea00000)]
  0x00000274d3ac3db0 JavaThread "Unconstrained build operations Thread 24" [_thread_blocked, id=4636, stack(0x000000b73ea00000,0x000000b73eb00000)]
  0x00000274d3ac38a0 JavaThread "Unconstrained build operations Thread 25" [_thread_blocked, id=14952, stack(0x000000b73eb00000,0x000000b73ec00000)]
  0x00000274d3ac4ce0 JavaThread "Unconstrained build operations Thread 26" [_thread_blocked, id=24872, stack(0x000000b73ec00000,0x000000b73ed00000)]
  0x00000274d3ac42c0 JavaThread "Unconstrained build operations Thread 27" [_thread_blocked, id=9136, stack(0x000000b73ed00000,0x000000b73ee00000)]
  0x00000274d3ac5700 JavaThread "Unconstrained build operations Thread 28" [_thread_blocked, id=24712, stack(0x000000b73ee00000,0x000000b73ef00000)]
  0x00000274d3ac2e80 JavaThread "Unconstrained build operations Thread 29" [_thread_blocked, id=25084, stack(0x000000b73ef00000,0x000000b73f000000)]
  0x00000274d3ac5c10 JavaThread "Unconstrained build operations Thread 30" [_thread_blocked, id=25356, stack(0x000000b73f000000,0x000000b73f100000)]
  0x00000274d3ac3390 JavaThread "Unconstrained build operations Thread 31" [_thread_blocked, id=26616, stack(0x000000b73f100000,0x000000b73f200000)]
  0x00000274d3ac6630 JavaThread "Unconstrained build operations Thread 32" [_thread_blocked, id=7776, stack(0x000000b73f200000,0x000000b73f300000)]
  0x00000274d3ac6120 JavaThread "Unconstrained build operations Thread 33" [_thread_blocked, id=3832, stack(0x000000b73f300000,0x000000b73f400000)]
  0x00000274d3ac47d0 JavaThread "Unconstrained build operations Thread 34" [_thread_blocked, id=27012, stack(0x000000b73f400000,0x000000b73f500000)]
  0x00000274d3ac6b40 JavaThread "Unconstrained build operations Thread 35" [_thread_blocked, id=25308, stack(0x000000b73f500000,0x000000b73f600000)]
  0x00000274d3ac51f0 JavaThread "Unconstrained build operations Thread 36" [_thread_blocked, id=26988, stack(0x000000b73f600000,0x000000b73f700000)]
  0x00000274d3cb39d0 JavaThread "Unconstrained build operations Thread 37" [_thread_blocked, id=27624, stack(0x000000b73f700000,0x000000b73f800000)]
  0x00000274d3cb3ee0 JavaThread "Unconstrained build operations Thread 38" [_thread_blocked, id=4632, stack(0x000000b73f800000,0x000000b73f900000)]
  0x00000274d3cb43f0 JavaThread "Unconstrained build operations Thread 39" [_thread_blocked, id=24820, stack(0x000000b73f900000,0x000000b73fa00000)]
  0x00000274d3cb2fb0 JavaThread "build event listener" [_thread_blocked, id=24804, stack(0x000000b73fb00000,0x000000b73fc00000)]
  0x00000274d3cb0c40 JavaThread "Memory manager" [_thread_blocked, id=26024, stack(0x000000b73d100000,0x000000b73d200000)]
  0x00000274d3cb1660 JavaThread "Unconstrained build operations Thread 40" [_thread_blocked, id=11240, stack(0x000000b73fc00000,0x000000b73fd00000)]
  0x00000274d3cb1b70 JavaThread "Unconstrained build operations Thread 41" [_thread_blocked, id=20740, stack(0x000000b73fd00000,0x000000b73fe00000)]
  0x00000274d3cb2590 JavaThread "Unconstrained build operations Thread 42" [_thread_blocked, id=25328, stack(0x000000b73fe00000,0x000000b73ff00000)]
  0x00000274d3cb4900 JavaThread "Unconstrained build operations Thread 43" [_thread_blocked, id=26424, stack(0x000000b73ff00000,0x000000b740000000)]
  0x00000274d3cb1150 JavaThread "Unconstrained build operations Thread 44" [_thread_blocked, id=24064, stack(0x000000b740000000,0x000000b740100000)]
  0x00000274d3cb4e10 JavaThread "Unconstrained build operations Thread 45" [_thread_blocked, id=8364, stack(0x000000b740100000,0x000000b740200000)]
  0x00000274d3cb5320 JavaThread "Unconstrained build operations Thread 46" [_thread_blocked, id=26072, stack(0x000000b740200000,0x000000b740300000)]
  0x00000274d3cb5830 JavaThread "Unconstrained build operations Thread 47" [_thread_blocked, id=17536, stack(0x000000b740300000,0x000000b740400000)]
  0x00000274d3cb2080 JavaThread "Unconstrained build operations Thread 48" [_thread_blocked, id=27464, stack(0x000000b740400000,0x000000b740500000)]
  0x00000274d3cb5d40 JavaThread "Unconstrained build operations Thread 49" [_thread_blocked, id=13008, stack(0x000000b740500000,0x000000b740600000)]
  0x00000274d3cb85c0 JavaThread "Unconstrained build operations Thread 50" [_thread_blocked, id=21860, stack(0x000000b740600000,0x000000b740700000)]
  0x00000274d3cb6250 JavaThread "build event listener" [_thread_blocked, id=23396, stack(0x000000b740700000,0x000000b740800000)]
  0x00000274d3cb7690 JavaThread "Unconstrained build operations Thread 51" [_thread_blocked, id=27304, stack(0x000000b740900000,0x000000b740a00000)]
  0x00000274d3cb7ba0 JavaThread "Unconstrained build operations Thread 52" [_thread_blocked, id=1392, stack(0x000000b740a00000,0x000000b740b00000)]
  0x00000274d3cb6c70 JavaThread "Unconstrained build operations Thread 53" [_thread_blocked, id=20900, stack(0x000000b740b00000,0x000000b740c00000)]
  0x00000274d3cb7180 JavaThread "Unconstrained build operations Thread 54" [_thread_blocked, id=18992, stack(0x000000b740c00000,0x000000b740d00000)]
  0x00000274d3cb80b0 JavaThread "Unconstrained build operations Thread 55" [_thread_blocked, id=27016, stack(0x000000b740d00000,0x000000b740e00000)]
  0x00000274d5614b90 JavaThread "Unconstrained build operations Thread 56" [_thread_blocked, id=27644, stack(0x000000b740e00000,0x000000b740f00000)]
  0x00000274d5617410 JavaThread "Unconstrained build operations Thread 57" [_thread_blocked, id=23920, stack(0x000000b740f00000,0x000000b741000000)]
  0x00000274d5615ac0 JavaThread "Unconstrained build operations Thread 58" [_thread_blocked, id=27268, stack(0x000000b741000000,0x000000b741100000)]
  0x00000274d5617e30 JavaThread "Unconstrained build operations Thread 59" [_thread_blocked, id=26960, stack(0x000000b741100000,0x000000b741200000)]
  0x00000274d56150a0 JavaThread "Unconstrained build operations Thread 60" [_thread_blocked, id=3916, stack(0x000000b741200000,0x000000b741300000)]
  0x00000274d5615fd0 JavaThread "Unconstrained build operations Thread 61" [_thread_blocked, id=26324, stack(0x000000b741300000,0x000000b741400000)]
  0x00000274d56169f0 JavaThread "Unconstrained build operations Thread 62" [_thread_blocked, id=3544, stack(0x000000b741400000,0x000000b741500000)]
  0x00000274d5618340 JavaThread "Unconstrained build operations Thread 63" [_thread_blocked, id=21764, stack(0x000000b741500000,0x000000b741600000)]
  0x00000274d5617920 JavaThread "Unconstrained build operations Thread 64" [_thread_blocked, id=9060, stack(0x000000b741600000,0x000000b741700000)]
  0x00000274d5618850 JavaThread "Unconstrained build operations Thread 65" [_thread_blocked, id=26020, stack(0x000000b741700000,0x000000b741800000)]
  0x00000274d56164e0 JavaThread "Unconstrained build operations Thread 66" [_thread_blocked, id=23664, stack(0x000000b741800000,0x000000b741900000)]
  0x00000274d5616f00 JavaThread "Unconstrained build operations Thread 67" [_thread_blocked, id=26748, stack(0x000000b741900000,0x000000b741a00000)]
  0x00000274d5618d60 JavaThread "Unconstrained build operations Thread 68" [_thread_blocked, id=14552, stack(0x000000b741a00000,0x000000b741b00000)]
  0x00000274d56155b0 JavaThread "Unconstrained build operations Thread 69" [_thread_blocked, id=10524, stack(0x000000b741b00000,0x000000b741c00000)]
  0x00000274d5619780 JavaThread "Unconstrained build operations Thread 70" [_thread_blocked, id=23624, stack(0x000000b741c00000,0x000000b741d00000)]
  0x00000274d561baf0 JavaThread "Unconstrained build operations Thread 71" [_thread_blocked, id=25568, stack(0x000000b741d00000,0x000000b741e00000)]
  0x00000274d5619270 JavaThread "Unconstrained build operations Thread 72" [_thread_blocked, id=25432, stack(0x000000b741e00000,0x000000b741f00000)]
  0x00000274d561a1a0 JavaThread "Unconstrained build operations Thread 73" [_thread_blocked, id=6724, stack(0x000000b741f00000,0x000000b742000000)]
  0x00000274d561abc0 JavaThread "Unconstrained build operations Thread 74" [_thread_blocked, id=27312, stack(0x000000b742000000,0x000000b742100000)]
  0x00000274d561a6b0 JavaThread "ForkJoinPool.commonPool-worker-2" daemon [_thread_blocked, id=20880, stack(0x000000b742200000,0x000000b742300000)]
  0x00000274d561c000 JavaThread "ForkJoinPool.commonPool-worker-3" daemon [_thread_blocked, id=25584, stack(0x000000b742300000,0x000000b742400000)]
  0x00000274d561b0d0 JavaThread "ForkJoinPool.commonPool-worker-4" daemon [_thread_blocked, id=26820, stack(0x000000b742400000,0x000000b742500000)]
  0x00000274d561b5e0 JavaThread "ForkJoinPool.commonPool-worker-5" daemon [_thread_blocked, id=12364, stack(0x000000b742500000,0x000000b742600000)]
  0x00000274d561c510 JavaThread "ForkJoinPool.commonPool-worker-6" daemon [_thread_blocked, id=21572, stack(0x000000b742600000,0x000000b742700000)]
  0x00000274d60e33d0 JavaThread "ForkJoinPool.commonPool-worker-8" daemon [_thread_blocked, id=1856, stack(0x000000b742700000,0x000000b742800000)]
  0x00000274d60e38e0 JavaThread "ForkJoinPool.commonPool-worker-7" daemon [_thread_blocked, id=22152, stack(0x000000b742800000,0x000000b742900000)]
  0x00000274d60e24a0 JavaThread "ForkJoinPool.commonPool-worker-10" daemon [_thread_blocked, id=22420, stack(0x000000b742a00000,0x000000b742b00000)]
  0x00000274d60e1570 JavaThread "ForkJoinPool.commonPool-worker-11" daemon [_thread_blocked, id=19484, stack(0x000000b742b00000,0x000000b742c00000)]
  0x00000274d60e1f90 JavaThread "Execution worker" [_thread_blocked, id=24192, stack(0x000000b743000000,0x000000b743100000)]
  0x00000274d60e1a80 JavaThread "Execution worker Thread 2" [_thread_blocked, id=21256, stack(0x000000b743100000,0x000000b743200000)]
  0x00000274d60e6670 JavaThread "Execution worker Thread 3" [_thread_blocked, id=21192, stack(0x000000b743200000,0x000000b743300000)]
  0x00000274d60e7fc0 JavaThread "Execution worker Thread 4" [_thread_blocked, id=22804, stack(0x000000b743300000,0x000000b743400000)]
  0x00000274d60e7ab0 JavaThread "Execution worker Thread 5" [_thread_blocked, id=26956, stack(0x000000b743400000,0x000000b743500000)]
  0x00000274d60e84d0 JavaThread "Execution worker Thread 6" [_thread_blocked, id=27260, stack(0x000000b743500000,0x000000b743600000)]
  0x00000274d60e89e0 JavaThread "Execution worker Thread 7" [_thread_in_Java, id=22276, stack(0x000000b743600000,0x000000b743700000)]
  0x00000274d60e75a0 JavaThread "Execution worker Thread 8" [_thread_blocked, id=27064, stack(0x000000b743700000,0x000000b743800000)]
  0x00000274d60e5740 JavaThread "Execution worker Thread 9" [_thread_blocked, id=25388, stack(0x000000b743800000,0x000000b743900000)]
  0x00000274d60e6160 JavaThread "Execution worker Thread 10" [_thread_blocked, id=6864, stack(0x000000b743900000,0x000000b743a00000)]
  0x00000274d60e6b80 JavaThread "Execution worker Thread 11" [_thread_in_native, id=26768, stack(0x000000b743a00000,0x000000b743b00000)]
  0x00000274d60e5c50 JavaThread "Cache worker for execution history cache (C:\Users\User\Desktop\EGCHAT NATIVA\egchat-mobile\node_modules\@react-native\gradle-plugin\.gradle\8.14.3\executionHistory)" [_thread_blocked, id=18720, stack(0x000000b743b00000,0x000000b743c00000)]
  0x00000274d60e7090 JavaThread "Cache worker for execution history cache (C:\Users\User\Desktop\EGCHAT NATIVA\egchat-mobile\node_modules\expo-modules-autolinking\android\expo-gradle-plugin\.gradle\8.14.3\executionHistory)" [_thread_blocked, id=27000, stack(0x000000b743c00000,0x000000b743d00000)]
  0x00000274d5204740 JavaThread "Unconstrained build operations Thread 75" [_thread_blocked, id=26532, stack(0x000000b743e00000,0x000000b743f00000)]
  0x00000274d5204230 JavaThread "Unconstrained build operations Thread 76" [_thread_blocked, id=25620, stack(0x000000b743f00000,0x000000b744000000)]
  0x00000274d5203300 JavaThread "Unconstrained build operations Thread 77" [_thread_blocked, id=24744, stack(0x000000b744000000,0x000000b744100000)]
  0x00000274d5201ec0 JavaThread "Unconstrained build operations Thread 78" [_thread_blocked, id=5880, stack(0x000000b744100000,0x000000b744200000)]
  0x00000274d5203d20 JavaThread "Unconstrained build operations Thread 79" [_thread_blocked, id=25280, stack(0x000000b744200000,0x000000b744300000)]
  0x00000274d52023d0 JavaThread "Unconstrained build operations Thread 80" [_thread_blocked, id=24264, stack(0x000000b744300000,0x000000b744400000)]
  0x00000274d5204c50 JavaThread "Unconstrained build operations Thread 81" [_thread_blocked, id=18816, stack(0x000000b744400000,0x000000b744500000)]
  0x00000274d52014a0 JavaThread "Unconstrained build operations Thread 82" [_thread_blocked, id=26460, stack(0x000000b744500000,0x000000b744600000)]
  0x00000274d5200f90 JavaThread "Unconstrained build operations Thread 83" [_thread_blocked, id=3428, stack(0x000000b744600000,0x000000b744700000)]
  0x00000274d5205160 JavaThread "Unconstrained build operations Thread 84" [_thread_blocked, id=22816, stack(0x000000b744700000,0x000000b744800000)]
  0x00000274d52019b0 JavaThread "Unconstrained build operations Thread 85" [_thread_blocked, id=21968, stack(0x000000b744800000,0x000000b744900000)]
  0x00000274d5205670 JavaThread "Unconstrained build operations Thread 86" [_thread_blocked, id=23264, stack(0x000000b744900000,0x000000b744a00000)]
  0x00000274d5206090 JavaThread "Unconstrained build operations Thread 87" [_thread_blocked, id=23324, stack(0x000000b744a00000,0x000000b744b00000)]
  0x00000274d5205b80 JavaThread "Unconstrained build operations Thread 88" [_thread_blocked, id=26856, stack(0x000000b744b00000,0x000000b744c00000)]
  0x00000274d52028e0 JavaThread "Unconstrained build operations Thread 89" [_thread_blocked, id=22544, stack(0x000000b744c00000,0x000000b744d00000)]
  0x00000274d52065a0 JavaThread "Unconstrained build operations Thread 90" [_thread_blocked, id=24520, stack(0x000000b744d00000,0x000000b744e00000)]
  0x00000274d5202df0 JavaThread "Unconstrained build operations Thread 91" [_thread_blocked, id=11820, stack(0x000000b744e00000,0x000000b744f00000)]
  0x00000274d5208910 JavaThread "Unconstrained build operations Thread 92" [_thread_blocked, id=27360, stack(0x000000b744f00000,0x000000b745000000)]
  0x00000274d5206ab0 JavaThread "Unconstrained build operations Thread 93" [_thread_blocked, id=26240, stack(0x000000b745000000,0x000000b745100000)]
  0x00000274d5206fc0 JavaThread "Unconstrained build operations Thread 94" [_thread_blocked, id=25564, stack(0x000000b745100000,0x000000b745200000)]
  0x00000274d52074d0 JavaThread "Unconstrained build operations Thread 95" [_thread_blocked, id=3344, stack(0x000000b745200000,0x000000b745300000)]
  0x00000274d52079e0 JavaThread "Unconstrained build operations Thread 96" [_thread_blocked, id=23420, stack(0x000000b745300000,0x000000b745400000)]
  0x00000274d5207ef0 JavaThread "Unconstrained build operations Thread 97" [_thread_blocked, id=24768, stack(0x000000b745400000,0x000000b745500000)]
  0x00000274d5208400 JavaThread "Unconstrained build operations Thread 98" [_thread_blocked, id=25596, stack(0x000000b745500000,0x000000b745600000)]
  0x00000274d71d3610 JavaThread "Unconstrained build operations Thread 99" [_thread_blocked, id=22988, stack(0x000000b745600000,0x000000b745700000)]
  0x00000274d71d2bf0 JavaThread "Unconstrained build operations Thread 100" [_thread_blocked, id=26028, stack(0x000000b745700000,0x000000b745800000)]
  0x00000274d71d3b20 JavaThread "Unconstrained build operations Thread 101" [_thread_blocked, id=10556, stack(0x000000b745800000,0x000000b745900000)]
  0x00000274d71d4540 JavaThread "Unconstrained build operations Thread 102" [_thread_blocked, id=26316, stack(0x000000b745900000,0x000000b745a00000)]
  0x00000274d71d26e0 JavaThread "Unconstrained build operations Thread 103" [_thread_blocked, id=21444, stack(0x000000b745a00000,0x000000b745b00000)]
  0x00000274d71d4030 JavaThread "Unconstrained build operations Thread 104" [_thread_blocked, id=27524, stack(0x000000b745b00000,0x000000b745c00000)]
  0x00000274d71d3100 JavaThread "Unconstrained build operations Thread 105" [_thread_blocked, id=23304, stack(0x000000b745c00000,0x000000b745d00000)]
  0x00000274d71d4a50 JavaThread "Unconstrained build operations Thread 106" [_thread_blocked, id=12704, stack(0x000000b745d00000,0x000000b745e00000)]
  0x00000274d71d4f60 JavaThread "Unconstrained build operations Thread 107" [_thread_blocked, id=24920, stack(0x000000b745e00000,0x000000b745f00000)]
  0x00000274d71d21d0 JavaThread "Unconstrained build operations Thread 108" [_thread_blocked, id=20840, stack(0x000000b745f00000,0x000000b746000000)]
  0x00000274d71d77e0 JavaThread "Unconstrained build operations Thread 109" [_thread_blocked, id=24172, stack(0x000000b746000000,0x000000b746100000)]
  0x00000274d71d5e90 JavaThread "Unconstrained build operations Thread 110" [_thread_blocked, id=17836, stack(0x000000b746100000,0x000000b746200000)]
  0x00000274d71d8710 JavaThread "Unconstrained build operations Thread 111" [_thread_blocked, id=27484, stack(0x000000b746200000,0x000000b746300000)]
  0x00000274d71d5470 JavaThread "Unconstrained build operations Thread 112" [_thread_blocked, id=8708, stack(0x000000b746300000,0x000000b746400000)]
  0x00000274d71d8c20 JavaThread "Unconstrained build operations Thread 113" [_thread_blocked, id=18440, stack(0x000000b746400000,0x000000b746500000)]
  0x00000274d71d5980 JavaThread "Unconstrained build operations Thread 114" [_thread_blocked, id=21040, stack(0x000000b746500000,0x000000b746600000)]
  0x00000274d71d8200 JavaThread "Unconstrained build operations Thread 115" [_thread_blocked, id=9748, stack(0x000000b746600000,0x000000b746700000)]
  0x00000274d71d9130 JavaThread "Unconstrained build operations Thread 116" [_thread_blocked, id=23568, stack(0x000000b746700000,0x000000b746800000)]
  0x00000274d71d7cf0 JavaThread "Unconstrained build operations Thread 117" [_thread_blocked, id=24800, stack(0x000000b746800000,0x000000b746900000)]
  0x00000274d71d6dc0 JavaThread "Unconstrained build operations Thread 118" [_thread_blocked, id=26508, stack(0x000000b746900000,0x000000b746a00000)]
  0x00000274d71d9640 JavaThread "Unconstrained build operations Thread 119" [_thread_blocked, id=27520, stack(0x000000b746a00000,0x000000b746b00000)]
  0x00000274d71d63a0 JavaThread "Unconstrained build operations Thread 120" [_thread_blocked, id=19204, stack(0x000000b746b00000,0x000000b746c00000)]
  0x00000274d71d68b0 JavaThread "jar transforms Thread 2" [_thread_blocked, id=17632, stack(0x000000b743d00000,0x000000b743e00000)]
  0x00000274ddb71470 JavaThread "Cache worker for Build Output Cleanup Cache (C:\Users\User\Desktop\EGCHAT NATIVA\egchat-mobile\node_modules\expo-dev-launcher\expo-dev-launcher-gradle-plugin\.gradle\buildOutputCleanup)" [_thread_blocked, id=26868, stack(0x000000b746c00000,0x000000b746d00000)]
  0x00000274ddb70030 JavaThread "Cache worker for Build Output Cleanup Cache (C:\Users\User\Desktop\EGCHAT NATIVA\egchat-mobile\node_modules\expo-modules-core\expo-module-gradle-plugin\.gradle\buildOutputCleanup)" [_thread_blocked, id=5304, stack(0x000000b746d00000,0x000000b746e00000)]
  0x00000274ddb70a50 JavaThread "Cache worker for Build Output Cleanup Cache (C:\Users\User\Desktop\EGCHAT NATIVA\egchat-mobile\node_modules\expo-updates\expo-updates-gradle-plugin\.gradle\buildOutputCleanup)" [_thread_blocked, id=23332, stack(0x000000b746e00000,0x000000b746f00000)]
  0x00000274ddb70f60 JavaThread "build event listener" [_thread_blocked, id=10148, stack(0x000000b747100000,0x000000b747200000)]
  0x00000274ddb737e0 JavaThread "build event listener" [_thread_blocked, id=26740, stack(0x000000b747200000,0x000000b747300000)]
  0x00000274ddb74710 JavaThread "build event listener" [_thread_blocked, id=21788, stack(0x000000b747300000,0x000000b747400000)]
  0x00000274ddb73cf0 JavaThread "jar transforms Thread 3" [_thread_blocked, id=27516, stack(0x000000b747000000,0x000000b747100000)]
  0x00000274ddb71980 JavaThread "Cache worker for execution history cache (C:\Users\User\Desktop\EGCHAT NATIVA\egchat-mobile\node_modules\expo-dev-launcher\expo-dev-launcher-gradle-plugin\.gradle\8.14.3\executionHistory)" [_thread_blocked, id=24656, stack(0x000000b747800000,0x000000b747900000)]
  0x00000274ddb75640 JavaThread "Cache worker for execution history cache (C:\Users\User\Desktop\EGCHAT NATIVA\egchat-mobile\node_modules\expo-modules-core\expo-module-gradle-plugin\.gradle\8.14.3\executionHistory)" [_thread_blocked, id=22516, stack(0x000000b747900000,0x000000b747a00000)]
  0x00000274ddb71e90 JavaThread "Cache worker for execution history cache (C:\Users\User\Desktop\EGCHAT NATIVA\egchat-mobile\node_modules\expo-updates\expo-updates-gradle-plugin\.gradle\8.14.3\executionHistory)" [_thread_blocked, id=9388, stack(0x000000b747a00000,0x000000b747b00000)]
  0x00000274ddb75b50 JavaThread "jar transforms Thread 4" [_thread_blocked, id=24716, stack(0x000000b747b00000,0x000000b747c00000)]
  0x00000274ddb76570 JavaThread "Problems report writer" [_thread_blocked, id=20704, stack(0x000000b747c00000,0x000000b747d00000)]
  0x00000274ddb76f90 JavaThread "jar transforms Thread 5" [_thread_blocked, id=21952, stack(0x000000b747d00000,0x000000b747e00000)]
  0x00000274ddb774a0 JavaThread "jar transforms Thread 6" [_thread_blocked, id=6408, stack(0x000000b747e00000,0x000000b747f00000)]
  0x00000274d75e9160 JavaThread "build event listener" [_thread_blocked, id=192, stack(0x000000b747400000,0x000000b747500000)]
  0x00000274d75e9670 JavaThread "jar transforms Thread 7" [_thread_blocked, id=21468, stack(0x000000b748100000,0x000000b748200000)]
  0x00000274d75ed330 JavaThread "jar transforms Thread 8" [_thread_blocked, id=27204, stack(0x000000b748200000,0x000000b748300000)]
  0x00000274d75e9b80 JavaThread "jar transforms Thread 9" [_thread_blocked, id=20436, stack(0x000000b748300000,0x000000b748400000)]
  0x00000274d75ece20 JavaThread "jar transforms Thread 10" [_thread_blocked, id=15988, stack(0x000000b748400000,0x000000b748500000)]
  0x00000274d75eafc0 JavaThread "jar transforms Thread 11" [_thread_blocked, id=19576, stack(0x000000b748500000,0x000000b748600000)]
  0x00000274d75ed840 JavaThread "jar transforms Thread 12" [_thread_blocked, id=27564, stack(0x000000b748600000,0x000000b748700000)]
  0x00000274d75ef190 JavaThread "ForkJoinPool.commonPool-worker-12" daemon [_thread_blocked, id=19736, stack(0x000000b739600000,0x000000b739700000)]
  0x00000274d75f47a0 JavaThread "pool-3-thread-1" [_thread_blocked, id=25360, stack(0x000000b739700000,0x000000b739800000)]
  0x00000274d75f6600 JavaThread "build event listener" [_thread_blocked, id=21908, stack(0x000000b739800000,0x000000b739900000)]
  0x00000274d75f56d0 JavaThread "included builds Thread 7" [_thread_blocked, id=20644, stack(0x000000b73fa00000,0x000000b73fb00000)]
  0x00000274d75f5be0 JavaThread "Cache worker for execution history cache (C:\Users\User\Desktop\EGCHAT NATIVA\egchat-mobile\android\.gradle\8.14.3\executionHistory)" [_thread_blocked, id=24220, stack(0x000000b742d00000,0x000000b742e00000)]
  0x00000274d75f7a40 JavaThread "Exec process Thread 4" [_thread_in_native, id=3056, stack(0x000000b742f00000,0x000000b743000000)]
  0x00000274d60e1060 JavaThread "Exec process Thread 5" [_thread_in_native, id=25988, stack(0x000000b746f00000,0x000000b747000000)]
  0x00000274d60e2ec0 JavaThread "Exec process Thread 6" [_thread_in_native, id=26680, stack(0x000000b747500000,0x000000b747600000)]
  0x00000274d71d9b50 JavaThread "WorkerExecutor Queue" [_thread_in_native, id=24480, stack(0x000000b748a00000,0x000000b748b00000)]
  0x00000274d702bfe0 JavaThread "WorkerExecutor Queue Thread 2" [_thread_blocked, id=9044, stack(0x000000b748b00000,0x000000b748c00000)]
  0x00000274d702a690 JavaThread "WorkerExecutor Queue Thread 3" [_thread_in_native, id=23456, stack(0x000000b748c00000,0x000000b748d00000)]
  0x00000274d7028830 JavaThread "WorkerExecutor Queue Thread 4" [_thread_in_native, id=9360, stack(0x000000b748e00000,0x000000b748f00000)]
  0x00000274d702ca00 JavaThread "Cache worker for Java compile cache (C:\Users\User\.gradle\caches\8.14.3\javaCompile)" [_thread_blocked, id=20908, stack(0x000000b748900000,0x000000b748a00000)]
  0x00000274d7029760 JavaThread "WorkerExecutor Queue Thread 5" [_thread_in_native, id=21852, stack(0x000000b749000000,0x000000b749100000)]
  0x00000274d702c4f0 JavaThread "WorkerExecutor Queue Thread 6" [_thread_in_native, id=1192, stack(0x000000b749100000,0x000000b749200000)]
  0x00000274d702a180 JavaThread "WorkerExecutor Queue Thread 7" [_thread_in_native, id=25924, stack(0x000000b749200000,0x000000b749300000)]
  0x00000274d7029c70 JavaThread "WorkerExecutor Queue Thread 8" [_thread_blocked, id=26712, stack(0x000000b749300000,0x000000b749400000)]
  0x00000274d702aba0 JavaThread "WorkerExecutor Queue Thread 9" [_thread_blocked, id=23020, stack(0x000000b749400000,0x000000b749500000)]
  0x00000274d7029250 JavaThread "WorkerExecutor Queue Thread 10" [_thread_blocked, id=18372, stack(0x000000b749500000,0x000000b749600000)]
  0x00000274d702cf10 JavaThread "WorkerExecutor Queue Thread 11" [_thread_in_native, id=22220, stack(0x000000b749800000,0x000000b749900000)]
  0x00000274d702d420 JavaThread "Build operations" [_thread_blocked, id=27120, stack(0x000000b749900000,0x000000b749a00000)]
  0x00000274d702e860 JavaThread "Build operations Thread 2" [_thread_blocked, id=21840, stack(0x000000b749a00000,0x000000b749b00000)]
  0x00000274d702bad0 JavaThread "Build operations Thread 3" [_thread_blocked, id=3728, stack(0x000000b749b00000,0x000000b749c00000)]
  0x00000274d702ed70 JavaThread "Build operations Thread 4" [_thread_blocked, id=20584, stack(0x000000b749c00000,0x000000b749d00000)]
  0x00000274d702b5c0 JavaThread "Build operations Thread 5" [_thread_blocked, id=25072, stack(0x000000b749d00000,0x000000b749e00000)]
  0x00000274d702f790 JavaThread "Build operations Thread 6" [_thread_blocked, id=26268, stack(0x000000b749e00000,0x000000b749f00000)]
  0x00000274d7032520 JavaThread "Build operations Thread 7" [_thread_blocked, id=22952, stack(0x000000b749f00000,0x000000b74a000000)]
  0x00000274d702fca0 JavaThread "Build operations Thread 8" [_thread_blocked, id=27628, stack(0x000000b74a000000,0x000000b74a100000)]
  0x00000274d70301b0 JavaThread "Build operations Thread 9" [_thread_blocked, id=26516, stack(0x000000b74a100000,0x000000b74a200000)]
  0x00000274d70315f0 JavaThread "Build operations Thread 10" [_thread_blocked, id=26732, stack(0x000000b74a200000,0x000000b74a300000)]
  0x00000274d7031b00 JavaThread "Build operations Thread 11" [_thread_blocked, id=21668, stack(0x000000b74a300000,0x000000b74a400000)]
  0x00000274d702f280 JavaThread "WorkerExecutor Queue Thread 12" [_thread_blocked, id=21220, stack(0x000000b74a400000,0x000000b74a500000)]
  0x00000274d7033960 JavaThread "Build operations Thread 12" [_thread_blocked, id=18044, stack(0x000000b74a600000,0x000000b74a700000)]
  0x00000274d60e4300 JavaThread "RMI Scheduler(0)" daemon [_thread_blocked, id=26456, stack(0x000000b748f00000,0x000000b749000000)]
  0x00000274d70306c0 JavaThread "RMI RenewClean-[127.0.0.1:17571,org.jetbrains.kotlin.daemon.common.LoopbackNetworkInterface$ClientLoopbackSocketFactory@2a6586dd]" daemon [_thread_blocked, id=27612, stack(0x000000b74a500000,0x000000b74a600000)]
  0x00000274d7034380 JavaThread "RMI GC Daemon" daemon [_thread_blocked, id=5448, stack(0x000000b74a700000,0x000000b74a800000)]
  0x00000274d7030bd0 JavaThread "RMI RenewClean-[127.0.0.1:17571,org.jetbrains.kotlin.daemon.common.LoopbackNetworkInterface$ClientLoopbackSocketFactory@219572cc]" daemon [_thread_blocked, id=12692, stack(0x000000b74a800000,0x000000b74a900000)]
  0x00000274d7034da0 JavaThread "RMI RenewClean-[127.0.0.1:17571,org.jetbrains.kotlin.daemon.common.LoopbackNetworkInterface$ClientLoopbackSocketFactory@5b19c21c]" daemon [_thread_blocked, id=27156, stack(0x000000b74a900000,0x000000b74aa00000)]
  0x00000274d70361e0 JavaThread "RMI RenewClean-[127.0.0.1:17571,org.jetbrains.kotlin.daemon.common.LoopbackNetworkInterface$ClientLoopbackSocketFactory@1ac9b651]" daemon [_thread_blocked, id=26436, stack(0x000000b74aa00000,0x000000b74ab00000)]
  0x00000274d70357c0 JavaThread "RMI RenewClean-[127.0.0.1:17571,org.jetbrains.kotlin.daemon.common.LoopbackNetworkInterface$ClientLoopbackSocketFactory@2612c78f]" daemon [_thread_blocked, id=6696, stack(0x000000b74ab00000,0x000000b74ac00000)]
  0x00000274d7035cd0 JavaThread "RMI TCP Accept-0" daemon [_thread_in_native, id=27240, stack(0x000000b74ac00000,0x000000b74ad00000)]
  0x00000274d7034890 JavaThread "RMI Reaper" [_thread_blocked, id=6336, stack(0x000000b74ad00000,0x000000b74ae00000)]
  0x00000274d7037b30 JavaThread "RMI RenewClean-[127.0.0.1:17571,org.jetbrains.kotlin.daemon.common.LoopbackNetworkInterface$ClientLoopbackSocketFactory@64f5334d]" daemon [_thread_blocked, id=21216, stack(0x000000b74ae00000,0x000000b74af00000)]
  0x00000274d70366f0 JavaThread "RMI RenewClean-[127.0.0.1:17571,org.jetbrains.kotlin.daemon.common.LoopbackNetworkInterface$ClientLoopbackSocketFactory@3c437dad]" daemon [_thread_blocked, id=18184, stack(0x000000b74af00000,0x000000b74b000000)]
  0x00000274de1dca80 JavaThread "RMI TCP Connection(idle)" daemon [_thread_blocked, id=22672, stack(0x000000b74b000000,0x000000b74b100000)]
  0x00000274de1db130 JavaThread "RMI TCP Connection(idle)" daemon [_thread_blocked, id=21684, stack(0x000000b74b100000,0x000000b74b200000)]
  0x00000274de1db640 JavaThread "RMI TCP Connection(idle)" daemon [_thread_blocked, id=25028, stack(0x000000b74b200000,0x000000b74b300000)]
  0x00000274de1dbb50 JavaThread "RMI TCP Connection(idle)" daemon [_thread_blocked, id=26564, stack(0x000000b74b300000,0x000000b74b400000)]
  0x00000274de1dc060 JavaThread "RMI TCP Connection(idle)" daemon [_thread_blocked, id=19016, stack(0x000000b74b400000,0x000000b74b500000)]
  0x00000274de1dc570 JavaThread "RMI TCP Connection(idle)" daemon [_thread_blocked, id=5560, stack(0x000000b74b500000,0x000000b74b600000)]
  0x00000274deb829a0 JavaThread "RMI TCP Connection(idle)" daemon [_thread_blocked, id=25068, stack(0x000000b74b600000,0x000000b74b700000)]
  0x00000274de11cb10 JavaThread "C2 CompilerThread1" daemon [_thread_in_native, id=22224, stack(0x000000b742100000,0x000000b742200000)]

Other Threads:
  0x00000274b0e82ba0 VMThread "VM Thread" [stack: 0x000000b739f00000,0x000000b73a000000] [id=19692]
  0x00000274b1a0d1f0 WatcherThread [stack: 0x000000b73ab00000,0x000000b73ac00000] [id=26720]
  0x000002749230ea20 GCTaskThread "GC Thread#0" [stack: 0x000000b739a00000,0x000000b739b00000] [id=22044]
  0x00000274d147d570 GCTaskThread "GC Thread#1" [stack: 0x000000b73ae00000,0x000000b73af00000] [id=26484]
  0x00000274d111a330 GCTaskThread "GC Thread#2" [stack: 0x000000b73af00000,0x000000b73b000000] [id=21368]
  0x00000274d166e7c0 GCTaskThread "GC Thread#3" [stack: 0x000000b73b000000,0x000000b73b100000] [id=25684]
  0x00000274d19efb90 GCTaskThread "GC Thread#4" [stack: 0x000000b73b100000,0x000000b73b200000] [id=25652]
  0x00000274d26a1cf0 GCTaskThread "GC Thread#5" [stack: 0x000000b73ad00000,0x000000b73ae00000] [id=23056]
  0x00000274d3c61c70 GCTaskThread "GC Thread#6" [stack: 0x000000b73bf00000,0x000000b73c000000] [id=7456]
  0x00000274d3c61f30 GCTaskThread "GC Thread#7" [stack: 0x000000b73c000000,0x000000b73c100000] [id=25204]
  0x00000274d3c62770 GCTaskThread "GC Thread#8" [stack: 0x000000b73c100000,0x000000b73c200000] [id=25100]
  0x00000274d3c61170 GCTaskThread "GC Thread#9" [stack: 0x000000b73c200000,0x000000b73c300000] [id=22232]
  0x000002749231f880 ConcurrentGCThread "G1 Main Marker" [stack: 0x000000b739b00000,0x000000b739c00000] [id=26804]
  0x00000274923211c0 ConcurrentGCThread "G1 Conc#0" [stack: 0x000000b739c00000,0x000000b739d00000] [id=22280]
  0x00000274d3c616f0 ConcurrentGCThread "G1 Conc#1" [stack: 0x000000b73c500000,0x000000b73c600000] [id=21768]
  0x00000274d3c624b0 ConcurrentGCThread "G1 Conc#2" [stack: 0x000000b73c600000,0x000000b73c700000] [id=25168]
  0x00000274b0d3b9f0 ConcurrentGCThread "G1 Refine#0" [stack: 0x000000b739d00000,0x000000b739e00000] [id=9556]
  0x00000274d6dede30 ConcurrentGCThread "G1 Refine#1" [stack: 0x000000b740800000,0x000000b740900000] [id=18716]
  0x00000274d842d4a0 ConcurrentGCThread "G1 Refine#2" [stack: 0x000000b742900000,0x000000b742a00000] [id=20368]
  0x00000274d3ff1810 ConcurrentGCThread "G1 Refine#3" [stack: 0x000000b742c00000,0x000000b742d00000] [id=26308]
  0x000002749233e930 ConcurrentGCThread "G1 Service" [stack: 0x000000b739e00000,0x000000b739f00000] [id=26388]

Threads with active compile tasks:
C2 CompilerThread0  203494 36279       4       com.android.tools.r8.internal.K9::a (1828 bytes)
C1 CompilerThread0  203494 36447       2       com.android.tools.r8.internal.O5::a (188 bytes)
C2 CompilerThread1  203494 36096       4       com.android.tools.r8.internal.nB::a (3928 bytes)

VM state: not at safepoint (normal execution)

VM Mutex/Monitor currently owned by a thread: None

Heap address: 0x0000000080000000, size: 2048 MB, Compressed Oops mode: 32-bit

CDS archive(s) mapped at: [0x00000274b2000000-0x00000274b2bb0000-0x00000274b2bb0000), size 12255232, SharedBaseAddress: 0x00000274b2000000, ArchiveRelocationMode: 1.
Compressed class space mapped at: 0x00000274b3000000-0x00000274cd000000, reserved size: 436207616
Narrow klass base: 0x00000274b2000000, Narrow klass shift: 0, Narrow klass range: 0x100000000

GC Precious Log:
 CPUs: 12 total, 12 available
 Memory: 7883M
 Large Page Support: Disabled
 NUMA Support: Disabled
 Compressed Oops: Enabled (32-bit)
 Heap Region Size: 1M
 Heap Min Capacity: 8M
 Heap Initial Capacity: 124M
 Heap Max Capacity: 2G
 Pre-touch: Disabled
 Parallel Workers: 10
 Concurrent Workers: 3
 Concurrent Refinement Workers: 10
 Periodic GC: Disabled

Heap:
 garbage-first heap   total 887808K, used 583114K [0x0000000080000000, 0x0000000100000000)
  region size 1024K, 53 young (54272K), 27 survivors (27648K)
 Metaspace       used 185525K, committed 188416K, reserved 622592K
  class space    used 25260K, committed 26560K, reserved 425984K

Heap Regions: E=young(eden), S=young(survivor), O=old, HS=humongous(starts), HC=humongous(continues), CS=collection set, F=free, OA=open archive, CA=closed archive, TAMS=top-at-mark-start (previous, next)
|   0|0x0000000080000000, 0x0000000080100000, 0x0000000080100000|100%|HS|  |TAMS 0x0000000080100000, 0x0000000080000000| Complete 
|   1|0x0000000080100000, 0x0000000080200000, 0x0000000080200000|100%|HC|  |TAMS 0x0000000080200000, 0x0000000080100000| Complete 
|   2|0x0000000080200000, 0x0000000080300000, 0x0000000080300000|100%|HC|  |TAMS 0x0000000080300000, 0x0000000080200000| Complete 
|   3|0x0000000080300000, 0x0000000080400000, 0x0000000080400000|100%| O|  |TAMS 0x0000000080400000, 0x0000000080300000| Untracked 
|   4|0x0000000080400000, 0x0000000080500000, 0x0000000080500000|100%| O|  |TAMS 0x0000000080500000, 0x0000000080400000| Untracked 
|   5|0x0000000080500000, 0x0000000080600000, 0x0000000080600000|100%| O|  |TAMS 0x0000000080600000, 0x0000000080500000| Untracked 
|   6|0x0000000080600000, 0x0000000080700000, 0x0000000080700000|100%|HS|  |TAMS 0x0000000080700000, 0x0000000080600000| Complete 
|   7|0x0000000080700000, 0x0000000080800000, 0x0000000080800000|100%| O|  |TAMS 0x0000000080800000, 0x0000000080700000| Untracked 
|   8|0x0000000080800000, 0x0000000080900000, 0x0000000080900000|100%| O|  |TAMS 0x0000000080900000, 0x0000000080800000| Untracked 
|   9|0x0000000080900000, 0x0000000080a00000, 0x0000000080a00000|100%| O|  |TAMS 0x0000000080a00000, 0x0000000080900000| Untracked 
|  10|0x0000000080a00000, 0x0000000080b00000, 0x0000000080b00000|100%| O|  |TAMS 0x0000000080b00000, 0x0000000080a00000| Untracked 
|  11|0x0000000080b00000, 0x0000000080c00000, 0x0000000080c00000|100%| O|  |TAMS 0x0000000080c00000, 0x0000000080b00000| Untracked 
|  12|0x0000000080c00000, 0x0000000080d00000, 0x0000000080d00000|100%| O|  |TAMS 0x0000000080d00000, 0x0000000080c00000| Untracked 
|  13|0x0000000080d00000, 0x0000000080e00000, 0x0000000080e00000|100%| O|  |TAMS 0x0000000080e00000, 0x0000000080d00000| Untracked 
|  14|0x0000000080e00000, 0x0000000080f00000, 0x0000000080f00000|100%| O|  |TAMS 0x0000000080f00000, 0x0000000080e00000| Untracked 
|  15|0x0000000080f00000, 0x0000000080ff4e00, 0x0000000081000000| 95%| O|  |TAMS 0x0000000080ff4e00, 0x0000000080f00000| Untracked 
|  16|0x0000000081000000, 0x0000000081100000, 0x0000000081100000|100%| O|  |TAMS 0x0000000081100000, 0x0000000081000000| Untracked 
|  17|0x0000000081100000, 0x0000000081200000, 0x0000000081200000|100%| O|  |TAMS 0x0000000081200000, 0x0000000081100000| Untracked 
|  18|0x0000000081200000, 0x0000000081300000, 0x0000000081300000|100%| O|  |TAMS 0x0000000081300000, 0x0000000081200000| Untracked 
|  19|0x0000000081300000, 0x0000000081400000, 0x0000000081400000|100%| O|  |TAMS 0x0000000081400000, 0x0000000081300000| Untracked 
|  20|0x0000000081400000, 0x0000000081500000, 0x0000000081500000|100%| O|  |TAMS 0x0000000081500000, 0x0000000081400000| Untracked 
|  21|0x0000000081500000, 0x0000000081600000, 0x0000000081600000|100%| O|  |TAMS 0x0000000081600000, 0x0000000081500000| Untracked 
|  22|0x0000000081600000, 0x0000000081700000, 0x0000000081700000|100%| O|  |TAMS 0x0000000081700000, 0x0000000081600000| Untracked 
|  23|0x0000000081700000, 0x0000000081800000, 0x0000000081800000|100%| O|  |TAMS 0x0000000081800000, 0x0000000081700000| Untracked 
|  24|0x0000000081800000, 0x0000000081900000, 0x0000000081900000|100%| O|  |TAMS 0x0000000081900000, 0x0000000081800000| Untracked 
|  25|0x0000000081900000, 0x0000000081a00000, 0x0000000081a00000|100%| O|  |TAMS 0x0000000081a00000, 0x0000000081900000| Untracked 
|  26|0x0000000081a00000, 0x0000000081b00000, 0x0000000081b00000|100%| O|  |TAMS 0x0000000081b00000, 0x0000000081a00000| Untracked 
|  27|0x0000000081b00000, 0x0000000081c00000, 0x0000000081c00000|100%| O|  |TAMS 0x0000000081c00000, 0x0000000081b00000| Untracked 
|  28|0x0000000081c00000, 0x0000000081d00000, 0x0000000081d00000|100%| O|  |TAMS 0x0000000081d00000, 0x0000000081c00000| Untracked 
|  29|0x0000000081d00000, 0x0000000081e00000, 0x0000000081e00000|100%| O|  |TAMS 0x0000000081e00000, 0x0000000081d00000| Untracked 
|  30|0x0000000081e00000, 0x0000000081f00000, 0x0000000081f00000|100%| O|  |TAMS 0x0000000081f00000, 0x0000000081e00000| Untracked 
|  31|0x0000000081f00000, 0x0000000082000000, 0x0000000082000000|100%| O|  |TAMS 0x0000000082000000, 0x0000000081f00000| Untracked 
|  32|0x0000000082000000, 0x0000000082100000, 0x0000000082100000|100%| O|  |TAMS 0x0000000082100000, 0x0000000082000000| Untracked 
|  33|0x0000000082100000, 0x0000000082200000, 0x0000000082200000|100%| O|  |TAMS 0x0000000082200000, 0x0000000082100000| Untracked 
|  34|0x0000000082200000, 0x0000000082300000, 0x0000000082300000|100%| O|  |TAMS 0x0000000082300000, 0x0000000082200000| Untracked 
|  35|0x0000000082300000, 0x0000000082400000, 0x0000000082400000|100%| O|  |TAMS 0x0000000082400000, 0x0000000082300000| Untracked 
|  36|0x0000000082400000, 0x0000000082500000, 0x0000000082500000|100%| O|  |TAMS 0x0000000082500000, 0x0000000082400000| Untracked 
|  37|0x0000000082500000, 0x0000000082600000, 0x0000000082600000|100%| O|  |TAMS 0x0000000082600000, 0x0000000082500000| Untracked 
|  38|0x0000000082600000, 0x0000000082700000, 0x0000000082700000|100%| O|  |TAMS 0x0000000082700000, 0x0000000082600000| Untracked 
|  39|0x0000000082700000, 0x0000000082800000, 0x0000000082800000|100%| O|  |TAMS 0x0000000082800000, 0x0000000082700000| Untracked 
|  40|0x0000000082800000, 0x0000000082900000, 0x0000000082900000|100%| O|  |TAMS 0x0000000082900000, 0x0000000082800000| Untracked 
|  41|0x0000000082900000, 0x0000000082a00000, 0x0000000082a00000|100%| O|  |TAMS 0x0000000082a00000, 0x0000000082900000| Untracked 
|  42|0x0000000082a00000, 0x0000000082b00000, 0x0000000082b00000|100%| O|  |TAMS 0x0000000082b00000, 0x0000000082a00000| Untracked 
|  43|0x0000000082b00000, 0x0000000082c00000, 0x0000000082c00000|100%| O|  |TAMS 0x0000000082c00000, 0x0000000082b00000| Untracked 
|  44|0x0000000082c00000, 0x0000000082d00000, 0x0000000082d00000|100%| O|  |TAMS 0x0000000082d00000, 0x0000000082c00000| Untracked 
|  45|0x0000000082d00000, 0x0000000082e00000, 0x0000000082e00000|100%| O|  |TAMS 0x0000000082e00000, 0x0000000082d00000| Untracked 
|  46|0x0000000082e00000, 0x0000000082f00000, 0x0000000082f00000|100%| O|  |TAMS 0x0000000082f00000, 0x0000000082e00000| Untracked 
|  47|0x0000000082f00000, 0x0000000083000000, 0x0000000083000000|100%|HS|  |TAMS 0x0000000083000000, 0x0000000082f00000| Complete 
|  48|0x0000000083000000, 0x0000000083100000, 0x0000000083100000|100%|HC|  |TAMS 0x0000000083100000, 0x0000000083000000| Complete 
|  49|0x0000000083100000, 0x0000000083200000, 0x0000000083200000|100%|HC|  |TAMS 0x0000000083200000, 0x0000000083100000| Complete 
|  50|0x0000000083200000, 0x0000000083300000, 0x0000000083300000|100%|HS|  |TAMS 0x0000000083300000, 0x0000000083200000| Complete 
|  51|0x0000000083300000, 0x0000000083400000, 0x0000000083400000|100%|HC|  |TAMS 0x0000000083400000, 0x0000000083300000| Complete 
|  52|0x0000000083400000, 0x0000000083500000, 0x0000000083500000|100%|HC|  |TAMS 0x0000000083500000, 0x0000000083400000| Complete 
|  53|0x0000000083500000, 0x0000000083600000, 0x0000000083600000|100%| O|  |TAMS 0x0000000083600000, 0x0000000083500000| Untracked 
|  54|0x0000000083600000, 0x0000000083700000, 0x0000000083700000|100%| O|  |TAMS 0x0000000083700000, 0x0000000083600000| Untracked 
|  55|0x0000000083700000, 0x0000000083800000, 0x0000000083800000|100%| O|  |TAMS 0x0000000083800000, 0x0000000083700000| Untracked 
|  56|0x0000000083800000, 0x0000000083900000, 0x0000000083900000|100%| O|  |TAMS 0x0000000083900000, 0x0000000083800000| Untracked 
|  57|0x0000000083900000, 0x0000000083a00000, 0x0000000083a00000|100%| O|  |TAMS 0x0000000083a00000, 0x0000000083900000| Untracked 
|  58|0x0000000083a00000, 0x0000000083b00000, 0x0000000083b00000|100%| O|  |TAMS 0x0000000083b00000, 0x0000000083a00000| Untracked 
|  59|0x0000000083b00000, 0x0000000083c00000, 0x0000000083c00000|100%| O|  |TAMS 0x0000000083c00000, 0x0000000083b00000| Untracked 
|  60|0x0000000083c00000, 0x0000000083d00000, 0x0000000083d00000|100%| O|  |TAMS 0x0000000083d00000, 0x0000000083c00000| Untracked 
|  61|0x0000000083d00000, 0x0000000083e00000, 0x0000000083e00000|100%| O|  |TAMS 0x0000000083e00000, 0x0000000083d00000| Untracked 
|  62|0x0000000083e00000, 0x0000000083f00000, 0x0000000083f00000|100%| O|  |TAMS 0x0000000083f00000, 0x0000000083e00000| Untracked 
|  63|0x0000000083f00000, 0x0000000084000000, 0x0000000084000000|100%| O|  |TAMS 0x0000000084000000, 0x0000000083f00000| Untracked 
|  64|0x0000000084000000, 0x0000000084100000, 0x0000000084100000|100%| O|  |TAMS 0x0000000084100000, 0x0000000084000000| Untracked 
|  65|0x0000000084100000, 0x0000000084200000, 0x0000000084200000|100%| O|  |TAMS 0x0000000084200000, 0x0000000084100000| Untracked 
|  66|0x0000000084200000, 0x0000000084300000, 0x0000000084300000|100%| O|  |TAMS 0x0000000084300000, 0x0000000084200000| Untracked 
|  67|0x0000000084300000, 0x0000000084400000, 0x0000000084400000|100%| O|  |TAMS 0x0000000084400000, 0x0000000084300000| Untracked 
|  68|0x0000000084400000, 0x0000000084500000, 0x0000000084500000|100%| O|  |TAMS 0x0000000084500000, 0x0000000084400000| Untracked 
|  69|0x0000000084500000, 0x0000000084600000, 0x0000000084600000|100%| O|  |TAMS 0x0000000084600000, 0x0000000084500000| Untracked 
|  70|0x0000000084600000, 0x0000000084700000, 0x0000000084700000|100%| O|  |TAMS 0x0000000084700000, 0x0000000084600000| Untracked 
|  71|0x0000000084700000, 0x0000000084800000, 0x0000000084800000|100%| O|  |TAMS 0x0000000084800000, 0x0000000084700000| Untracked 
|  72|0x0000000084800000, 0x0000000084900000, 0x0000000084900000|100%| O|  |TAMS 0x0000000084900000, 0x0000000084800000| Untracked 
|  73|0x0000000084900000, 0x0000000084a00000, 0x0000000084a00000|100%| O|  |TAMS 0x0000000084a00000, 0x0000000084900000| Untracked 
|  74|0x0000000084a00000, 0x0000000084b00000, 0x0000000084b00000|100%| O|  |TAMS 0x0000000084b00000, 0x0000000084a00000| Untracked 
|  75|0x0000000084b00000, 0x0000000084c00000, 0x0000000084c00000|100%| O|  |TAMS 0x0000000084c00000, 0x0000000084b00000| Untracked 
|  76|0x0000000084c00000, 0x0000000084d00000, 0x0000000084d00000|100%| O|  |TAMS 0x0000000084d00000, 0x0000000084c00000| Untracked 
|  77|0x0000000084d00000, 0x0000000084e00000, 0x0000000084e00000|100%| O|  |TAMS 0x0000000084e00000, 0x0000000084d00000| Untracked 
|  78|0x0000000084e00000, 0x0000000084f00000, 0x0000000084f00000|100%|HS|  |TAMS 0x0000000084f00000, 0x0000000084e00000| Complete 
|  79|0x0000000084f00000, 0x0000000085000000, 0x0000000085000000|100%|HC|  |TAMS 0x0000000085000000, 0x0000000084f00000| Complete 
|  80|0x0000000085000000, 0x0000000085100000, 0x0000000085100000|100%|HS|  |TAMS 0x0000000085100000, 0x0000000085000000| Complete 
|  81|0x0000000085100000, 0x0000000085200000, 0x0000000085200000|100%|HC|  |TAMS 0x0000000085200000, 0x0000000085100000| Complete 
|  82|0x0000000085200000, 0x0000000085300000, 0x0000000085300000|100%|HS|  |TAMS 0x0000000085300000, 0x0000000085200000| Complete 
|  83|0x0000000085300000, 0x0000000085400000, 0x0000000085400000|100%|HC|  |TAMS 0x0000000085400000, 0x0000000085300000| Complete 
|  84|0x0000000085400000, 0x0000000085500000, 0x0000000085500000|100%|HC|  |TAMS 0x0000000085500000, 0x0000000085400000| Complete 
|  85|0x0000000085500000, 0x0000000085600000, 0x0000000085600000|100%| O|  |TAMS 0x0000000085600000, 0x0000000085500000| Untracked 
|  86|0x0000000085600000, 0x0000000085700000, 0x0000000085700000|100%| O|  |TAMS 0x0000000085700000, 0x0000000085600000| Untracked 
|  87|0x0000000085700000, 0x0000000085800000, 0x0000000085800000|100%| O|  |TAMS 0x0000000085800000, 0x0000000085700000| Untracked 
|  88|0x0000000085800000, 0x0000000085900000, 0x0000000085900000|100%| O|  |TAMS 0x0000000085900000, 0x0000000085800000| Untracked 
|  89|0x0000000085900000, 0x0000000085a00000, 0x0000000085a00000|100%| O|  |TAMS 0x0000000085a00000, 0x0000000085900000| Untracked 
|  90|0x0000000085a00000, 0x0000000085b00000, 0x0000000085b00000|100%| O|  |TAMS 0x0000000085b00000, 0x0000000085a00000| Untracked 
|  91|0x0000000085b00000, 0x0000000085c00000, 0x0000000085c00000|100%|HS|  |TAMS 0x0000000085c00000, 0x0000000085b00000| Complete 
|  92|0x0000000085c00000, 0x0000000085d00000, 0x0000000085d00000|100%|HC|  |TAMS 0x0000000085d00000, 0x0000000085c00000| Complete 
|  93|0x0000000085d00000, 0x0000000085e00000, 0x0000000085e00000|100%|HC|  |TAMS 0x0000000085e00000, 0x0000000085d00000| Complete 
|  94|0x0000000085e00000, 0x0000000085f00000, 0x0000000085f00000|100%| O|  |TAMS 0x0000000085f00000, 0x0000000085e00000| Untracked 
|  95|0x0000000085f00000, 0x0000000086000000, 0x0000000086000000|100%| O|  |TAMS 0x0000000086000000, 0x0000000085f00000| Untracked 
|  96|0x0000000086000000, 0x0000000086100000, 0x0000000086100000|100%| O|  |TAMS 0x0000000086100000, 0x0000000086000000| Untracked 
|  97|0x0000000086100000, 0x0000000086200000, 0x0000000086200000|100%| O|  |TAMS 0x0000000086200000, 0x0000000086100000| Untracked 
|  98|0x0000000086200000, 0x0000000086300000, 0x0000000086300000|100%| O|  |TAMS 0x0000000086300000, 0x0000000086200000| Untracked 
|  99|0x0000000086300000, 0x0000000086400000, 0x0000000086400000|100%| O|  |TAMS 0x0000000086400000, 0x0000000086300000| Untracked 
| 100|0x0000000086400000, 0x0000000086500000, 0x0000000086500000|100%| O|  |TAMS 0x0000000086500000, 0x0000000086400000| Untracked 
| 101|0x0000000086500000, 0x0000000086600000, 0x0000000086600000|100%| O|  |TAMS 0x0000000086600000, 0x0000000086500000| Untracked 
| 102|0x0000000086600000, 0x0000000086700000, 0x0000000086700000|100%| O|  |TAMS 0x0000000086700000, 0x0000000086600000| Untracked 
| 103|0x0000000086700000, 0x0000000086800000, 0x0000000086800000|100%| O|  |TAMS 0x0000000086800000, 0x0000000086700000| Untracked 
| 104|0x0000000086800000, 0x0000000086900000, 0x0000000086900000|100%| O|  |TAMS 0x0000000086900000, 0x0000000086800000| Untracked 
| 105|0x0000000086900000, 0x0000000086a00000, 0x0000000086a00000|100%| O|  |TAMS 0x0000000086a00000, 0x0000000086900000| Untracked 
| 106|0x0000000086a00000, 0x0000000086b00000, 0x0000000086b00000|100%| O|  |TAMS 0x0000000086b00000, 0x0000000086a00000| Untracked 
| 107|0x0000000086b00000, 0x0000000086c00000, 0x0000000086c00000|100%| O|  |TAMS 0x0000000086c00000, 0x0000000086b00000| Untracked 
| 108|0x0000000086c00000, 0x0000000086d00000, 0x0000000086d00000|100%| O|  |TAMS 0x0000000086d00000, 0x0000000086c00000| Untracked 
| 109|0x0000000086d00000, 0x0000000086e00000, 0x0000000086e00000|100%| O|  |TAMS 0x0000000086e00000, 0x0000000086d00000| Untracked 
| 110|0x0000000086e00000, 0x0000000086f00000, 0x0000000086f00000|100%| O|  |TAMS 0x0000000086f00000, 0x0000000086e00000| Untracked 
| 111|0x0000000086f00000, 0x0000000087000000, 0x0000000087000000|100%| O|  |TAMS 0x0000000087000000, 0x0000000086f00000| Untracked 
| 112|0x0000000087000000, 0x0000000087100000, 0x0000000087100000|100%|HS|  |TAMS 0x0000000087100000, 0x0000000087000000| Complete 
| 113|0x0000000087100000, 0x0000000087200000, 0x0000000087200000|100%|HS|  |TAMS 0x0000000087200000, 0x0000000087100000| Complete 
| 114|0x0000000087200000, 0x0000000087300000, 0x0000000087300000|100%|HS|  |TAMS 0x0000000087300000, 0x0000000087200000| Complete 
| 115|0x0000000087300000, 0x0000000087400000, 0x0000000087400000|100%|HS|  |TAMS 0x0000000087400000, 0x0000000087300000| Complete 
| 116|0x0000000087400000, 0x0000000087500000, 0x0000000087500000|100%|HS|  |TAMS 0x0000000087500000, 0x0000000087400000| Complete 
| 117|0x0000000087500000, 0x0000000087600000, 0x0000000087600000|100%|HS|  |TAMS 0x0000000087600000, 0x0000000087500000| Complete 
| 118|0x0000000087600000, 0x0000000087700000, 0x0000000087700000|100%| O|  |TAMS 0x0000000087700000, 0x0000000087600000| Untracked 
| 119|0x0000000087700000, 0x0000000087800000, 0x0000000087800000|100%| O|  |TAMS 0x0000000087800000, 0x0000000087700000| Untracked 
| 120|0x0000000087800000, 0x0000000087900000, 0x0000000087900000|100%| O|  |TAMS 0x0000000087900000, 0x0000000087800000| Untracked 
| 121|0x0000000087900000, 0x0000000087a00000, 0x0000000087a00000|100%| O|  |TAMS 0x0000000087a00000, 0x0000000087900000| Untracked 
| 122|0x0000000087a00000, 0x0000000087b00000, 0x0000000087b00000|100%| O|  |TAMS 0x0000000087b00000, 0x0000000087a00000| Untracked 
| 123|0x0000000087b00000, 0x0000000087c00000, 0x0000000087c00000|100%| O|  |TAMS 0x0000000087c00000, 0x0000000087b00000| Untracked 
| 124|0x0000000087c00000, 0x0000000087d00000, 0x0000000087d00000|100%| O|  |TAMS 0x0000000087d00000, 0x0000000087c00000| Untracked 
| 125|0x0000000087d00000, 0x0000000087e00000, 0x0000000087e00000|100%|HS|  |TAMS 0x0000000087e00000, 0x0000000087d00000| Complete 
| 126|0x0000000087e00000, 0x0000000087f00000, 0x0000000087f00000|100%|HS|  |TAMS 0x0000000087f00000, 0x0000000087e00000| Complete 
| 127|0x0000000087f00000, 0x0000000088000000, 0x0000000088000000|100%| O|  |TAMS 0x0000000088000000, 0x0000000087f00000| Untracked 
| 128|0x0000000088000000, 0x0000000088100000, 0x0000000088100000|100%|HS|  |TAMS 0x0000000088100000, 0x0000000088000000| Complete 
| 129|0x0000000088100000, 0x0000000088200000, 0x0000000088200000|100%|HC|  |TAMS 0x0000000088200000, 0x0000000088100000| Complete 
| 130|0x0000000088200000, 0x0000000088300000, 0x0000000088300000|100%|HC|  |TAMS 0x0000000088300000, 0x0000000088200000| Complete 
| 131|0x0000000088300000, 0x0000000088400000, 0x0000000088400000|100%| O|  |TAMS 0x0000000088400000, 0x0000000088300000| Untracked 
| 132|0x0000000088400000, 0x0000000088500000, 0x0000000088500000|100%|HS|  |TAMS 0x0000000088500000, 0x0000000088400000| Complete 
| 133|0x0000000088500000, 0x0000000088600000, 0x0000000088600000|100%| O|  |TAMS 0x0000000088600000, 0x0000000088500000| Untracked 
| 134|0x0000000088600000, 0x0000000088700000, 0x0000000088700000|100%| O|  |TAMS 0x0000000088700000, 0x0000000088600000| Untracked 
| 135|0x0000000088700000, 0x0000000088800000, 0x0000000088800000|100%| O|  |TAMS 0x0000000088800000, 0x0000000088700000| Untracked 
| 136|0x0000000088800000, 0x0000000088900000, 0x0000000088900000|100%| O|  |TAMS 0x0000000088900000, 0x0000000088800000| Untracked 
| 137|0x0000000088900000, 0x0000000088a00000, 0x0000000088a00000|100%| O|  |TAMS 0x0000000088a00000, 0x0000000088900000| Untracked 
| 138|0x0000000088a00000, 0x0000000088b00000, 0x0000000088b00000|100%| O|  |TAMS 0x0000000088b00000, 0x0000000088a00000| Untracked 
| 139|0x0000000088b00000, 0x0000000088c00000, 0x0000000088c00000|100%| O|  |TAMS 0x0000000088c00000, 0x0000000088b00000| Untracked 
| 140|0x0000000088c00000, 0x0000000088d00000, 0x0000000088d00000|100%| O|  |TAMS 0x0000000088d00000, 0x0000000088c00000| Untracked 
| 141|0x0000000088d00000, 0x0000000088e00000, 0x0000000088e00000|100%| O|  |TAMS 0x0000000088e00000, 0x0000000088d00000| Untracked 
| 142|0x0000000088e00000, 0x0000000088f00000, 0x0000000088f00000|100%| O|  |TAMS 0x0000000088f00000, 0x0000000088e00000| Untracked 
| 143|0x0000000088f00000, 0x0000000089000000, 0x0000000089000000|100%| O|  |TAMS 0x0000000089000000, 0x0000000088f00000| Untracked 
| 144|0x0000000089000000, 0x0000000089100000, 0x0000000089100000|100%| O|  |TAMS 0x0000000089100000, 0x0000000089000000| Untracked 
| 145|0x0000000089100000, 0x0000000089200000, 0x0000000089200000|100%| O|  |TAMS 0x0000000089200000, 0x0000000089100000| Untracked 
| 146|0x0000000089200000, 0x0000000089300000, 0x0000000089300000|100%| O|  |TAMS 0x0000000089300000, 0x0000000089200000| Untracked 
| 147|0x0000000089300000, 0x0000000089400000, 0x0000000089400000|100%| O|  |TAMS 0x0000000089400000, 0x0000000089300000| Untracked 
| 148|0x0000000089400000, 0x0000000089500000, 0x0000000089500000|100%| O|  |TAMS 0x0000000089500000, 0x0000000089400000| Untracked 
| 149|0x0000000089500000, 0x0000000089600000, 0x0000000089600000|100%| O|  |TAMS 0x0000000089600000, 0x0000000089500000| Untracked 
| 150|0x0000000089600000, 0x0000000089700000, 0x0000000089700000|100%| O|  |TAMS 0x0000000089700000, 0x0000000089600000| Untracked 
| 151|0x0000000089700000, 0x0000000089800000, 0x0000000089800000|100%| O|  |TAMS 0x0000000089800000, 0x0000000089700000| Untracked 
| 152|0x0000000089800000, 0x0000000089900000, 0x0000000089900000|100%| O|  |TAMS 0x0000000089900000, 0x0000000089800000| Untracked 
| 153|0x0000000089900000, 0x0000000089a00000, 0x0000000089a00000|100%| O|  |TAMS 0x0000000089a00000, 0x0000000089900000| Untracked 
| 154|0x0000000089a00000, 0x0000000089b00000, 0x0000000089b00000|100%| O|  |TAMS 0x0000000089b00000, 0x0000000089a00000| Untracked 
| 155|0x0000000089b00000, 0x0000000089c00000, 0x0000000089c00000|100%| O|  |TAMS 0x0000000089c00000, 0x0000000089b00000| Untracked 
| 156|0x0000000089c00000, 0x0000000089d00000, 0x0000000089d00000|100%| O|  |TAMS 0x0000000089d00000, 0x0000000089c00000| Untracked 
| 157|0x0000000089d00000, 0x0000000089e00000, 0x0000000089e00000|100%| O|  |TAMS 0x0000000089e00000, 0x0000000089d00000| Untracked 
| 158|0x0000000089e00000, 0x0000000089f00000, 0x0000000089f00000|100%| O|  |TAMS 0x0000000089f00000, 0x0000000089e00000| Untracked 
| 159|0x0000000089f00000, 0x000000008a000000, 0x000000008a000000|100%| O|  |TAMS 0x000000008a000000, 0x0000000089f00000| Untracked 
| 160|0x000000008a000000, 0x000000008a100000, 0x000000008a100000|100%| O|  |TAMS 0x000000008a100000, 0x000000008a000000| Untracked 
| 161|0x000000008a100000, 0x000000008a200000, 0x000000008a200000|100%| O|  |TAMS 0x000000008a200000, 0x000000008a100000| Untracked 
| 162|0x000000008a200000, 0x000000008a300000, 0x000000008a300000|100%| O|  |TAMS 0x000000008a300000, 0x000000008a200000| Untracked 
| 163|0x000000008a300000, 0x000000008a400000, 0x000000008a400000|100%| O|  |TAMS 0x000000008a400000, 0x000000008a300000| Untracked 
| 164|0x000000008a400000, 0x000000008a500000, 0x000000008a500000|100%| O|  |TAMS 0x000000008a500000, 0x000000008a400000| Untracked 
| 165|0x000000008a500000, 0x000000008a600000, 0x000000008a600000|100%| O|  |TAMS 0x000000008a600000, 0x000000008a500000| Untracked 
| 166|0x000000008a600000, 0x000000008a700000, 0x000000008a700000|100%| O|  |TAMS 0x000000008a700000, 0x000000008a600000| Untracked 
| 167|0x000000008a700000, 0x000000008a800000, 0x000000008a800000|100%| O|  |TAMS 0x000000008a800000, 0x000000008a700000| Untracked 
| 168|0x000000008a800000, 0x000000008a900000, 0x000000008a900000|100%| O|  |TAMS 0x000000008a900000, 0x000000008a800000| Untracked 
| 169|0x000000008a900000, 0x000000008aa00000, 0x000000008aa00000|100%| O|  |TAMS 0x000000008aa00000, 0x000000008a900000| Untracked 
| 170|0x000000008aa00000, 0x000000008ab00000, 0x000000008ab00000|100%| O|  |TAMS 0x000000008ab00000, 0x000000008aa00000| Untracked 
| 171|0x000000008ab00000, 0x000000008ac00000, 0x000000008ac00000|100%| O|  |TAMS 0x000000008ac00000, 0x000000008ab00000| Untracked 
| 172|0x000000008ac00000, 0x000000008ad00000, 0x000000008ad00000|100%| O|  |TAMS 0x000000008ad00000, 0x000000008ac00000| Untracked 
| 173|0x000000008ad00000, 0x000000008ae00000, 0x000000008ae00000|100%| O|  |TAMS 0x000000008ae00000, 0x000000008ad00000| Untracked 
| 174|0x000000008ae00000, 0x000000008af00000, 0x000000008af00000|100%| O|  |TAMS 0x000000008af00000, 0x000000008ae00000| Untracked 
| 175|0x000000008af00000, 0x000000008b000000, 0x000000008b000000|100%| O|  |TAMS 0x000000008b000000, 0x000000008af00000| Untracked 
| 176|0x000000008b000000, 0x000000008b100000, 0x000000008b100000|100%| O|  |TAMS 0x000000008b100000, 0x000000008b000000| Untracked 
| 177|0x000000008b100000, 0x000000008b200000, 0x000000008b200000|100%| O|  |TAMS 0x000000008b200000, 0x000000008b100000| Untracked 
| 178|0x000000008b200000, 0x000000008b300000, 0x000000008b300000|100%|HS|  |TAMS 0x000000008b300000, 0x000000008b200000| Complete 
| 179|0x000000008b300000, 0x000000008b400000, 0x000000008b400000|100%| O|  |TAMS 0x000000008b400000, 0x000000008b300000| Untracked 
| 180|0x000000008b400000, 0x000000008b500000, 0x000000008b500000|100%| O|  |TAMS 0x000000008b500000, 0x000000008b400000| Untracked 
| 181|0x000000008b500000, 0x000000008b600000, 0x000000008b600000|100%| O|  |TAMS 0x000000008b600000, 0x000000008b500000| Untracked 
| 182|0x000000008b600000, 0x000000008b700000, 0x000000008b700000|100%| O|  |TAMS 0x000000008b700000, 0x000000008b600000| Untracked 
| 183|0x000000008b700000, 0x000000008b800000, 0x000000008b800000|100%|HS|  |TAMS 0x000000008b800000, 0x000000008b700000| Complete 
| 184|0x000000008b800000, 0x000000008b900000, 0x000000008b900000|100%| O|  |TAMS 0x000000008b900000, 0x000000008b800000| Untracked 
| 185|0x000000008b900000, 0x000000008ba00000, 0x000000008ba00000|100%| O|  |TAMS 0x000000008ba00000, 0x000000008b900000| Untracked 
| 186|0x000000008ba00000, 0x000000008bb00000, 0x000000008bb00000|100%| O|  |TAMS 0x000000008bb00000, 0x000000008ba00000| Untracked 
| 187|0x000000008bb00000, 0x000000008bc00000, 0x000000008bc00000|100%| O|  |TAMS 0x000000008bc00000, 0x000000008bb00000| Untracked 
| 188|0x000000008bc00000, 0x000000008bd00000, 0x000000008bd00000|100%| O|  |TAMS 0x000000008bd00000, 0x000000008bc00000| Untracked 
| 189|0x000000008bd00000, 0x000000008be00000, 0x000000008be00000|100%| O|  |TAMS 0x000000008be00000, 0x000000008bd00000| Untracked 
| 190|0x000000008be00000, 0x000000008bf00000, 0x000000008bf00000|100%| O|  |TAMS 0x000000008bf00000, 0x000000008be00000| Untracked 
| 191|0x000000008bf00000, 0x000000008c000000, 0x000000008c000000|100%| O|  |TAMS 0x000000008c000000, 0x000000008bf00000| Untracked 
| 192|0x000000008c000000, 0x000000008c100000, 0x000000008c100000|100%| O|  |TAMS 0x000000008c100000, 0x000000008c000000| Untracked 
| 193|0x000000008c100000, 0x000000008c200000, 0x000000008c200000|100%| O|  |TAMS 0x000000008c200000, 0x000000008c100000| Untracked 
| 194|0x000000008c200000, 0x000000008c300000, 0x000000008c300000|100%| O|  |TAMS 0x000000008c300000, 0x000000008c200000| Untracked 
| 195|0x000000008c300000, 0x000000008c400000, 0x000000008c400000|100%| O|  |TAMS 0x000000008c400000, 0x000000008c300000| Untracked 
| 196|0x000000008c400000, 0x000000008c500000, 0x000000008c500000|100%| O|  |TAMS 0x000000008c500000, 0x000000008c400000| Untracked 
| 197|0x000000008c500000, 0x000000008c600000, 0x000000008c600000|100%| O|  |TAMS 0x000000008c600000, 0x000000008c500000| Untracked 
| 198|0x000000008c600000, 0x000000008c700000, 0x000000008c700000|100%| O|  |TAMS 0x000000008c700000, 0x000000008c600000| Untracked 
| 199|0x000000008c700000, 0x000000008c800000, 0x000000008c800000|100%| O|  |TAMS 0x000000008c700000, 0x000000008c700000| Untracked 
| 200|0x000000008c800000, 0x000000008c900000, 0x000000008c900000|100%| O|  |TAMS 0x000000008c900000, 0x000000008c800000| Untracked 
| 201|0x000000008c900000, 0x000000008ca00000, 0x000000008ca00000|100%| O|  |TAMS 0x000000008ca00000, 0x000000008c900000| Untracked 
| 202|0x000000008ca00000, 0x000000008cb00000, 0x000000008cb00000|100%| O|  |TAMS 0x000000008cb00000, 0x000000008ca00000| Untracked 
| 203|0x000000008cb00000, 0x000000008cc00000, 0x000000008cc00000|100%| O|  |TAMS 0x000000008cb00000, 0x000000008cb00000| Untracked 
| 204|0x000000008cc00000, 0x000000008cd00000, 0x000000008cd00000|100%| O|  |TAMS 0x000000008cd00000, 0x000000008cc00000| Untracked 
| 205|0x000000008cd00000, 0x000000008ce00000, 0x000000008ce00000|100%|HS|  |TAMS 0x000000008ce00000, 0x000000008cd00000| Complete 
| 206|0x000000008ce00000, 0x000000008cf00000, 0x000000008cf00000|100%| O|  |TAMS 0x000000008cf00000, 0x000000008ce00000| Untracked 
| 207|0x000000008cf00000, 0x000000008d000000, 0x000000008d000000|100%|HS|  |TAMS 0x000000008d000000, 0x000000008cf00000| Complete 
| 208|0x000000008d000000, 0x000000008d100000, 0x000000008d100000|100%| O|  |TAMS 0x000000008d100000, 0x000000008d000000| Untracked 
| 209|0x000000008d100000, 0x000000008d200000, 0x000000008d200000|100%|HS|  |TAMS 0x000000008d200000, 0x000000008d100000| Complete 
| 210|0x000000008d200000, 0x000000008d300000, 0x000000008d300000|100%| O|  |TAMS 0x000000008d300000, 0x000000008d200000| Untracked 
| 211|0x000000008d300000, 0x000000008d400000, 0x000000008d400000|100%| O|  |TAMS 0x000000008d400000, 0x000000008d300000| Untracked 
| 212|0x000000008d400000, 0x000000008d500000, 0x000000008d500000|100%| O|  |TAMS 0x000000008d500000, 0x000000008d400000| Untracked 
| 213|0x000000008d500000, 0x000000008d600000, 0x000000008d600000|100%| O|  |TAMS 0x000000008d600000, 0x000000008d500000| Untracked 
| 214|0x000000008d600000, 0x000000008d700000, 0x000000008d700000|100%| O|  |TAMS 0x000000008d700000, 0x000000008d600000| Untracked 
| 215|0x000000008d700000, 0x000000008d800000, 0x000000008d800000|100%| O|  |TAMS 0x000000008d800000, 0x000000008d700000| Untracked 
| 216|0x000000008d800000, 0x000000008d900000, 0x000000008d900000|100%| O|  |TAMS 0x000000008d900000, 0x000000008d800000| Untracked 
| 217|0x000000008d900000, 0x000000008da00000, 0x000000008da00000|100%| O|  |TAMS 0x000000008da00000, 0x000000008d900000| Untracked 
| 218|0x000000008da00000, 0x000000008db00000, 0x000000008db00000|100%| O|  |TAMS 0x000000008db00000, 0x000000008da00000| Untracked 
| 219|0x000000008db00000, 0x000000008dc00000, 0x000000008dc00000|100%| O|  |TAMS 0x000000008dc00000, 0x000000008db00000| Untracked 
| 220|0x000000008dc00000, 0x000000008dd00000, 0x000000008dd00000|100%| O|  |TAMS 0x000000008dd00000, 0x000000008dc00000| Untracked 
| 221|0x000000008dd00000, 0x000000008de00000, 0x000000008de00000|100%| O|  |TAMS 0x000000008de00000, 0x000000008dd00000| Untracked 
| 222|0x000000008de00000, 0x000000008df00000, 0x000000008df00000|100%| O|  |TAMS 0x000000008df00000, 0x000000008de00000| Untracked 
| 223|0x000000008df00000, 0x000000008e000000, 0x000000008e000000|100%| O|  |TAMS 0x000000008e000000, 0x000000008df00000| Untracked 
| 224|0x000000008e000000, 0x000000008e100000, 0x000000008e100000|100%| O|  |TAMS 0x000000008e100000, 0x000000008e000000| Untracked 
| 225|0x000000008e100000, 0x000000008e200000, 0x000000008e200000|100%| O|  |TAMS 0x000000008e200000, 0x000000008e100000| Untracked 
| 226|0x000000008e200000, 0x000000008e300000, 0x000000008e300000|100%| O|  |TAMS 0x000000008e300000, 0x000000008e200000| Untracked 
| 227|0x000000008e300000, 0x000000008e400000, 0x000000008e400000|100%| O|  |TAMS 0x000000008e400000, 0x000000008e300000| Untracked 
| 228|0x000000008e400000, 0x000000008e500000, 0x000000008e500000|100%|HS|  |TAMS 0x000000008e500000, 0x000000008e400000| Complete 
| 229|0x000000008e500000, 0x000000008e600000, 0x000000008e600000|100%| O|  |TAMS 0x000000008e600000, 0x000000008e500000| Untracked 
| 230|0x000000008e600000, 0x000000008e700000, 0x000000008e700000|100%| O|  |TAMS 0x000000008e700000, 0x000000008e600000| Untracked 
| 231|0x000000008e700000, 0x000000008e800000, 0x000000008e800000|100%| O|  |TAMS 0x000000008e800000, 0x000000008e700000| Untracked 
| 232|0x000000008e800000, 0x000000008e900000, 0x000000008e900000|100%| O|  |TAMS 0x000000008e900000, 0x000000008e800000| Untracked 
| 233|0x000000008e900000, 0x000000008ea00000, 0x000000008ea00000|100%| O|  |TAMS 0x000000008ea00000, 0x000000008e900000| Untracked 
| 234|0x000000008ea00000, 0x000000008eb00000, 0x000000008eb00000|100%| O|  |TAMS 0x000000008eb00000, 0x000000008ea00000| Untracked 
| 235|0x000000008eb00000, 0x000000008ec00000, 0x000000008ec00000|100%| O|  |TAMS 0x000000008ec00000, 0x000000008eb00000| Untracked 
| 236|0x000000008ec00000, 0x000000008ed00000, 0x000000008ed00000|100%| O|  |TAMS 0x000000008ed00000, 0x000000008ec00000| Untracked 
| 237|0x000000008ed00000, 0x000000008ee00000, 0x000000008ee00000|100%| O|  |TAMS 0x000000008ee00000, 0x000000008ed00000| Untracked 
| 238|0x000000008ee00000, 0x000000008ef00000, 0x000000008ef00000|100%| O|  |TAMS 0x000000008ef00000, 0x000000008ee00000| Untracked 
| 239|0x000000008ef00000, 0x000000008f000000, 0x000000008f000000|100%| O|  |TAMS 0x000000008f000000, 0x000000008ef00000| Untracked 
| 240|0x000000008f000000, 0x000000008f100000, 0x000000008f100000|100%| O|  |TAMS 0x000000008f100000, 0x000000008f000000| Untracked 
| 241|0x000000008f100000, 0x000000008f200000, 0x000000008f200000|100%| O|  |TAMS 0x000000008f200000, 0x000000008f100000| Untracked 
| 242|0x000000008f200000, 0x000000008f300000, 0x000000008f300000|100%| O|  |TAMS 0x000000008f300000, 0x000000008f200000| Untracked 
| 243|0x000000008f300000, 0x000000008f400000, 0x000000008f400000|100%| O|  |TAMS 0x000000008f400000, 0x000000008f300000| Untracked 
| 244|0x000000008f400000, 0x000000008f500000, 0x000000008f500000|100%| O|  |TAMS 0x000000008f500000, 0x000000008f400000| Untracked 
| 245|0x000000008f500000, 0x000000008f600000, 0x000000008f600000|100%| O|  |TAMS 0x000000008f600000, 0x000000008f500000| Untracked 
| 246|0x000000008f600000, 0x000000008f700000, 0x000000008f700000|100%| O|  |TAMS 0x000000008f700000, 0x000000008f600000| Untracked 
| 247|0x000000008f700000, 0x000000008f800000, 0x000000008f800000|100%| O|  |TAMS 0x000000008f800000, 0x000000008f700000| Untracked 
| 248|0x000000008f800000, 0x000000008f900000, 0x000000008f900000|100%| O|  |TAMS 0x000000008f900000, 0x000000008f800000| Untracked 
| 249|0x000000008f900000, 0x000000008fa00000, 0x000000008fa00000|100%| O|  |TAMS 0x000000008fa00000, 0x000000008f900000| Untracked 
| 250|0x000000008fa00000, 0x000000008fb00000, 0x000000008fb00000|100%| O|  |TAMS 0x000000008fb00000, 0x000000008fa00000| Untracked 
| 251|0x000000008fb00000, 0x000000008fc00000, 0x000000008fc00000|100%|HS|  |TAMS 0x000000008fc00000, 0x000000008fb00000| Complete 
| 252|0x000000008fc00000, 0x000000008fd00000, 0x000000008fd00000|100%|HS|  |TAMS 0x000000008fd00000, 0x000000008fc00000| Complete 
| 253|0x000000008fd00000, 0x000000008fe00000, 0x000000008fe00000|100%| O|  |TAMS 0x000000008fe00000, 0x000000008fd00000| Untracked 
| 254|0x000000008fe00000, 0x000000008ff00000, 0x000000008ff00000|100%|HS|  |TAMS 0x000000008ff00000, 0x000000008fe00000| Complete 
| 255|0x000000008ff00000, 0x0000000090000000, 0x0000000090000000|100%|HC|  |TAMS 0x0000000090000000, 0x000000008ff00000| Complete 
| 256|0x0000000090000000, 0x0000000090100000, 0x0000000090100000|100%| O|  |TAMS 0x0000000090100000, 0x0000000090000000| Untracked 
| 257|0x0000000090100000, 0x0000000090200000, 0x0000000090200000|100%| O|  |TAMS 0x0000000090200000, 0x0000000090100000| Untracked 
| 258|0x0000000090200000, 0x0000000090300000, 0x0000000090300000|100%| O|  |TAMS 0x0000000090300000, 0x0000000090200000| Untracked 
| 259|0x0000000090300000, 0x0000000090400000, 0x0000000090400000|100%| O|  |TAMS 0x0000000090400000, 0x0000000090300000| Untracked 
| 260|0x0000000090400000, 0x0000000090500000, 0x0000000090500000|100%| O|  |TAMS 0x0000000090500000, 0x0000000090400000| Untracked 
| 261|0x0000000090500000, 0x0000000090600000, 0x0000000090600000|100%| O|  |TAMS 0x0000000090600000, 0x0000000090500000| Untracked 
| 262|0x0000000090600000, 0x0000000090700000, 0x0000000090700000|100%| O|  |TAMS 0x0000000090700000, 0x0000000090600000| Untracked 
| 263|0x0000000090700000, 0x0000000090800000, 0x0000000090800000|100%| O|  |TAMS 0x0000000090800000, 0x0000000090700000| Untracked 
| 264|0x0000000090800000, 0x0000000090900000, 0x0000000090900000|100%| O|  |TAMS 0x0000000090900000, 0x0000000090800000| Untracked 
| 265|0x0000000090900000, 0x0000000090a00000, 0x0000000090a00000|100%| O|  |TAMS 0x0000000090a00000, 0x0000000090900000| Untracked 
| 266|0x0000000090a00000, 0x0000000090b00000, 0x0000000090b00000|100%| O|  |TAMS 0x0000000090a00000, 0x0000000090a00000| Untracked 
| 267|0x0000000090b00000, 0x0000000090c00000, 0x0000000090c00000|100%| O|  |TAMS 0x0000000090b00000, 0x0000000090b00000| Untracked 
| 268|0x0000000090c00000, 0x0000000090d00000, 0x0000000090d00000|100%| O|  |TAMS 0x0000000090d00000, 0x0000000090c00000| Untracked 
| 269|0x0000000090d00000, 0x0000000090e00000, 0x0000000090e00000|100%| O|  |TAMS 0x0000000090e00000, 0x0000000090d00000| Untracked 
| 270|0x0000000090e00000, 0x0000000090f00000, 0x0000000090f00000|100%| O|  |TAMS 0x0000000090f00000, 0x0000000090e00000| Untracked 
| 271|0x0000000090f00000, 0x0000000091000000, 0x0000000091000000|100%| O|  |TAMS 0x0000000091000000, 0x0000000090f00000| Untracked 
| 272|0x0000000091000000, 0x0000000091100000, 0x0000000091100000|100%| O|  |TAMS 0x0000000091100000, 0x0000000091000000| Untracked 
| 273|0x0000000091100000, 0x0000000091200000, 0x0000000091200000|100%| O|  |TAMS 0x0000000091200000, 0x0000000091100000| Untracked 
| 274|0x0000000091200000, 0x0000000091300000, 0x0000000091300000|100%| O|  |TAMS 0x0000000091300000, 0x0000000091200000| Untracked 
| 275|0x0000000091300000, 0x0000000091400000, 0x0000000091400000|100%| O|  |TAMS 0x0000000091400000, 0x0000000091300000| Untracked 
| 276|0x0000000091400000, 0x0000000091500000, 0x0000000091500000|100%| O|  |TAMS 0x0000000091500000, 0x0000000091400000| Untracked 
| 277|0x0000000091500000, 0x0000000091600000, 0x0000000091600000|100%| O|  |TAMS 0x0000000091600000, 0x0000000091500000| Untracked 
| 278|0x0000000091600000, 0x0000000091700000, 0x0000000091700000|100%| O|  |TAMS 0x0000000091700000, 0x0000000091600000| Untracked 
| 279|0x0000000091700000, 0x0000000091800000, 0x0000000091800000|100%| O|  |TAMS 0x0000000091800000, 0x0000000091700000| Untracked 
| 280|0x0000000091800000, 0x0000000091900000, 0x0000000091900000|100%| O|  |TAMS 0x0000000091900000, 0x0000000091800000| Untracked 
| 281|0x0000000091900000, 0x0000000091a00000, 0x0000000091a00000|100%| O|  |TAMS 0x0000000091a00000, 0x0000000091900000| Untracked 
| 282|0x0000000091a00000, 0x0000000091b00000, 0x0000000091b00000|100%| O|  |TAMS 0x0000000091b00000, 0x0000000091a00000| Untracked 
| 283|0x0000000091b00000, 0x0000000091c00000, 0x0000000091c00000|100%| O|  |TAMS 0x0000000091c00000, 0x0000000091b00000| Untracked 
| 284|0x0000000091c00000, 0x0000000091d00000, 0x0000000091d00000|100%| O|  |TAMS 0x0000000091d00000, 0x0000000091c00000| Untracked 
| 285|0x0000000091d00000, 0x0000000091e00000, 0x0000000091e00000|100%| O|  |TAMS 0x0000000091e00000, 0x0000000091d00000| Untracked 
| 286|0x0000000091e00000, 0x0000000091f00000, 0x0000000091f00000|100%| O|  |TAMS 0x0000000091f00000, 0x0000000091e00000| Untracked 
| 287|0x0000000091f00000, 0x0000000092000000, 0x0000000092000000|100%| O|  |TAMS 0x0000000092000000, 0x0000000091f00000| Untracked 
| 288|0x0000000092000000, 0x0000000092100000, 0x0000000092100000|100%| O|  |TAMS 0x0000000092100000, 0x0000000092000000| Untracked 
| 289|0x0000000092100000, 0x0000000092200000, 0x0000000092200000|100%| O|  |TAMS 0x0000000092200000, 0x0000000092100000| Untracked 
| 290|0x0000000092200000, 0x0000000092300000, 0x0000000092300000|100%| O|  |TAMS 0x0000000092300000, 0x0000000092200000| Untracked 
| 291|0x0000000092300000, 0x0000000092400000, 0x0000000092400000|100%| O|  |TAMS 0x0000000092400000, 0x0000000092300000| Untracked 
| 292|0x0000000092400000, 0x0000000092500000, 0x0000000092500000|100%| O|  |TAMS 0x0000000092500000, 0x0000000092400000| Untracked 
| 293|0x0000000092500000, 0x0000000092600000, 0x0000000092600000|100%| O|  |TAMS 0x0000000092600000, 0x0000000092500000| Untracked 
| 294|0x0000000092600000, 0x0000000092700000, 0x0000000092700000|100%| O|  |TAMS 0x0000000092700000, 0x0000000092600000| Untracked 
| 295|0x0000000092700000, 0x0000000092800000, 0x0000000092800000|100%| O|  |TAMS 0x0000000092800000, 0x0000000092700000| Untracked 
| 296|0x0000000092800000, 0x0000000092900000, 0x0000000092900000|100%| O|  |TAMS 0x0000000092800000, 0x0000000092800000| Untracked 
| 297|0x0000000092900000, 0x0000000092a00000, 0x0000000092a00000|100%| O|  |TAMS 0x0000000092a00000, 0x0000000092900000| Untracked 
| 298|0x0000000092a00000, 0x0000000092b00000, 0x0000000092b00000|100%| O|  |TAMS 0x0000000092b00000, 0x0000000092a00000| Untracked 
| 299|0x0000000092b00000, 0x0000000092c00000, 0x0000000092c00000|100%| O|  |TAMS 0x0000000092c00000, 0x0000000092b00000| Untracked 
| 300|0x0000000092c00000, 0x0000000092d00000, 0x0000000092d00000|100%| O|  |TAMS 0x0000000092d00000, 0x0000000092c00000| Untracked 
| 301|0x0000000092d00000, 0x0000000092e00000, 0x0000000092e00000|100%| O|  |TAMS 0x0000000092e00000, 0x0000000092d00000| Untracked 
| 302|0x0000000092e00000, 0x0000000092f00000, 0x0000000092f00000|100%| O|  |TAMS 0x0000000092f00000, 0x0000000092e00000| Untracked 
| 303|0x0000000092f00000, 0x0000000093000000, 0x0000000093000000|100%| O|  |TAMS 0x0000000093000000, 0x0000000092f00000| Untracked 
| 304|0x0000000093000000, 0x0000000093100000, 0x0000000093100000|100%| O|  |TAMS 0x0000000093100000, 0x0000000093000000| Untracked 
| 305|0x0000000093100000, 0x0000000093200000, 0x0000000093200000|100%| O|  |TAMS 0x0000000093200000, 0x0000000093100000| Untracked 
| 306|0x0000000093200000, 0x0000000093300000, 0x0000000093300000|100%| O|  |TAMS 0x0000000093300000, 0x0000000093200000| Untracked 
| 307|0x0000000093300000, 0x0000000093400000, 0x0000000093400000|100%| O|  |TAMS 0x0000000093400000, 0x0000000093300000| Untracked 
| 308|0x0000000093400000, 0x0000000093500000, 0x0000000093500000|100%| O|  |TAMS 0x0000000093500000, 0x0000000093400000| Untracked 
| 309|0x0000000093500000, 0x0000000093600000, 0x0000000093600000|100%| O|  |TAMS 0x0000000093600000, 0x0000000093500000| Untracked 
| 310|0x0000000093600000, 0x0000000093700000, 0x0000000093700000|100%| O|  |TAMS 0x0000000093700000, 0x0000000093600000| Untracked 
| 311|0x0000000093700000, 0x0000000093800000, 0x0000000093800000|100%| O|  |TAMS 0x0000000093800000, 0x0000000093700000| Untracked 
| 312|0x0000000093800000, 0x0000000093900000, 0x0000000093900000|100%| O|  |TAMS 0x0000000093900000, 0x0000000093800000| Untracked 
| 313|0x0000000093900000, 0x0000000093a00000, 0x0000000093a00000|100%| O|  |TAMS 0x0000000093900000, 0x0000000093900000| Untracked 
| 314|0x0000000093a00000, 0x0000000093b00000, 0x0000000093b00000|100%| O|  |TAMS 0x0000000093b00000, 0x0000000093a00000| Untracked 
| 315|0x0000000093b00000, 0x0000000093c00000, 0x0000000093c00000|100%| O|  |TAMS 0x0000000093c00000, 0x0000000093b00000| Untracked 
| 316|0x0000000093c00000, 0x0000000093d00000, 0x0000000093d00000|100%| O|  |TAMS 0x0000000093d00000, 0x0000000093c00000| Untracked 
| 317|0x0000000093d00000, 0x0000000093e00000, 0x0000000093e00000|100%| O|  |TAMS 0x0000000093e00000, 0x0000000093d00000| Untracked 
| 318|0x0000000093e00000, 0x0000000093f00000, 0x0000000093f00000|100%| O|  |TAMS 0x0000000093f00000, 0x0000000093e00000| Untracked 
| 319|0x0000000093f00000, 0x0000000094000000, 0x0000000094000000|100%| O|  |TAMS 0x0000000094000000, 0x0000000093f00000| Untracked 
| 320|0x0000000094000000, 0x0000000094100000, 0x0000000094100000|100%| O|  |TAMS 0x0000000094100000, 0x0000000094000000| Untracked 
| 321|0x0000000094100000, 0x0000000094200000, 0x0000000094200000|100%| O|  |TAMS 0x0000000094200000, 0x0000000094100000| Untracked 
| 322|0x0000000094200000, 0x0000000094300000, 0x0000000094300000|100%| O|  |TAMS 0x0000000094300000, 0x0000000094200000| Untracked 
| 323|0x0000000094300000, 0x0000000094400000, 0x0000000094400000|100%| O|  |TAMS 0x0000000094400000, 0x0000000094300000| Untracked 
| 324|0x0000000094400000, 0x0000000094500000, 0x0000000094500000|100%| O|  |TAMS 0x0000000094500000, 0x0000000094400000| Untracked 
| 325|0x0000000094500000, 0x0000000094600000, 0x0000000094600000|100%| O|  |TAMS 0x0000000094600000, 0x0000000094500000| Untracked 
| 326|0x0000000094600000, 0x0000000094700000, 0x0000000094700000|100%| O|  |TAMS 0x0000000094700000, 0x0000000094600000| Untracked 
| 327|0x0000000094700000, 0x0000000094800000, 0x0000000094800000|100%| O|  |TAMS 0x0000000094700000, 0x0000000094700000| Untracked 
| 328|0x0000000094800000, 0x0000000094900000, 0x0000000094900000|100%| O|  |TAMS 0x0000000094800000, 0x0000000094800000| Untracked 
| 329|0x0000000094900000, 0x0000000094a00000, 0x0000000094a00000|100%| O|  |TAMS 0x0000000094900000, 0x0000000094900000| Untracked 
| 330|0x0000000094a00000, 0x0000000094b00000, 0x0000000094b00000|100%| O|  |TAMS 0x0000000094b00000, 0x0000000094a00000| Untracked 
| 331|0x0000000094b00000, 0x0000000094c00000, 0x0000000094c00000|100%| O|  |TAMS 0x0000000094b00000, 0x0000000094b00000| Untracked 
| 332|0x0000000094c00000, 0x0000000094d00000, 0x0000000094d00000|100%| O|  |TAMS 0x0000000094d00000, 0x0000000094c00000| Untracked 
| 333|0x0000000094d00000, 0x0000000094e00000, 0x0000000094e00000|100%| O|  |TAMS 0x0000000094e00000, 0x0000000094d00000| Untracked 
| 334|0x0000000094e00000, 0x0000000094f00000, 0x0000000094f00000|100%| O|  |TAMS 0x0000000094f00000, 0x0000000094e00000| Untracked 
| 335|0x0000000094f00000, 0x0000000095000000, 0x0000000095000000|100%| O|  |TAMS 0x0000000095000000, 0x0000000094f00000| Untracked 
| 336|0x0000000095000000, 0x0000000095100000, 0x0000000095100000|100%| O|  |TAMS 0x0000000095100000, 0x0000000095000000| Untracked 
| 337|0x0000000095100000, 0x0000000095200000, 0x0000000095200000|100%| O|  |TAMS 0x0000000095200000, 0x0000000095100000| Untracked 
| 338|0x0000000095200000, 0x0000000095300000, 0x0000000095300000|100%| O|  |TAMS 0x0000000095300000, 0x0000000095200000| Untracked 
| 339|0x0000000095300000, 0x0000000095400000, 0x0000000095400000|100%| O|  |TAMS 0x0000000095400000, 0x0000000095300000| Untracked 
| 340|0x0000000095400000, 0x0000000095500000, 0x0000000095500000|100%| O|  |TAMS 0x0000000095500000, 0x0000000095400000| Untracked 
| 341|0x0000000095500000, 0x0000000095600000, 0x0000000095600000|100%| O|  |TAMS 0x0000000095600000, 0x0000000095500000| Untracked 
| 342|0x0000000095600000, 0x0000000095700000, 0x0000000095700000|100%| O|  |TAMS 0x0000000095700000, 0x0000000095600000| Untracked 
| 343|0x0000000095700000, 0x0000000095800000, 0x0000000095800000|100%| O|  |TAMS 0x0000000095800000, 0x0000000095700000| Untracked 
| 344|0x0000000095800000, 0x0000000095900000, 0x0000000095900000|100%| O|  |TAMS 0x0000000095900000, 0x0000000095800000| Untracked 
| 345|0x0000000095900000, 0x0000000095a00000, 0x0000000095a00000|100%| O|  |TAMS 0x0000000095a00000, 0x0000000095900000| Untracked 
| 346|0x0000000095a00000, 0x0000000095b00000, 0x0000000095b00000|100%| O|  |TAMS 0x0000000095b00000, 0x0000000095a00000| Untracked 
| 347|0x0000000095b00000, 0x0000000095c00000, 0x0000000095c00000|100%| O|  |TAMS 0x0000000095c00000, 0x0000000095b00000| Untracked 
| 348|0x0000000095c00000, 0x0000000095d00000, 0x0000000095d00000|100%| O|  |TAMS 0x0000000095d00000, 0x0000000095c00000| Untracked 
| 349|0x0000000095d00000, 0x0000000095e00000, 0x0000000095e00000|100%| O|  |TAMS 0x0000000095e00000, 0x0000000095d00000| Untracked 
| 350|0x0000000095e00000, 0x0000000095f00000, 0x0000000095f00000|100%| O|  |TAMS 0x0000000095f00000, 0x0000000095e00000| Untracked 
| 351|0x0000000095f00000, 0x0000000096000000, 0x0000000096000000|100%| O|  |TAMS 0x0000000095f00000, 0x0000000095f00000| Untracked 
| 352|0x0000000096000000, 0x0000000096100000, 0x0000000096100000|100%| O|  |TAMS 0x0000000096083a00, 0x0000000096000000| Untracked 
| 353|0x0000000096100000, 0x0000000096200000, 0x0000000096200000|100%| O|  |TAMS 0x0000000096100000, 0x0000000096100000| Untracked 
| 354|0x0000000096200000, 0x0000000096300000, 0x0000000096300000|100%| O|  |TAMS 0x0000000096200000, 0x0000000096200000| Untracked 
| 355|0x0000000096300000, 0x0000000096400000, 0x0000000096400000|100%| O|  |TAMS 0x0000000096300000, 0x0000000096300000| Untracked 
| 356|0x0000000096400000, 0x0000000096500000, 0x0000000096500000|100%| O|  |TAMS 0x0000000096400000, 0x0000000096400000| Untracked 
| 357|0x0000000096500000, 0x0000000096600000, 0x0000000096600000|100%| O|  |TAMS 0x0000000096500000, 0x0000000096500000| Untracked 
| 358|0x0000000096600000, 0x0000000096700000, 0x0000000096700000|100%| O|  |TAMS 0x0000000096600000, 0x0000000096600000| Untracked 
| 359|0x0000000096700000, 0x0000000096800000, 0x0000000096800000|100%| O|  |TAMS 0x0000000096700000, 0x0000000096700000| Untracked 
| 360|0x0000000096800000, 0x0000000096900000, 0x0000000096900000|100%| O|  |TAMS 0x0000000096800000, 0x0000000096800000| Untracked 
| 361|0x0000000096900000, 0x0000000096a00000, 0x0000000096a00000|100%| O|  |TAMS 0x0000000096900000, 0x0000000096900000| Untracked 
| 362|0x0000000096a00000, 0x0000000096b00000, 0x0000000096b00000|100%| O|  |TAMS 0x0000000096a00000, 0x0000000096a00000| Untracked 
| 363|0x0000000096b00000, 0x0000000096c00000, 0x0000000096c00000|100%| O|  |TAMS 0x0000000096b00000, 0x0000000096b00000| Untracked 
| 364|0x0000000096c00000, 0x0000000096d00000, 0x0000000096d00000|100%| O|  |TAMS 0x0000000096c00000, 0x0000000096c00000| Untracked 
| 365|0x0000000096d00000, 0x0000000096e00000, 0x0000000096e00000|100%| O|  |TAMS 0x0000000096d00000, 0x0000000096d00000| Untracked 
| 366|0x0000000096e00000, 0x0000000096f00000, 0x0000000096f00000|100%| O|  |TAMS 0x0000000096e00000, 0x0000000096e00000| Untracked 
| 367|0x0000000096f00000, 0x0000000097000000, 0x0000000097000000|100%| O|  |TAMS 0x0000000096f00000, 0x0000000096f00000| Untracked 
| 368|0x0000000097000000, 0x0000000097100000, 0x0000000097100000|100%| O|  |TAMS 0x0000000097000000, 0x0000000097000000| Untracked 
| 369|0x0000000097100000, 0x0000000097200000, 0x0000000097200000|100%| O|  |TAMS 0x0000000097100000, 0x0000000097100000| Untracked 
| 370|0x0000000097200000, 0x0000000097300000, 0x0000000097300000|100%| O|  |TAMS 0x0000000097200000, 0x0000000097200000| Untracked 
| 371|0x0000000097300000, 0x0000000097400000, 0x0000000097400000|100%| O|  |TAMS 0x0000000097300000, 0x0000000097300000| Untracked 
| 372|0x0000000097400000, 0x0000000097500000, 0x0000000097500000|100%| O|  |TAMS 0x0000000097400000, 0x0000000097400000| Untracked 
| 373|0x0000000097500000, 0x0000000097600000, 0x0000000097600000|100%| O|  |TAMS 0x0000000097500000, 0x0000000097500000| Untracked 
| 374|0x0000000097600000, 0x0000000097700000, 0x0000000097700000|100%| O|  |TAMS 0x0000000097600000, 0x0000000097600000| Untracked 
| 375|0x0000000097700000, 0x0000000097800000, 0x0000000097800000|100%| O|  |TAMS 0x0000000097700000, 0x0000000097700000| Untracked 
| 376|0x0000000097800000, 0x0000000097900000, 0x0000000097900000|100%| O|  |TAMS 0x0000000097800000, 0x0000000097800000| Untracked 
| 377|0x0000000097900000, 0x0000000097a00000, 0x0000000097a00000|100%| O|  |TAMS 0x0000000097900000, 0x0000000097900000| Untracked 
| 378|0x0000000097a00000, 0x0000000097b00000, 0x0000000097b00000|100%| O|  |TAMS 0x0000000097a00000, 0x0000000097a00000| Untracked 
| 379|0x0000000097b00000, 0x0000000097c00000, 0x0000000097c00000|100%| O|  |TAMS 0x0000000097b00000, 0x0000000097b00000| Untracked 
| 380|0x0000000097c00000, 0x0000000097d00000, 0x0000000097d00000|100%| O|  |TAMS 0x0000000097c00000, 0x0000000097c00000| Untracked 
| 381|0x0000000097d00000, 0x0000000097e00000, 0x0000000097e00000|100%| O|  |TAMS 0x0000000097d00000, 0x0000000097d00000| Untracked 
| 382|0x0000000097e00000, 0x0000000097f00000, 0x0000000097f00000|100%| O|  |TAMS 0x0000000097e00000, 0x0000000097e00000| Untracked 
| 383|0x0000000097f00000, 0x0000000098000000, 0x0000000098000000|100%| O|  |TAMS 0x0000000097f00000, 0x0000000097f00000| Untracked 
| 384|0x0000000098000000, 0x0000000098100000, 0x0000000098100000|100%| O|  |TAMS 0x0000000098000000, 0x0000000098000000| Untracked 
| 385|0x0000000098100000, 0x0000000098200000, 0x0000000098200000|100%| O|  |TAMS 0x0000000098100000, 0x0000000098100000| Untracked 
| 386|0x0000000098200000, 0x0000000098300000, 0x0000000098300000|100%| O|  |TAMS 0x0000000098200000, 0x0000000098200000| Untracked 
| 387|0x0000000098300000, 0x0000000098400000, 0x0000000098400000|100%| O|  |TAMS 0x0000000098300000, 0x0000000098300000| Untracked 
| 388|0x0000000098400000, 0x0000000098500000, 0x0000000098500000|100%| O|  |TAMS 0x0000000098400000, 0x0000000098400000| Untracked 
| 389|0x0000000098500000, 0x0000000098600000, 0x0000000098600000|100%| O|  |TAMS 0x0000000098500000, 0x0000000098500000| Untracked 
| 390|0x0000000098600000, 0x0000000098700000, 0x0000000098700000|100%| O|  |TAMS 0x0000000098600000, 0x0000000098600000| Untracked 
| 391|0x0000000098700000, 0x0000000098800000, 0x0000000098800000|100%| O|  |TAMS 0x0000000098700000, 0x0000000098700000| Untracked 
| 392|0x0000000098800000, 0x0000000098900000, 0x0000000098900000|100%| O|  |TAMS 0x0000000098800000, 0x0000000098800000| Untracked 
| 393|0x0000000098900000, 0x0000000098a00000, 0x0000000098a00000|100%| O|  |TAMS 0x0000000098900000, 0x0000000098900000| Untracked 
| 394|0x0000000098a00000, 0x0000000098b00000, 0x0000000098b00000|100%| O|  |TAMS 0x0000000098a00000, 0x0000000098a00000| Untracked 
| 395|0x0000000098b00000, 0x0000000098c00000, 0x0000000098c00000|100%| O|  |TAMS 0x0000000098b00000, 0x0000000098b00000| Untracked 
| 396|0x0000000098c00000, 0x0000000098d00000, 0x0000000098d00000|100%| O|  |TAMS 0x0000000098c00000, 0x0000000098c00000| Untracked 
| 397|0x0000000098d00000, 0x0000000098e00000, 0x0000000098e00000|100%| O|  |TAMS 0x0000000098d00000, 0x0000000098d00000| Untracked 
| 398|0x0000000098e00000, 0x0000000098f00000, 0x0000000098f00000|100%| O|  |TAMS 0x0000000098e00000, 0x0000000098e00000| Untracked 
| 399|0x0000000098f00000, 0x0000000099000000, 0x0000000099000000|100%| O|  |TAMS 0x0000000098f00000, 0x0000000098f00000| Untracked 
| 400|0x0000000099000000, 0x0000000099100000, 0x0000000099100000|100%| O|  |TAMS 0x0000000099000000, 0x0000000099000000| Untracked 
| 401|0x0000000099100000, 0x0000000099200000, 0x0000000099200000|100%| O|  |TAMS 0x0000000099100000, 0x0000000099100000| Untracked 
| 402|0x0000000099200000, 0x0000000099300000, 0x0000000099300000|100%| O|  |TAMS 0x0000000099200000, 0x0000000099200000| Untracked 
| 403|0x0000000099300000, 0x0000000099400000, 0x0000000099400000|100%| O|  |TAMS 0x0000000099300000, 0x0000000099300000| Untracked 
| 404|0x0000000099400000, 0x0000000099500000, 0x0000000099500000|100%| O|  |TAMS 0x0000000099400000, 0x0000000099400000| Untracked 
| 405|0x0000000099500000, 0x0000000099600000, 0x0000000099600000|100%| O|  |TAMS 0x0000000099500000, 0x0000000099500000| Untracked 
| 406|0x0000000099600000, 0x0000000099700000, 0x0000000099700000|100%| O|  |TAMS 0x0000000099600000, 0x0000000099600000| Untracked 
| 407|0x0000000099700000, 0x0000000099800000, 0x0000000099800000|100%| O|  |TAMS 0x0000000099700000, 0x0000000099700000| Untracked 
| 408|0x0000000099800000, 0x0000000099900000, 0x0000000099900000|100%| O|  |TAMS 0x0000000099800000, 0x0000000099800000| Untracked 
| 409|0x0000000099900000, 0x0000000099a00000, 0x0000000099a00000|100%| O|  |TAMS 0x0000000099900000, 0x0000000099900000| Untracked 
| 410|0x0000000099a00000, 0x0000000099b00000, 0x0000000099b00000|100%| O|  |TAMS 0x0000000099a00000, 0x0000000099a00000| Untracked 
| 411|0x0000000099b00000, 0x0000000099c00000, 0x0000000099c00000|100%| O|  |TAMS 0x0000000099b00000, 0x0000000099b00000| Untracked 
| 412|0x0000000099c00000, 0x0000000099d00000, 0x0000000099d00000|100%| O|  |TAMS 0x0000000099c00000, 0x0000000099c00000| Untracked 
| 413|0x0000000099d00000, 0x0000000099e00000, 0x0000000099e00000|100%| O|  |TAMS 0x0000000099d00000, 0x0000000099d00000| Untracked 
| 414|0x0000000099e00000, 0x0000000099f00000, 0x0000000099f00000|100%| O|  |TAMS 0x0000000099e00000, 0x0000000099e00000| Untracked 
| 415|0x0000000099f00000, 0x000000009a000000, 0x000000009a000000|100%| O|  |TAMS 0x0000000099f00000, 0x0000000099f00000| Untracked 
| 416|0x000000009a000000, 0x000000009a100000, 0x000000009a100000|100%| O|  |TAMS 0x000000009a000000, 0x000000009a000000| Untracked 
| 417|0x000000009a100000, 0x000000009a200000, 0x000000009a200000|100%| O|  |TAMS 0x000000009a100000, 0x000000009a100000| Untracked 
| 418|0x000000009a200000, 0x000000009a300000, 0x000000009a300000|100%| O|  |TAMS 0x000000009a200000, 0x000000009a200000| Untracked 
| 419|0x000000009a300000, 0x000000009a400000, 0x000000009a400000|100%| O|  |TAMS 0x000000009a300000, 0x000000009a300000| Untracked 
| 420|0x000000009a400000, 0x000000009a500000, 0x000000009a500000|100%| O|  |TAMS 0x000000009a400000, 0x000000009a400000| Untracked 
| 421|0x000000009a500000, 0x000000009a600000, 0x000000009a600000|100%| O|  |TAMS 0x000000009a500000, 0x000000009a500000| Untracked 
| 422|0x000000009a600000, 0x000000009a700000, 0x000000009a700000|100%| O|  |TAMS 0x000000009a600000, 0x000000009a600000| Untracked 
| 423|0x000000009a700000, 0x000000009a800000, 0x000000009a800000|100%| O|  |TAMS 0x000000009a700000, 0x000000009a700000| Untracked 
| 424|0x000000009a800000, 0x000000009a900000, 0x000000009a900000|100%| O|  |TAMS 0x000000009a800000, 0x000000009a800000| Untracked 
| 425|0x000000009a900000, 0x000000009aa00000, 0x000000009aa00000|100%| O|  |TAMS 0x000000009a900000, 0x000000009a900000| Untracked 
| 426|0x000000009aa00000, 0x000000009ab00000, 0x000000009ab00000|100%| O|  |TAMS 0x000000009aa00000, 0x000000009aa00000| Untracked 
| 427|0x000000009ab00000, 0x000000009ac00000, 0x000000009ac00000|100%| O|  |TAMS 0x000000009ab00000, 0x000000009ab00000| Untracked 
| 428|0x000000009ac00000, 0x000000009ad00000, 0x000000009ad00000|100%| O|  |TAMS 0x000000009ac00000, 0x000000009ac00000| Untracked 
| 429|0x000000009ad00000, 0x000000009ae00000, 0x000000009ae00000|100%| O|  |TAMS 0x000000009ad00000, 0x000000009ad00000| Untracked 
| 430|0x000000009ae00000, 0x000000009af00000, 0x000000009af00000|100%| O|  |TAMS 0x000000009ae00000, 0x000000009ae00000| Untracked 
| 431|0x000000009af00000, 0x000000009b000000, 0x000000009b000000|100%| O|  |TAMS 0x000000009af00000, 0x000000009af00000| Untracked 
| 432|0x000000009b000000, 0x000000009b100000, 0x000000009b100000|100%| O|  |TAMS 0x000000009b000000, 0x000000009b000000| Untracked 
| 433|0x000000009b100000, 0x000000009b200000, 0x000000009b200000|100%| O|  |TAMS 0x000000009b100000, 0x000000009b100000| Untracked 
| 434|0x000000009b200000, 0x000000009b300000, 0x000000009b300000|100%| O|  |TAMS 0x000000009b200000, 0x000000009b200000| Untracked 
| 435|0x000000009b300000, 0x000000009b400000, 0x000000009b400000|100%| O|  |TAMS 0x000000009b300000, 0x000000009b300000| Untracked 
| 436|0x000000009b400000, 0x000000009b500000, 0x000000009b500000|100%| O|  |TAMS 0x000000009b400000, 0x000000009b400000| Untracked 
| 437|0x000000009b500000, 0x000000009b600000, 0x000000009b600000|100%| O|  |TAMS 0x000000009b500000, 0x000000009b500000| Untracked 
| 438|0x000000009b600000, 0x000000009b700000, 0x000000009b700000|100%| O|  |TAMS 0x000000009b600000, 0x000000009b600000| Untracked 
| 439|0x000000009b700000, 0x000000009b800000, 0x000000009b800000|100%| O|  |TAMS 0x000000009b700000, 0x000000009b700000| Untracked 
| 440|0x000000009b800000, 0x000000009b900000, 0x000000009b900000|100%| O|  |TAMS 0x000000009b800000, 0x000000009b800000| Untracked 
| 441|0x000000009b900000, 0x000000009ba00000, 0x000000009ba00000|100%| O|  |TAMS 0x000000009b900000, 0x000000009b900000| Untracked 
| 442|0x000000009ba00000, 0x000000009bb00000, 0x000000009bb00000|100%|HS|  |TAMS 0x000000009ba00000, 0x000000009ba00000| Complete 
| 443|0x000000009bb00000, 0x000000009bc00000, 0x000000009bc00000|100%|HC|  |TAMS 0x000000009bb00000, 0x000000009bb00000| Complete 
| 444|0x000000009bc00000, 0x000000009bd00000, 0x000000009bd00000|100%| O|  |TAMS 0x000000009bc00000, 0x000000009bc00000| Untracked 
| 445|0x000000009bd00000, 0x000000009be00000, 0x000000009be00000|100%| O|  |TAMS 0x000000009bd00000, 0x000000009bd00000| Untracked 
| 446|0x000000009be00000, 0x000000009bf00000, 0x000000009bf00000|100%| O|  |TAMS 0x000000009be00000, 0x000000009be00000| Untracked 
| 447|0x000000009bf00000, 0x000000009c000000, 0x000000009c000000|100%| O|  |TAMS 0x000000009bf00000, 0x000000009bf00000| Untracked 
| 448|0x000000009c000000, 0x000000009c100000, 0x000000009c100000|100%| O|  |TAMS 0x000000009c000000, 0x000000009c000000| Untracked 
| 449|0x000000009c100000, 0x000000009c200000, 0x000000009c200000|100%| O|  |TAMS 0x000000009c100000, 0x000000009c100000| Untracked 
| 450|0x000000009c200000, 0x000000009c300000, 0x000000009c300000|100%| O|  |TAMS 0x000000009c200000, 0x000000009c200000| Untracked 
| 451|0x000000009c300000, 0x000000009c400000, 0x000000009c400000|100%| O|  |TAMS 0x000000009c300000, 0x000000009c300000| Untracked 
| 452|0x000000009c400000, 0x000000009c500000, 0x000000009c500000|100%| O|  |TAMS 0x000000009c400000, 0x000000009c400000| Untracked 
| 453|0x000000009c500000, 0x000000009c600000, 0x000000009c600000|100%| O|  |TAMS 0x000000009c500000, 0x000000009c500000| Untracked 
| 454|0x000000009c600000, 0x000000009c700000, 0x000000009c700000|100%| O|  |TAMS 0x000000009c600000, 0x000000009c600000| Untracked 
| 455|0x000000009c700000, 0x000000009c800000, 0x000000009c800000|100%| O|  |TAMS 0x000000009c700000, 0x000000009c700000| Untracked 
| 456|0x000000009c800000, 0x000000009c900000, 0x000000009c900000|100%| O|  |TAMS 0x000000009c800000, 0x000000009c800000| Untracked 
| 457|0x000000009c900000, 0x000000009ca00000, 0x000000009ca00000|100%| O|  |TAMS 0x000000009c900000, 0x000000009c900000| Untracked 
| 458|0x000000009ca00000, 0x000000009cb00000, 0x000000009cb00000|100%| O|  |TAMS 0x000000009ca00000, 0x000000009ca00000| Untracked 
| 459|0x000000009cb00000, 0x000000009cc00000, 0x000000009cc00000|100%| O|  |TAMS 0x000000009cb00000, 0x000000009cb00000| Untracked 
| 460|0x000000009cc00000, 0x000000009cd00000, 0x000000009cd00000|100%| O|  |TAMS 0x000000009cc00000, 0x000000009cc00000| Untracked 
| 461|0x000000009cd00000, 0x000000009ce00000, 0x000000009ce00000|100%| O|  |TAMS 0x000000009cd00000, 0x000000009cd00000| Untracked 
| 462|0x000000009ce00000, 0x000000009cf00000, 0x000000009cf00000|100%| O|  |TAMS 0x000000009ce00000, 0x000000009ce00000| Untracked 
| 463|0x000000009cf00000, 0x000000009d000000, 0x000000009d000000|100%| O|  |TAMS 0x000000009cf00000, 0x000000009cf00000| Untracked 
| 464|0x000000009d000000, 0x000000009d100000, 0x000000009d100000|100%| O|  |TAMS 0x000000009d000000, 0x000000009d000000| Untracked 
| 465|0x000000009d100000, 0x000000009d200000, 0x000000009d200000|100%| O|  |TAMS 0x000000009d100000, 0x000000009d100000| Untracked 
| 466|0x000000009d200000, 0x000000009d300000, 0x000000009d300000|100%| O|  |TAMS 0x000000009d200000, 0x000000009d200000| Untracked 
| 467|0x000000009d300000, 0x000000009d400000, 0x000000009d400000|100%| O|  |TAMS 0x000000009d300000, 0x000000009d300000| Untracked 
| 468|0x000000009d400000, 0x000000009d500000, 0x000000009d500000|100%| O|  |TAMS 0x000000009d400000, 0x000000009d400000| Untracked 
| 469|0x000000009d500000, 0x000000009d600000, 0x000000009d600000|100%| O|  |TAMS 0x000000009d500000, 0x000000009d500000| Untracked 
| 470|0x000000009d600000, 0x000000009d700000, 0x000000009d700000|100%| O|  |TAMS 0x000000009d600000, 0x000000009d600000| Untracked 
| 471|0x000000009d700000, 0x000000009d800000, 0x000000009d800000|100%| O|  |TAMS 0x000000009d700000, 0x000000009d700000| Untracked 
| 472|0x000000009d800000, 0x000000009d900000, 0x000000009d900000|100%| O|  |TAMS 0x000000009d800000, 0x000000009d800000| Untracked 
| 473|0x000000009d900000, 0x000000009da00000, 0x000000009da00000|100%| O|  |TAMS 0x000000009d900000, 0x000000009d900000| Untracked 
| 474|0x000000009da00000, 0x000000009db00000, 0x000000009db00000|100%| O|  |TAMS 0x000000009da00000, 0x000000009da00000| Untracked 
| 475|0x000000009db00000, 0x000000009dc00000, 0x000000009dc00000|100%| O|  |TAMS 0x000000009db00000, 0x000000009db00000| Untracked 
| 476|0x000000009dc00000, 0x000000009dd00000, 0x000000009dd00000|100%| O|  |TAMS 0x000000009dc00000, 0x000000009dc00000| Untracked 
| 477|0x000000009dd00000, 0x000000009de00000, 0x000000009de00000|100%| O|  |TAMS 0x000000009dd00000, 0x000000009dd00000| Untracked 
| 478|0x000000009de00000, 0x000000009df00000, 0x000000009df00000|100%| O|  |TAMS 0x000000009de00000, 0x000000009de00000| Untracked 
| 479|0x000000009df00000, 0x000000009e000000, 0x000000009e000000|100%| O|  |TAMS 0x000000009df00000, 0x000000009df00000| Untracked 
| 480|0x000000009e000000, 0x000000009e100000, 0x000000009e100000|100%| O|  |TAMS 0x000000009e000000, 0x000000009e000000| Untracked 
| 481|0x000000009e100000, 0x000000009e200000, 0x000000009e200000|100%| O|  |TAMS 0x000000009e100000, 0x000000009e100000| Untracked 
| 482|0x000000009e200000, 0x000000009e300000, 0x000000009e300000|100%| O|  |TAMS 0x000000009e200000, 0x000000009e200000| Untracked 
| 483|0x000000009e300000, 0x000000009e400000, 0x000000009e400000|100%| O|  |TAMS 0x000000009e300000, 0x000000009e300000| Untracked 
| 484|0x000000009e400000, 0x000000009e500000, 0x000000009e500000|100%| O|  |TAMS 0x000000009e400000, 0x000000009e400000| Untracked 
| 485|0x000000009e500000, 0x000000009e600000, 0x000000009e600000|100%| O|  |TAMS 0x000000009e500000, 0x000000009e500000| Untracked 
| 486|0x000000009e600000, 0x000000009e700000, 0x000000009e700000|100%| O|  |TAMS 0x000000009e600000, 0x000000009e600000| Untracked 
| 487|0x000000009e700000, 0x000000009e800000, 0x000000009e800000|100%| O|  |TAMS 0x000000009e700000, 0x000000009e700000| Untracked 
| 488|0x000000009e800000, 0x000000009e900000, 0x000000009e900000|100%| O|  |TAMS 0x000000009e800000, 0x000000009e800000| Untracked 
| 489|0x000000009e900000, 0x000000009ea00000, 0x000000009ea00000|100%| O|  |TAMS 0x000000009e900000, 0x000000009e900000| Untracked 
| 490|0x000000009ea00000, 0x000000009eb00000, 0x000000009eb00000|100%| O|  |TAMS 0x000000009ea00000, 0x000000009ea00000| Untracked 
| 491|0x000000009eb00000, 0x000000009ec00000, 0x000000009ec00000|100%| O|  |TAMS 0x000000009eb00000, 0x000000009eb00000| Untracked 
| 492|0x000000009ec00000, 0x000000009ed00000, 0x000000009ed00000|100%| O|  |TAMS 0x000000009ec00000, 0x000000009ec00000| Untracked 
| 493|0x000000009ed00000, 0x000000009ee00000, 0x000000009ee00000|100%| O|  |TAMS 0x000000009ed00000, 0x000000009ed00000| Untracked 
| 494|0x000000009ee00000, 0x000000009ef00000, 0x000000009ef00000|100%| O|  |TAMS 0x000000009ee00000, 0x000000009ee00000| Untracked 
| 495|0x000000009ef00000, 0x000000009f000000, 0x000000009f000000|100%| O|  |TAMS 0x000000009ef00000, 0x000000009ef00000| Untracked 
| 496|0x000000009f000000, 0x000000009f100000, 0x000000009f100000|100%| O|  |TAMS 0x000000009f000000, 0x000000009f000000| Untracked 
| 497|0x000000009f100000, 0x000000009f200000, 0x000000009f200000|100%| O|  |TAMS 0x000000009f100000, 0x000000009f100000| Untracked 
| 498|0x000000009f200000, 0x000000009f300000, 0x000000009f300000|100%| O|  |TAMS 0x000000009f200000, 0x000000009f200000| Untracked 
| 499|0x000000009f300000, 0x000000009f400000, 0x000000009f400000|100%| O|  |TAMS 0x000000009f300000, 0x000000009f300000| Untracked 
| 500|0x000000009f400000, 0x000000009f500000, 0x000000009f500000|100%| O|  |TAMS 0x000000009f400000, 0x000000009f400000| Untracked 
| 501|0x000000009f500000, 0x000000009f600000, 0x000000009f600000|100%| O|  |TAMS 0x000000009f500000, 0x000000009f500000| Untracked 
| 502|0x000000009f600000, 0x000000009f700000, 0x000000009f700000|100%| O|  |TAMS 0x000000009f600000, 0x000000009f600000| Untracked 
| 503|0x000000009f700000, 0x000000009f800000, 0x000000009f800000|100%| O|  |TAMS 0x000000009f700000, 0x000000009f700000| Untracked 
| 504|0x000000009f800000, 0x000000009f900000, 0x000000009f900000|100%| O|  |TAMS 0x000000009f800000, 0x000000009f800000| Untracked 
| 505|0x000000009f900000, 0x000000009fa00000, 0x000000009fa00000|100%| O|  |TAMS 0x000000009f900000, 0x000000009f900000| Untracked 
| 506|0x000000009fa00000, 0x000000009fb00000, 0x000000009fb00000|100%| O|  |TAMS 0x000000009fa00000, 0x000000009fa00000| Untracked 
| 507|0x000000009fb00000, 0x000000009fc00000, 0x000000009fc00000|100%| O|  |TAMS 0x000000009fb00000, 0x000000009fb00000| Untracked 
| 508|0x000000009fc00000, 0x000000009fd00000, 0x000000009fd00000|100%| O|  |TAMS 0x000000009fc00000, 0x000000009fc00000| Untracked 
| 509|0x000000009fd00000, 0x000000009fe00000, 0x000000009fe00000|100%| O|  |TAMS 0x000000009fd00000, 0x000000009fd00000| Untracked 
| 510|0x000000009fe00000, 0x000000009ff00000, 0x000000009ff00000|100%| O|  |TAMS 0x000000009fe00000, 0x000000009fe00000| Untracked 
| 511|0x000000009ff00000, 0x00000000a0000000, 0x00000000a0000000|100%| O|  |TAMS 0x000000009ff00000, 0x000000009ff00000| Untracked 
| 512|0x00000000a0000000, 0x00000000a0100000, 0x00000000a0100000|100%| O|  |TAMS 0x00000000a0000000, 0x00000000a0000000| Untracked 
| 513|0x00000000a0100000, 0x00000000a0200000, 0x00000000a0200000|100%| O|  |TAMS 0x00000000a0100000, 0x00000000a0100000| Untracked 
| 514|0x00000000a0200000, 0x00000000a0300000, 0x00000000a0300000|100%| O|  |TAMS 0x00000000a0200000, 0x00000000a0200000| Untracked 
| 515|0x00000000a0300000, 0x00000000a0300000, 0x00000000a0400000|  0%| F|  |TAMS 0x00000000a0300000, 0x00000000a0300000| Untracked 
| 516|0x00000000a0400000, 0x00000000a0400000, 0x00000000a0500000|  0%| F|  |TAMS 0x00000000a0400000, 0x00000000a0400000| Untracked 
| 517|0x00000000a0500000, 0x00000000a0600000, 0x00000000a0600000|100%| O|  |TAMS 0x00000000a0500000, 0x00000000a0500000| Untracked 
| 518|0x00000000a0600000, 0x00000000a0700000, 0x00000000a0700000|100%| O|  |TAMS 0x00000000a0600000, 0x00000000a0600000| Untracked 
| 519|0x00000000a0700000, 0x00000000a0800000, 0x00000000a0800000|100%| O|  |TAMS 0x00000000a0700000, 0x00000000a0700000| Untracked 
| 520|0x00000000a0800000, 0x00000000a0892e00, 0x00000000a0900000| 57%| O|  |TAMS 0x00000000a0800000, 0x00000000a0800000| Untracked 
| 521|0x00000000a0900000, 0x00000000a0900000, 0x00000000a0a00000|  0%| F|  |TAMS 0x00000000a0900000, 0x00000000a0900000| Untracked 
| 522|0x00000000a0a00000, 0x00000000a0a00000, 0x00000000a0b00000|  0%| F|  |TAMS 0x00000000a0a00000, 0x00000000a0a00000| Untracked 
| 523|0x00000000a0b00000, 0x00000000a0b00000, 0x00000000a0c00000|  0%| F|  |TAMS 0x00000000a0b00000, 0x00000000a0b00000| Untracked 
| 524|0x00000000a0c00000, 0x00000000a0c00000, 0x00000000a0d00000|  0%| F|  |TAMS 0x00000000a0c00000, 0x00000000a0c00000| Untracked 
| 525|0x00000000a0d00000, 0x00000000a0d00000, 0x00000000a0e00000|  0%| F|  |TAMS 0x00000000a0d00000, 0x00000000a0d00000| Untracked 
| 526|0x00000000a0e00000, 0x00000000a0e00000, 0x00000000a0f00000|  0%| F|  |TAMS 0x00000000a0e00000, 0x00000000a0e00000| Untracked 
| 527|0x00000000a0f00000, 0x00000000a0f00000, 0x00000000a1000000|  0%| F|  |TAMS 0x00000000a0f00000, 0x00000000a0f00000| Untracked 
| 528|0x00000000a1000000, 0x00000000a1000000, 0x00000000a1100000|  0%| F|  |TAMS 0x00000000a1000000, 0x00000000a1000000| Untracked 
| 529|0x00000000a1100000, 0x00000000a1100000, 0x00000000a1200000|  0%| F|  |TAMS 0x00000000a1100000, 0x00000000a1100000| Untracked 
| 530|0x00000000a1200000, 0x00000000a1200000, 0x00000000a1300000|  0%| F|  |TAMS 0x00000000a1200000, 0x00000000a1200000| Untracked 
| 531|0x00000000a1300000, 0x00000000a1300000, 0x00000000a1400000|  0%| F|  |TAMS 0x00000000a1300000, 0x00000000a1300000| Untracked 
| 532|0x00000000a1400000, 0x00000000a1400000, 0x00000000a1500000|  0%| F|  |TAMS 0x00000000a1400000, 0x00000000a1400000| Untracked 
| 533|0x00000000a1500000, 0x00000000a1500000, 0x00000000a1600000|  0%| F|  |TAMS 0x00000000a1500000, 0x00000000a1500000| Untracked 
| 534|0x00000000a1600000, 0x00000000a1600000, 0x00000000a1700000|  0%| F|  |TAMS 0x00000000a1600000, 0x00000000a1600000| Untracked 
| 535|0x00000000a1700000, 0x00000000a1700000, 0x00000000a1800000|  0%| F|  |TAMS 0x00000000a1700000, 0x00000000a1700000| Untracked 
| 536|0x00000000a1800000, 0x00000000a1800000, 0x00000000a1900000|  0%| F|  |TAMS 0x00000000a1800000, 0x00000000a1800000| Untracked 
| 537|0x00000000a1900000, 0x00000000a1900000, 0x00000000a1a00000|  0%| F|  |TAMS 0x00000000a1900000, 0x00000000a1900000| Untracked 
| 538|0x00000000a1a00000, 0x00000000a1a00000, 0x00000000a1b00000|  0%| F|  |TAMS 0x00000000a1a00000, 0x00000000a1a00000| Untracked 
| 539|0x00000000a1b00000, 0x00000000a1b00000, 0x00000000a1c00000|  0%| F|  |TAMS 0x00000000a1b00000, 0x00000000a1b00000| Untracked 
| 540|0x00000000a1c00000, 0x00000000a1c00000, 0x00000000a1d00000|  0%| F|  |TAMS 0x00000000a1c00000, 0x00000000a1c00000| Untracked 
| 541|0x00000000a1d00000, 0x00000000a1d00000, 0x00000000a1e00000|  0%| F|  |TAMS 0x00000000a1d00000, 0x00000000a1d00000| Untracked 
| 542|0x00000000a1e00000, 0x00000000a1e00000, 0x00000000a1f00000|  0%| F|  |TAMS 0x00000000a1e00000, 0x00000000a1e00000| Untracked 
| 543|0x00000000a1f00000, 0x00000000a1f00000, 0x00000000a2000000|  0%| F|  |TAMS 0x00000000a1f00000, 0x00000000a1f00000| Untracked 
| 544|0x00000000a2000000, 0x00000000a2000000, 0x00000000a2100000|  0%| F|  |TAMS 0x00000000a2000000, 0x00000000a2000000| Untracked 
| 545|0x00000000a2100000, 0x00000000a2100000, 0x00000000a2200000|  0%| F|  |TAMS 0x00000000a2100000, 0x00000000a2100000| Untracked 
| 546|0x00000000a2200000, 0x00000000a2200000, 0x00000000a2300000|  0%| F|  |TAMS 0x00000000a2200000, 0x00000000a2200000| Untracked 
| 547|0x00000000a2300000, 0x00000000a2300000, 0x00000000a2400000|  0%| F|  |TAMS 0x00000000a2300000, 0x00000000a2300000| Untracked 
| 548|0x00000000a2400000, 0x00000000a2400000, 0x00000000a2500000|  0%| F|  |TAMS 0x00000000a2400000, 0x00000000a2400000| Untracked 
| 549|0x00000000a2500000, 0x00000000a2500000, 0x00000000a2600000|  0%| F|  |TAMS 0x00000000a2500000, 0x00000000a2500000| Untracked 
| 550|0x00000000a2600000, 0x00000000a2600000, 0x00000000a2700000|  0%| F|  |TAMS 0x00000000a2600000, 0x00000000a2600000| Untracked 
| 551|0x00000000a2700000, 0x00000000a2700000, 0x00000000a2800000|  0%| F|  |TAMS 0x00000000a2700000, 0x00000000a2700000| Untracked 
| 552|0x00000000a2800000, 0x00000000a2800000, 0x00000000a2900000|  0%| F|  |TAMS 0x00000000a2800000, 0x00000000a2800000| Untracked 
| 553|0x00000000a2900000, 0x00000000a2900000, 0x00000000a2a00000|  0%| F|  |TAMS 0x00000000a2900000, 0x00000000a2900000| Untracked 
| 554|0x00000000a2a00000, 0x00000000a2a00000, 0x00000000a2b00000|  0%| F|  |TAMS 0x00000000a2a00000, 0x00000000a2a00000| Untracked 
| 555|0x00000000a2b00000, 0x00000000a2b00000, 0x00000000a2c00000|  0%| F|  |TAMS 0x00000000a2b00000, 0x00000000a2b00000| Untracked 
| 556|0x00000000a2c00000, 0x00000000a2c00000, 0x00000000a2d00000|  0%| F|  |TAMS 0x00000000a2c00000, 0x00000000a2c00000| Untracked 
| 557|0x00000000a2d00000, 0x00000000a2d00000, 0x00000000a2e00000|  0%| F|  |TAMS 0x00000000a2d00000, 0x00000000a2d00000| Untracked 
| 558|0x00000000a2e00000, 0x00000000a2e00000, 0x00000000a2f00000|  0%| F|  |TAMS 0x00000000a2e00000, 0x00000000a2e00000| Untracked 
| 559|0x00000000a2f00000, 0x00000000a2f00000, 0x00000000a3000000|  0%| F|  |TAMS 0x00000000a2f00000, 0x00000000a2f00000| Untracked 
| 560|0x00000000a3000000, 0x00000000a3000000, 0x00000000a3100000|  0%| F|  |TAMS 0x00000000a3000000, 0x00000000a3000000| Untracked 
| 561|0x00000000a3100000, 0x00000000a3100000, 0x00000000a3200000|  0%| F|  |TAMS 0x00000000a3100000, 0x00000000a3100000| Untracked 
| 562|0x00000000a3200000, 0x00000000a3200000, 0x00000000a3300000|  0%| F|  |TAMS 0x00000000a3200000, 0x00000000a3200000| Untracked 
| 563|0x00000000a3300000, 0x00000000a3300000, 0x00000000a3400000|  0%| F|  |TAMS 0x00000000a3300000, 0x00000000a3300000| Untracked 
| 564|0x00000000a3400000, 0x00000000a3400000, 0x00000000a3500000|  0%| F|  |TAMS 0x00000000a3400000, 0x00000000a3400000| Untracked 
| 565|0x00000000a3500000, 0x00000000a3500000, 0x00000000a3600000|  0%| F|  |TAMS 0x00000000a3500000, 0x00000000a3500000| Untracked 
| 566|0x00000000a3600000, 0x00000000a3600000, 0x00000000a3700000|  0%| F|  |TAMS 0x00000000a3600000, 0x00000000a3600000| Untracked 
| 567|0x00000000a3700000, 0x00000000a3700000, 0x00000000a3800000|  0%| F|  |TAMS 0x00000000a3700000, 0x00000000a3700000| Untracked 
| 568|0x00000000a3800000, 0x00000000a3800000, 0x00000000a3900000|  0%| F|  |TAMS 0x00000000a3800000, 0x00000000a3800000| Untracked 
| 569|0x00000000a3900000, 0x00000000a3900000, 0x00000000a3a00000|  0%| F|  |TAMS 0x00000000a3900000, 0x00000000a3900000| Untracked 
| 570|0x00000000a3a00000, 0x00000000a3a00000, 0x00000000a3b00000|  0%| F|  |TAMS 0x00000000a3a00000, 0x00000000a3a00000| Untracked 
| 571|0x00000000a3b00000, 0x00000000a3b00000, 0x00000000a3c00000|  0%| F|  |TAMS 0x00000000a3b00000, 0x00000000a3b00000| Untracked 
| 572|0x00000000a3c00000, 0x00000000a3c00000, 0x00000000a3d00000|  0%| F|  |TAMS 0x00000000a3c00000, 0x00000000a3c00000| Untracked 
| 573|0x00000000a3d00000, 0x00000000a3d00000, 0x00000000a3e00000|  0%| F|  |TAMS 0x00000000a3d00000, 0x00000000a3d00000| Untracked 
| 574|0x00000000a3e00000, 0x00000000a3e00000, 0x00000000a3f00000|  0%| F|  |TAMS 0x00000000a3e00000, 0x00000000a3e00000| Untracked 
| 575|0x00000000a3f00000, 0x00000000a3f00000, 0x00000000a4000000|  0%| F|  |TAMS 0x00000000a3f00000, 0x00000000a3f00000| Untracked 
| 576|0x00000000a4000000, 0x00000000a4000000, 0x00000000a4100000|  0%| F|  |TAMS 0x00000000a4000000, 0x00000000a4000000| Untracked 
| 577|0x00000000a4100000, 0x00000000a4100000, 0x00000000a4200000|  0%| F|  |TAMS 0x00000000a4100000, 0x00000000a4100000| Untracked 
| 578|0x00000000a4200000, 0x00000000a4200000, 0x00000000a4300000|  0%| F|  |TAMS 0x00000000a4200000, 0x00000000a4200000| Untracked 
| 579|0x00000000a4300000, 0x00000000a4300000, 0x00000000a4400000|  0%| F|  |TAMS 0x00000000a4300000, 0x00000000a4300000| Untracked 
| 580|0x00000000a4400000, 0x00000000a4400000, 0x00000000a4500000|  0%| F|  |TAMS 0x00000000a4400000, 0x00000000a4400000| Untracked 
| 581|0x00000000a4500000, 0x00000000a4500000, 0x00000000a4600000|  0%| F|  |TAMS 0x00000000a4500000, 0x00000000a4500000| Untracked 
| 582|0x00000000a4600000, 0x00000000a4600000, 0x00000000a4700000|  0%| F|  |TAMS 0x00000000a4600000, 0x00000000a4600000| Untracked 
| 583|0x00000000a4700000, 0x00000000a4700000, 0x00000000a4800000|  0%| F|  |TAMS 0x00000000a4700000, 0x00000000a4700000| Untracked 
| 584|0x00000000a4800000, 0x00000000a4800000, 0x00000000a4900000|  0%| F|  |TAMS 0x00000000a4800000, 0x00000000a4800000| Untracked 
| 585|0x00000000a4900000, 0x00000000a4900000, 0x00000000a4a00000|  0%| F|  |TAMS 0x00000000a4900000, 0x00000000a4900000| Untracked 
| 586|0x00000000a4a00000, 0x00000000a4a00000, 0x00000000a4b00000|  0%| F|  |TAMS 0x00000000a4a00000, 0x00000000a4a00000| Untracked 
| 587|0x00000000a4b00000, 0x00000000a4b00000, 0x00000000a4c00000|  0%| F|  |TAMS 0x00000000a4b00000, 0x00000000a4b00000| Untracked 
| 588|0x00000000a4c00000, 0x00000000a4ceac30, 0x00000000a4d00000| 91%| S|CS|TAMS 0x00000000a4c00000, 0x00000000a4c00000| Complete 
| 589|0x00000000a4d00000, 0x00000000a4e00000, 0x00000000a4e00000|100%| S|CS|TAMS 0x00000000a4d00000, 0x00000000a4d00000| Complete 
| 590|0x00000000a4e00000, 0x00000000a4f00000, 0x00000000a4f00000|100%| S|CS|TAMS 0x00000000a4e00000, 0x00000000a4e00000| Complete 
| 591|0x00000000a4f00000, 0x00000000a5000000, 0x00000000a5000000|100%| S|CS|TAMS 0x00000000a4f00000, 0x00000000a4f00000| Complete 
| 592|0x00000000a5000000, 0x00000000a5100000, 0x00000000a5100000|100%| S|CS|TAMS 0x00000000a5000000, 0x00000000a5000000| Complete 
| 593|0x00000000a5100000, 0x00000000a5200000, 0x00000000a5200000|100%| S|CS|TAMS 0x00000000a5100000, 0x00000000a5100000| Complete 
| 594|0x00000000a5200000, 0x00000000a5300000, 0x00000000a5300000|100%| S|CS|TAMS 0x00000000a5200000, 0x00000000a5200000| Complete 
| 595|0x00000000a5300000, 0x00000000a5400000, 0x00000000a5400000|100%| S|CS|TAMS 0x00000000a5300000, 0x00000000a5300000| Complete 
| 596|0x00000000a5400000, 0x00000000a5500000, 0x00000000a5500000|100%| S|CS|TAMS 0x00000000a5400000, 0x00000000a5400000| Complete 
| 597|0x00000000a5500000, 0x00000000a5600000, 0x00000000a5600000|100%| S|CS|TAMS 0x00000000a5500000, 0x00000000a5500000| Complete 
| 598|0x00000000a5600000, 0x00000000a5700000, 0x00000000a5700000|100%| S|CS|TAMS 0x00000000a5600000, 0x00000000a5600000| Complete 
| 599|0x00000000a5700000, 0x00000000a5800000, 0x00000000a5800000|100%| S|CS|TAMS 0x00000000a5700000, 0x00000000a5700000| Complete 
| 600|0x00000000a5800000, 0x00000000a5900000, 0x00000000a5900000|100%| S|CS|TAMS 0x00000000a5800000, 0x00000000a5800000| Complete 
| 601|0x00000000a5900000, 0x00000000a5a00000, 0x00000000a5a00000|100%| S|CS|TAMS 0x00000000a5900000, 0x00000000a5900000| Complete 
| 602|0x00000000a5a00000, 0x00000000a5b00000, 0x00000000a5b00000|100%| S|CS|TAMS 0x00000000a5a00000, 0x00000000a5a00000| Complete 
| 603|0x00000000a5b00000, 0x00000000a5c00000, 0x00000000a5c00000|100%| S|CS|TAMS 0x00000000a5b00000, 0x00000000a5b00000| Complete 
| 604|0x00000000a5c00000, 0x00000000a5d00000, 0x00000000a5d00000|100%| S|CS|TAMS 0x00000000a5c00000, 0x00000000a5c00000| Complete 
| 605|0x00000000a5d00000, 0x00000000a5e00000, 0x00000000a5e00000|100%| S|CS|TAMS 0x00000000a5d00000, 0x00000000a5d00000| Complete 
| 606|0x00000000a5e00000, 0x00000000a5e00000, 0x00000000a5f00000|  0%| F|  |TAMS 0x00000000a5e00000, 0x00000000a5e00000| Untracked 
| 607|0x00000000a5f00000, 0x00000000a5f00000, 0x00000000a6000000|  0%| F|  |TAMS 0x00000000a5f00000, 0x00000000a5f00000| Untracked 
| 608|0x00000000a6000000, 0x00000000a6100000, 0x00000000a6100000|100%| S|CS|TAMS 0x00000000a6000000, 0x00000000a6000000| Complete 
| 609|0x00000000a6100000, 0x00000000a6200000, 0x00000000a6200000|100%| S|CS|TAMS 0x00000000a6100000, 0x00000000a6100000| Complete 
| 610|0x00000000a6200000, 0x00000000a6300000, 0x00000000a6300000|100%| S|CS|TAMS 0x00000000a6200000, 0x00000000a6200000| Complete 
| 611|0x00000000a6300000, 0x00000000a6300000, 0x00000000a6400000|  0%| F|  |TAMS 0x00000000a6300000, 0x00000000a6300000| Untracked 
| 612|0x00000000a6400000, 0x00000000a6400000, 0x00000000a6500000|  0%| F|  |TAMS 0x00000000a6400000, 0x00000000a6400000| Untracked 
| 613|0x00000000a6500000, 0x00000000a6500000, 0x00000000a6600000|  0%| F|  |TAMS 0x00000000a6500000, 0x00000000a6500000| Untracked 
| 614|0x00000000a6600000, 0x00000000a6600000, 0x00000000a6700000|  0%| F|  |TAMS 0x00000000a6600000, 0x00000000a6600000| Untracked 
| 615|0x00000000a6700000, 0x00000000a6700000, 0x00000000a6800000|  0%| F|  |TAMS 0x00000000a6700000, 0x00000000a6700000| Untracked 
| 616|0x00000000a6800000, 0x00000000a6800000, 0x00000000a6900000|  0%| F|  |TAMS 0x00000000a6800000, 0x00000000a6800000| Untracked 
| 617|0x00000000a6900000, 0x00000000a6900000, 0x00000000a6a00000|  0%| F|  |TAMS 0x00000000a6900000, 0x00000000a6900000| Untracked 
| 618|0x00000000a6a00000, 0x00000000a6b00000, 0x00000000a6b00000|100%| S|CS|TAMS 0x00000000a6a00000, 0x00000000a6a00000| Complete 
| 619|0x00000000a6b00000, 0x00000000a6c00000, 0x00000000a6c00000|100%| S|CS|TAMS 0x00000000a6b00000, 0x00000000a6b00000| Complete 
| 620|0x00000000a6c00000, 0x00000000a6d00000, 0x00000000a6d00000|100%| S|CS|TAMS 0x00000000a6c00000, 0x00000000a6c00000| Complete 
| 621|0x00000000a6d00000, 0x00000000a6e00000, 0x00000000a6e00000|100%| S|CS|TAMS 0x00000000a6d00000, 0x00000000a6d00000| Complete 
| 622|0x00000000a6e00000, 0x00000000a6f00000, 0x00000000a6f00000|100%| S|CS|TAMS 0x00000000a6e00000, 0x00000000a6e00000| Complete 
| 623|0x00000000a6f00000, 0x00000000a7000000, 0x00000000a7000000|100%| S|CS|TAMS 0x00000000a6f00000, 0x00000000a6f00000| Complete 
| 624|0x00000000a7000000, 0x00000000a7000000, 0x00000000a7100000|  0%| F|  |TAMS 0x00000000a7000000, 0x00000000a7000000| Untracked 
| 625|0x00000000a7100000, 0x00000000a7100000, 0x00000000a7200000|  0%| F|  |TAMS 0x00000000a7100000, 0x00000000a7100000| Untracked 
| 626|0x00000000a7200000, 0x00000000a7200000, 0x00000000a7300000|  0%| F|  |TAMS 0x00000000a7200000, 0x00000000a7200000| Untracked 
| 627|0x00000000a7300000, 0x00000000a7300000, 0x00000000a7400000|  0%| F|  |TAMS 0x00000000a7300000, 0x00000000a7300000| Untracked 
| 628|0x00000000a7400000, 0x00000000a7400000, 0x00000000a7500000|  0%| F|  |TAMS 0x00000000a7400000, 0x00000000a7400000| Untracked 
| 629|0x00000000a7500000, 0x00000000a7500000, 0x00000000a7600000|  0%| F|  |TAMS 0x00000000a7500000, 0x00000000a7500000| Untracked 
| 630|0x00000000a7600000, 0x00000000a7600000, 0x00000000a7700000|  0%| F|  |TAMS 0x00000000a7600000, 0x00000000a7600000| Untracked 
| 631|0x00000000a7700000, 0x00000000a7700000, 0x00000000a7800000|  0%| F|  |TAMS 0x00000000a7700000, 0x00000000a7700000| Untracked 
| 632|0x00000000a7800000, 0x00000000a7800000, 0x00000000a7900000|  0%| F|  |TAMS 0x00000000a7800000, 0x00000000a7800000| Untracked 
| 633|0x00000000a7900000, 0x00000000a7900000, 0x00000000a7a00000|  0%| F|  |TAMS 0x00000000a7900000, 0x00000000a7900000| Untracked 
| 634|0x00000000a7a00000, 0x00000000a7a00000, 0x00000000a7b00000|  0%| F|  |TAMS 0x00000000a7a00000, 0x00000000a7a00000| Untracked 
| 635|0x00000000a7b00000, 0x00000000a7b00000, 0x00000000a7c00000|  0%| F|  |TAMS 0x00000000a7b00000, 0x00000000a7b00000| Untracked 
| 636|0x00000000a7c00000, 0x00000000a7c00000, 0x00000000a7d00000|  0%| F|  |TAMS 0x00000000a7c00000, 0x00000000a7c00000| Untracked 
| 637|0x00000000a7d00000, 0x00000000a7d00000, 0x00000000a7e00000|  0%| F|  |TAMS 0x00000000a7d00000, 0x00000000a7d00000| Untracked 
| 638|0x00000000a7e00000, 0x00000000a7e00000, 0x00000000a7f00000|  0%| F|  |TAMS 0x00000000a7e00000, 0x00000000a7e00000| Untracked 
| 639|0x00000000a7f00000, 0x00000000a7f00000, 0x00000000a8000000|  0%| F|  |TAMS 0x00000000a7f00000, 0x00000000a7f00000| Untracked 
| 640|0x00000000a8000000, 0x00000000a8000000, 0x00000000a8100000|  0%| F|  |TAMS 0x00000000a8000000, 0x00000000a8000000| Untracked 
| 641|0x00000000a8100000, 0x00000000a8100000, 0x00000000a8200000|  0%| F|  |TAMS 0x00000000a8100000, 0x00000000a8100000| Untracked 
| 642|0x00000000a8200000, 0x00000000a8200000, 0x00000000a8300000|  0%| F|  |TAMS 0x00000000a8200000, 0x00000000a8200000| Untracked 
| 643|0x00000000a8300000, 0x00000000a8300000, 0x00000000a8400000|  0%| F|  |TAMS 0x00000000a8300000, 0x00000000a8300000| Untracked 
| 644|0x00000000a8400000, 0x00000000a8400000, 0x00000000a8500000|  0%| F|  |TAMS 0x00000000a8400000, 0x00000000a8400000| Untracked 
| 645|0x00000000a8500000, 0x00000000a8500000, 0x00000000a8600000|  0%| F|  |TAMS 0x00000000a8500000, 0x00000000a8500000| Untracked 
| 646|0x00000000a8600000, 0x00000000a8600000, 0x00000000a8700000|  0%| F|  |TAMS 0x00000000a8600000, 0x00000000a8600000| Untracked 
| 647|0x00000000a8700000, 0x00000000a8700000, 0x00000000a8800000|  0%| F|  |TAMS 0x00000000a8700000, 0x00000000a8700000| Untracked 
| 648|0x00000000a8800000, 0x00000000a8800000, 0x00000000a8900000|  0%| F|  |TAMS 0x00000000a8800000, 0x00000000a8800000| Untracked 
| 649|0x00000000a8900000, 0x00000000a8900000, 0x00000000a8a00000|  0%| F|  |TAMS 0x00000000a8900000, 0x00000000a8900000| Untracked 
| 650|0x00000000a8a00000, 0x00000000a8a00000, 0x00000000a8b00000|  0%| F|  |TAMS 0x00000000a8a00000, 0x00000000a8a00000| Untracked 
| 651|0x00000000a8b00000, 0x00000000a8b00000, 0x00000000a8c00000|  0%| F|  |TAMS 0x00000000a8b00000, 0x00000000a8b00000| Untracked 
| 652|0x00000000a8c00000, 0x00000000a8c00000, 0x00000000a8d00000|  0%| F|  |TAMS 0x00000000a8c00000, 0x00000000a8c00000| Untracked 
| 653|0x00000000a8d00000, 0x00000000a8d00000, 0x00000000a8e00000|  0%| F|  |TAMS 0x00000000a8d00000, 0x00000000a8d00000| Untracked 
| 654|0x00000000a8e00000, 0x00000000a8e00000, 0x00000000a8f00000|  0%| F|  |TAMS 0x00000000a8e00000, 0x00000000a8e00000| Untracked 
| 655|0x00000000a8f00000, 0x00000000a8f00000, 0x00000000a9000000|  0%| F|  |TAMS 0x00000000a8f00000, 0x00000000a8f00000| Untracked 
| 656|0x00000000a9000000, 0x00000000a9000000, 0x00000000a9100000|  0%| F|  |TAMS 0x00000000a9000000, 0x00000000a9000000| Untracked 
| 657|0x00000000a9100000, 0x00000000a9100000, 0x00000000a9200000|  0%| F|  |TAMS 0x00000000a9100000, 0x00000000a9100000| Untracked 
| 658|0x00000000a9200000, 0x00000000a9200000, 0x00000000a9300000|  0%| F|  |TAMS 0x00000000a9200000, 0x00000000a9200000| Untracked 
| 659|0x00000000a9300000, 0x00000000a9300000, 0x00000000a9400000|  0%| F|  |TAMS 0x00000000a9300000, 0x00000000a9300000| Untracked 
| 660|0x00000000a9400000, 0x00000000a9400000, 0x00000000a9500000|  0%| F|  |TAMS 0x00000000a9400000, 0x00000000a9400000| Untracked 
| 661|0x00000000a9500000, 0x00000000a9500000, 0x00000000a9600000|  0%| F|  |TAMS 0x00000000a9500000, 0x00000000a9500000| Untracked 
| 662|0x00000000a9600000, 0x00000000a9600000, 0x00000000a9700000|  0%| F|  |TAMS 0x00000000a9600000, 0x00000000a9600000| Untracked 
| 663|0x00000000a9700000, 0x00000000a9700000, 0x00000000a9800000|  0%| F|  |TAMS 0x00000000a9700000, 0x00000000a9700000| Untracked 
| 664|0x00000000a9800000, 0x00000000a9800000, 0x00000000a9900000|  0%| F|  |TAMS 0x00000000a9800000, 0x00000000a9800000| Untracked 
| 665|0x00000000a9900000, 0x00000000a9900000, 0x00000000a9a00000|  0%| F|  |TAMS 0x00000000a9900000, 0x00000000a9900000| Untracked 
| 666|0x00000000a9a00000, 0x00000000a9a00000, 0x00000000a9b00000|  0%| F|  |TAMS 0x00000000a9a00000, 0x00000000a9a00000| Untracked 
| 667|0x00000000a9b00000, 0x00000000a9b00000, 0x00000000a9c00000|  0%| F|  |TAMS 0x00000000a9b00000, 0x00000000a9b00000| Untracked 
| 668|0x00000000a9c00000, 0x00000000a9c00000, 0x00000000a9d00000|  0%| F|  |TAMS 0x00000000a9c00000, 0x00000000a9c00000| Untracked 
| 669|0x00000000a9d00000, 0x00000000a9d00000, 0x00000000a9e00000|  0%| F|  |TAMS 0x00000000a9d00000, 0x00000000a9d00000| Untracked 
| 670|0x00000000a9e00000, 0x00000000a9e00000, 0x00000000a9f00000|  0%| F|  |TAMS 0x00000000a9e00000, 0x00000000a9e00000| Untracked 
| 671|0x00000000a9f00000, 0x00000000a9f00000, 0x00000000aa000000|  0%| F|  |TAMS 0x00000000a9f00000, 0x00000000a9f00000| Untracked 
| 672|0x00000000aa000000, 0x00000000aa000000, 0x00000000aa100000|  0%| F|  |TAMS 0x00000000aa000000, 0x00000000aa000000| Untracked 
| 673|0x00000000aa100000, 0x00000000aa100000, 0x00000000aa200000|  0%| F|  |TAMS 0x00000000aa100000, 0x00000000aa100000| Untracked 
| 674|0x00000000aa200000, 0x00000000aa200000, 0x00000000aa300000|  0%| F|  |TAMS 0x00000000aa200000, 0x00000000aa200000| Untracked 
| 675|0x00000000aa300000, 0x00000000aa300000, 0x00000000aa400000|  0%| F|  |TAMS 0x00000000aa300000, 0x00000000aa300000| Untracked 
| 676|0x00000000aa400000, 0x00000000aa400000, 0x00000000aa500000|  0%| F|  |TAMS 0x00000000aa400000, 0x00000000aa400000| Untracked 
| 677|0x00000000aa500000, 0x00000000aa500000, 0x00000000aa600000|  0%| F|  |TAMS 0x00000000aa500000, 0x00000000aa500000| Untracked 
| 678|0x00000000aa600000, 0x00000000aa600000, 0x00000000aa700000|  0%| F|  |TAMS 0x00000000aa600000, 0x00000000aa600000| Untracked 
| 679|0x00000000aa700000, 0x00000000aa700000, 0x00000000aa800000|  0%| F|  |TAMS 0x00000000aa700000, 0x00000000aa700000| Untracked 
| 680|0x00000000aa800000, 0x00000000aa800000, 0x00000000aa900000|  0%| F|  |TAMS 0x00000000aa800000, 0x00000000aa800000| Untracked 
| 681|0x00000000aa900000, 0x00000000aa900000, 0x00000000aaa00000|  0%| F|  |TAMS 0x00000000aa900000, 0x00000000aa900000| Untracked 
| 682|0x00000000aaa00000, 0x00000000aaa00000, 0x00000000aab00000|  0%| F|  |TAMS 0x00000000aaa00000, 0x00000000aaa00000| Untracked 
| 683|0x00000000aab00000, 0x00000000aab00000, 0x00000000aac00000|  0%| F|  |TAMS 0x00000000aab00000, 0x00000000aab00000| Untracked 
| 684|0x00000000aac00000, 0x00000000aac00000, 0x00000000aad00000|  0%| F|  |TAMS 0x00000000aac00000, 0x00000000aac00000| Untracked 
| 685|0x00000000aad00000, 0x00000000aad00000, 0x00000000aae00000|  0%| F|  |TAMS 0x00000000aad00000, 0x00000000aad00000| Untracked 
| 686|0x00000000aae00000, 0x00000000aae00000, 0x00000000aaf00000|  0%| F|  |TAMS 0x00000000aae00000, 0x00000000aae00000| Untracked 
| 687|0x00000000aaf00000, 0x00000000aaf00000, 0x00000000ab000000|  0%| F|  |TAMS 0x00000000aaf00000, 0x00000000aaf00000| Untracked 
| 688|0x00000000ab000000, 0x00000000ab000000, 0x00000000ab100000|  0%| F|  |TAMS 0x00000000ab000000, 0x00000000ab000000| Untracked 
| 689|0x00000000ab100000, 0x00000000ab100000, 0x00000000ab200000|  0%| F|  |TAMS 0x00000000ab100000, 0x00000000ab100000| Untracked 
| 690|0x00000000ab200000, 0x00000000ab200000, 0x00000000ab300000|  0%| F|  |TAMS 0x00000000ab200000, 0x00000000ab200000| Untracked 
| 691|0x00000000ab300000, 0x00000000ab300000, 0x00000000ab400000|  0%| F|  |TAMS 0x00000000ab300000, 0x00000000ab300000| Untracked 
| 692|0x00000000ab400000, 0x00000000ab400000, 0x00000000ab500000|  0%| F|  |TAMS 0x00000000ab400000, 0x00000000ab400000| Untracked 
| 693|0x00000000ab500000, 0x00000000ab500000, 0x00000000ab600000|  0%| F|  |TAMS 0x00000000ab500000, 0x00000000ab500000| Untracked 
| 694|0x00000000ab600000, 0x00000000ab600000, 0x00000000ab700000|  0%| F|  |TAMS 0x00000000ab600000, 0x00000000ab600000| Untracked 
| 695|0x00000000ab700000, 0x00000000ab700000, 0x00000000ab800000|  0%| F|  |TAMS 0x00000000ab700000, 0x00000000ab700000| Untracked 
| 696|0x00000000ab800000, 0x00000000ab800000, 0x00000000ab900000|  0%| F|  |TAMS 0x00000000ab800000, 0x00000000ab800000| Untracked 
| 697|0x00000000ab900000, 0x00000000ab900000, 0x00000000aba00000|  0%| F|  |TAMS 0x00000000ab900000, 0x00000000ab900000| Untracked 
| 698|0x00000000aba00000, 0x00000000aba00000, 0x00000000abb00000|  0%| F|  |TAMS 0x00000000aba00000, 0x00000000aba00000| Untracked 
| 699|0x00000000abb00000, 0x00000000abb00000, 0x00000000abc00000|  0%| F|  |TAMS 0x00000000abb00000, 0x00000000abb00000| Untracked 
| 700|0x00000000abc00000, 0x00000000abc00000, 0x00000000abd00000|  0%| F|  |TAMS 0x00000000abc00000, 0x00000000abc00000| Untracked 
| 701|0x00000000abd00000, 0x00000000abd00000, 0x00000000abe00000|  0%| F|  |TAMS 0x00000000abd00000, 0x00000000abd00000| Untracked 
| 702|0x00000000abe00000, 0x00000000abe00000, 0x00000000abf00000|  0%| F|  |TAMS 0x00000000abe00000, 0x00000000abe00000| Untracked 
| 703|0x00000000abf00000, 0x00000000abf00000, 0x00000000ac000000|  0%| F|  |TAMS 0x00000000abf00000, 0x00000000abf00000| Untracked 
| 704|0x00000000ac000000, 0x00000000ac000000, 0x00000000ac100000|  0%| F|  |TAMS 0x00000000ac000000, 0x00000000ac000000| Untracked 
| 705|0x00000000ac100000, 0x00000000ac100000, 0x00000000ac200000|  0%| F|  |TAMS 0x00000000ac100000, 0x00000000ac100000| Untracked 
| 706|0x00000000ac200000, 0x00000000ac200000, 0x00000000ac300000|  0%| F|  |TAMS 0x00000000ac200000, 0x00000000ac200000| Untracked 
| 707|0x00000000ac300000, 0x00000000ac300000, 0x00000000ac400000|  0%| F|  |TAMS 0x00000000ac300000, 0x00000000ac300000| Untracked 
| 708|0x00000000ac400000, 0x00000000ac400000, 0x00000000ac500000|  0%| F|  |TAMS 0x00000000ac400000, 0x00000000ac400000| Untracked 
| 709|0x00000000ac500000, 0x00000000ac500000, 0x00000000ac600000|  0%| F|  |TAMS 0x00000000ac500000, 0x00000000ac500000| Untracked 
| 710|0x00000000ac600000, 0x00000000ac600000, 0x00000000ac700000|  0%| F|  |TAMS 0x00000000ac600000, 0x00000000ac600000| Untracked 
| 711|0x00000000ac700000, 0x00000000ac700000, 0x00000000ac800000|  0%| F|  |TAMS 0x00000000ac700000, 0x00000000ac700000| Untracked 
| 712|0x00000000ac800000, 0x00000000ac800000, 0x00000000ac900000|  0%| F|  |TAMS 0x00000000ac800000, 0x00000000ac800000| Untracked 
| 713|0x00000000ac900000, 0x00000000ac900000, 0x00000000aca00000|  0%| F|  |TAMS 0x00000000ac900000, 0x00000000ac900000| Untracked 
| 714|0x00000000aca00000, 0x00000000aca00000, 0x00000000acb00000|  0%| F|  |TAMS 0x00000000aca00000, 0x00000000aca00000| Untracked 
| 715|0x00000000acb00000, 0x00000000acb00000, 0x00000000acc00000|  0%| F|  |TAMS 0x00000000acb00000, 0x00000000acb00000| Untracked 
| 716|0x00000000acc00000, 0x00000000acc00000, 0x00000000acd00000|  0%| F|  |TAMS 0x00000000acc00000, 0x00000000acc00000| Untracked 
| 717|0x00000000acd00000, 0x00000000acd00000, 0x00000000ace00000|  0%| F|  |TAMS 0x00000000acd00000, 0x00000000acd00000| Untracked 
| 718|0x00000000ace00000, 0x00000000ace00000, 0x00000000acf00000|  0%| F|  |TAMS 0x00000000ace00000, 0x00000000ace00000| Untracked 
| 719|0x00000000acf00000, 0x00000000acf00000, 0x00000000ad000000|  0%| F|  |TAMS 0x00000000acf00000, 0x00000000acf00000| Untracked 
| 720|0x00000000ad000000, 0x00000000ad000000, 0x00000000ad100000|  0%| F|  |TAMS 0x00000000ad000000, 0x00000000ad000000| Untracked 
| 721|0x00000000ad100000, 0x00000000ad100000, 0x00000000ad200000|  0%| F|  |TAMS 0x00000000ad100000, 0x00000000ad100000| Untracked 
| 722|0x00000000ad200000, 0x00000000ad200000, 0x00000000ad300000|  0%| F|  |TAMS 0x00000000ad200000, 0x00000000ad200000| Untracked 
| 723|0x00000000ad300000, 0x00000000ad300000, 0x00000000ad400000|  0%| F|  |TAMS 0x00000000ad300000, 0x00000000ad300000| Untracked 
| 724|0x00000000ad400000, 0x00000000ad400000, 0x00000000ad500000|  0%| F|  |TAMS 0x00000000ad400000, 0x00000000ad400000| Untracked 
| 725|0x00000000ad500000, 0x00000000ad500000, 0x00000000ad600000|  0%| F|  |TAMS 0x00000000ad500000, 0x00000000ad500000| Untracked 
| 726|0x00000000ad600000, 0x00000000ad600000, 0x00000000ad700000|  0%| F|  |TAMS 0x00000000ad600000, 0x00000000ad600000| Untracked 
| 727|0x00000000ad700000, 0x00000000ad700000, 0x00000000ad800000|  0%| F|  |TAMS 0x00000000ad700000, 0x00000000ad700000| Untracked 
| 728|0x00000000ad800000, 0x00000000ad800000, 0x00000000ad900000|  0%| F|  |TAMS 0x00000000ad800000, 0x00000000ad800000| Untracked 
| 729|0x00000000ad900000, 0x00000000ad900000, 0x00000000ada00000|  0%| F|  |TAMS 0x00000000ad900000, 0x00000000ad900000| Untracked 
| 730|0x00000000ada00000, 0x00000000ada00000, 0x00000000adb00000|  0%| F|  |TAMS 0x00000000ada00000, 0x00000000ada00000| Untracked 
| 731|0x00000000adb00000, 0x00000000adb00000, 0x00000000adc00000|  0%| F|  |TAMS 0x00000000adb00000, 0x00000000adb00000| Untracked 
| 732|0x00000000adc00000, 0x00000000adc00000, 0x00000000add00000|  0%| F|  |TAMS 0x00000000adc00000, 0x00000000adc00000| Untracked 
| 733|0x00000000add00000, 0x00000000add00000, 0x00000000ade00000|  0%| F|  |TAMS 0x00000000add00000, 0x00000000add00000| Untracked 
| 734|0x00000000ade00000, 0x00000000ade00000, 0x00000000adf00000|  0%| F|  |TAMS 0x00000000ade00000, 0x00000000ade00000| Untracked 
| 735|0x00000000adf00000, 0x00000000adf00000, 0x00000000ae000000|  0%| F|  |TAMS 0x00000000adf00000, 0x00000000adf00000| Untracked 
| 736|0x00000000ae000000, 0x00000000ae000000, 0x00000000ae100000|  0%| F|  |TAMS 0x00000000ae000000, 0x00000000ae000000| Untracked 
| 737|0x00000000ae100000, 0x00000000ae100000, 0x00000000ae200000|  0%| F|  |TAMS 0x00000000ae100000, 0x00000000ae100000| Untracked 
| 738|0x00000000ae200000, 0x00000000ae200000, 0x00000000ae300000|  0%| F|  |TAMS 0x00000000ae200000, 0x00000000ae200000| Untracked 
| 739|0x00000000ae300000, 0x00000000ae300000, 0x00000000ae400000|  0%| F|  |TAMS 0x00000000ae300000, 0x00000000ae300000| Untracked 
| 740|0x00000000ae400000, 0x00000000ae400000, 0x00000000ae500000|  0%| F|  |TAMS 0x00000000ae400000, 0x00000000ae400000| Untracked 
| 741|0x00000000ae500000, 0x00000000ae500000, 0x00000000ae600000|  0%| F|  |TAMS 0x00000000ae500000, 0x00000000ae500000| Untracked 
| 742|0x00000000ae600000, 0x00000000ae600000, 0x00000000ae700000|  0%| F|  |TAMS 0x00000000ae600000, 0x00000000ae600000| Untracked 
| 743|0x00000000ae700000, 0x00000000ae700000, 0x00000000ae800000|  0%| F|  |TAMS 0x00000000ae700000, 0x00000000ae700000| Untracked 
| 744|0x00000000ae800000, 0x00000000ae800000, 0x00000000ae900000|  0%| F|  |TAMS 0x00000000ae800000, 0x00000000ae800000| Untracked 
| 745|0x00000000ae900000, 0x00000000ae900000, 0x00000000aea00000|  0%| F|  |TAMS 0x00000000ae900000, 0x00000000ae900000| Untracked 
| 746|0x00000000aea00000, 0x00000000aea00000, 0x00000000aeb00000|  0%| F|  |TAMS 0x00000000aea00000, 0x00000000aea00000| Untracked 
| 747|0x00000000aeb00000, 0x00000000aeb00000, 0x00000000aec00000|  0%| F|  |TAMS 0x00000000aeb00000, 0x00000000aeb00000| Untracked 
| 748|0x00000000aec00000, 0x00000000aec00000, 0x00000000aed00000|  0%| F|  |TAMS 0x00000000aec00000, 0x00000000aec00000| Untracked 
| 749|0x00000000aed00000, 0x00000000aed00000, 0x00000000aee00000|  0%| F|  |TAMS 0x00000000aed00000, 0x00000000aed00000| Untracked 
| 750|0x00000000aee00000, 0x00000000aee00000, 0x00000000aef00000|  0%| F|  |TAMS 0x00000000aee00000, 0x00000000aee00000| Untracked 
| 751|0x00000000aef00000, 0x00000000aef00000, 0x00000000af000000|  0%| F|  |TAMS 0x00000000aef00000, 0x00000000aef00000| Untracked 
| 752|0x00000000af000000, 0x00000000af000000, 0x00000000af100000|  0%| F|  |TAMS 0x00000000af000000, 0x00000000af000000| Untracked 
| 753|0x00000000af100000, 0x00000000af100000, 0x00000000af200000|  0%| F|  |TAMS 0x00000000af100000, 0x00000000af100000| Untracked 
| 754|0x00000000af200000, 0x00000000af200000, 0x00000000af300000|  0%| F|  |TAMS 0x00000000af200000, 0x00000000af200000| Untracked 
| 755|0x00000000af300000, 0x00000000af300000, 0x00000000af400000|  0%| F|  |TAMS 0x00000000af300000, 0x00000000af300000| Untracked 
| 756|0x00000000af400000, 0x00000000af400000, 0x00000000af500000|  0%| F|  |TAMS 0x00000000af400000, 0x00000000af400000| Untracked 
| 757|0x00000000af500000, 0x00000000af500000, 0x00000000af600000|  0%| F|  |TAMS 0x00000000af500000, 0x00000000af500000| Untracked 
| 758|0x00000000af600000, 0x00000000af600000, 0x00000000af700000|  0%| F|  |TAMS 0x00000000af600000, 0x00000000af600000| Untracked 
| 759|0x00000000af700000, 0x00000000af700000, 0x00000000af800000|  0%| F|  |TAMS 0x00000000af700000, 0x00000000af700000| Untracked 
| 760|0x00000000af800000, 0x00000000af800000, 0x00000000af900000|  0%| F|  |TAMS 0x00000000af800000, 0x00000000af800000| Untracked 
| 761|0x00000000af900000, 0x00000000af900000, 0x00000000afa00000|  0%| F|  |TAMS 0x00000000af900000, 0x00000000af900000| Untracked 
| 762|0x00000000afa00000, 0x00000000afa00000, 0x00000000afb00000|  0%| F|  |TAMS 0x00000000afa00000, 0x00000000afa00000| Untracked 
| 763|0x00000000afb00000, 0x00000000afb00000, 0x00000000afc00000|  0%| F|  |TAMS 0x00000000afb00000, 0x00000000afb00000| Untracked 
| 764|0x00000000afc00000, 0x00000000afc00000, 0x00000000afd00000|  0%| F|  |TAMS 0x00000000afc00000, 0x00000000afc00000| Untracked 
| 765|0x00000000afd00000, 0x00000000afd00000, 0x00000000afe00000|  0%| F|  |TAMS 0x00000000afd00000, 0x00000000afd00000| Untracked 
| 766|0x00000000afe00000, 0x00000000afe00000, 0x00000000aff00000|  0%| F|  |TAMS 0x00000000afe00000, 0x00000000afe00000| Untracked 
| 767|0x00000000aff00000, 0x00000000aff00000, 0x00000000b0000000|  0%| F|  |TAMS 0x00000000aff00000, 0x00000000aff00000| Untracked 
| 768|0x00000000b0000000, 0x00000000b0000000, 0x00000000b0100000|  0%| F|  |TAMS 0x00000000b0000000, 0x00000000b0000000| Untracked 
| 769|0x00000000b0100000, 0x00000000b0100000, 0x00000000b0200000|  0%| F|  |TAMS 0x00000000b0100000, 0x00000000b0100000| Untracked 
| 770|0x00000000b0200000, 0x00000000b0200000, 0x00000000b0300000|  0%| F|  |TAMS 0x00000000b0200000, 0x00000000b0200000| Untracked 
| 771|0x00000000b0300000, 0x00000000b0300000, 0x00000000b0400000|  0%| F|  |TAMS 0x00000000b0300000, 0x00000000b0300000| Untracked 
| 772|0x00000000b0400000, 0x00000000b0400000, 0x00000000b0500000|  0%| F|  |TAMS 0x00000000b0400000, 0x00000000b0400000| Untracked 
| 773|0x00000000b0500000, 0x00000000b0500000, 0x00000000b0600000|  0%| F|  |TAMS 0x00000000b0500000, 0x00000000b0500000| Untracked 
| 774|0x00000000b0600000, 0x00000000b0600000, 0x00000000b0700000|  0%| F|  |TAMS 0x00000000b0600000, 0x00000000b0600000| Untracked 
| 775|0x00000000b0700000, 0x00000000b0700000, 0x00000000b0800000|  0%| F|  |TAMS 0x00000000b0700000, 0x00000000b0700000| Untracked 
| 776|0x00000000b0800000, 0x00000000b0800000, 0x00000000b0900000|  0%| F|  |TAMS 0x00000000b0800000, 0x00000000b0800000| Untracked 
| 777|0x00000000b0900000, 0x00000000b0900000, 0x00000000b0a00000|  0%| F|  |TAMS 0x00000000b0900000, 0x00000000b0900000| Untracked 
| 778|0x00000000b0a00000, 0x00000000b0a00000, 0x00000000b0b00000|  0%| F|  |TAMS 0x00000000b0a00000, 0x00000000b0a00000| Untracked 
| 779|0x00000000b0b00000, 0x00000000b0b00000, 0x00000000b0c00000|  0%| F|  |TAMS 0x00000000b0b00000, 0x00000000b0b00000| Untracked 
| 780|0x00000000b0c00000, 0x00000000b0c00000, 0x00000000b0d00000|  0%| F|  |TAMS 0x00000000b0c00000, 0x00000000b0c00000| Untracked 
| 781|0x00000000b0d00000, 0x00000000b0d00000, 0x00000000b0e00000|  0%| F|  |TAMS 0x00000000b0d00000, 0x00000000b0d00000| Untracked 
| 782|0x00000000b0e00000, 0x00000000b0e00000, 0x00000000b0f00000|  0%| F|  |TAMS 0x00000000b0e00000, 0x00000000b0e00000| Untracked 
| 783|0x00000000b0f00000, 0x00000000b0f00000, 0x00000000b1000000|  0%| F|  |TAMS 0x00000000b0f00000, 0x00000000b0f00000| Untracked 
| 784|0x00000000b1000000, 0x00000000b1000000, 0x00000000b1100000|  0%| F|  |TAMS 0x00000000b1000000, 0x00000000b1000000| Untracked 
| 785|0x00000000b1100000, 0x00000000b1100000, 0x00000000b1200000|  0%| F|  |TAMS 0x00000000b1100000, 0x00000000b1100000| Untracked 
| 786|0x00000000b1200000, 0x00000000b1200000, 0x00000000b1300000|  0%| F|  |TAMS 0x00000000b1200000, 0x00000000b1200000| Untracked 
| 787|0x00000000b1300000, 0x00000000b1300000, 0x00000000b1400000|  0%| F|  |TAMS 0x00000000b1300000, 0x00000000b1300000| Untracked 
| 788|0x00000000b1400000, 0x00000000b1400000, 0x00000000b1500000|  0%| F|  |TAMS 0x00000000b1400000, 0x00000000b1400000| Untracked 
| 789|0x00000000b1500000, 0x00000000b1500000, 0x00000000b1600000|  0%| F|  |TAMS 0x00000000b1500000, 0x00000000b1500000| Untracked 
| 790|0x00000000b1600000, 0x00000000b1600000, 0x00000000b1700000|  0%| F|  |TAMS 0x00000000b1600000, 0x00000000b1600000| Untracked 
| 791|0x00000000b1700000, 0x00000000b1700000, 0x00000000b1800000|  0%| F|  |TAMS 0x00000000b1700000, 0x00000000b1700000| Untracked 
| 792|0x00000000b1800000, 0x00000000b1800000, 0x00000000b1900000|  0%| F|  |TAMS 0x00000000b1800000, 0x00000000b1800000| Untracked 
| 793|0x00000000b1900000, 0x00000000b1900000, 0x00000000b1a00000|  0%| F|  |TAMS 0x00000000b1900000, 0x00000000b1900000| Untracked 
| 794|0x00000000b1a00000, 0x00000000b1a00000, 0x00000000b1b00000|  0%| F|  |TAMS 0x00000000b1a00000, 0x00000000b1a00000| Untracked 
| 795|0x00000000b1b00000, 0x00000000b1b00000, 0x00000000b1c00000|  0%| F|  |TAMS 0x00000000b1b00000, 0x00000000b1b00000| Untracked 
| 796|0x00000000b1c00000, 0x00000000b1c00000, 0x00000000b1d00000|  0%| F|  |TAMS 0x00000000b1c00000, 0x00000000b1c00000| Untracked 
| 797|0x00000000b1d00000, 0x00000000b1d00000, 0x00000000b1e00000|  0%| F|  |TAMS 0x00000000b1d00000, 0x00000000b1d00000| Untracked 
| 798|0x00000000b1e00000, 0x00000000b1e00000, 0x00000000b1f00000|  0%| F|  |TAMS 0x00000000b1e00000, 0x00000000b1e00000| Untracked 
| 799|0x00000000b1f00000, 0x00000000b1f00000, 0x00000000b2000000|  0%| F|  |TAMS 0x00000000b1f00000, 0x00000000b1f00000| Untracked 
| 800|0x00000000b2000000, 0x00000000b2000000, 0x00000000b2100000|  0%| F|  |TAMS 0x00000000b2000000, 0x00000000b2000000| Untracked 
| 801|0x00000000b2100000, 0x00000000b2100000, 0x00000000b2200000|  0%| F|  |TAMS 0x00000000b2100000, 0x00000000b2100000| Untracked 
| 802|0x00000000b2200000, 0x00000000b2200000, 0x00000000b2300000|  0%| F|  |TAMS 0x00000000b2200000, 0x00000000b2200000| Untracked 
| 803|0x00000000b2300000, 0x00000000b2300000, 0x00000000b2400000|  0%| F|  |TAMS 0x00000000b2300000, 0x00000000b2300000| Untracked 
| 804|0x00000000b2400000, 0x00000000b2400000, 0x00000000b2500000|  0%| F|  |TAMS 0x00000000b2400000, 0x00000000b2400000| Untracked 
| 805|0x00000000b2500000, 0x00000000b2500000, 0x00000000b2600000|  0%| F|  |TAMS 0x00000000b2500000, 0x00000000b2500000| Untracked 
| 806|0x00000000b2600000, 0x00000000b2600000, 0x00000000b2700000|  0%| F|  |TAMS 0x00000000b2600000, 0x00000000b2600000| Untracked 
| 807|0x00000000b2700000, 0x00000000b2700000, 0x00000000b2800000|  0%| F|  |TAMS 0x00000000b2700000, 0x00000000b2700000| Untracked 
| 808|0x00000000b2800000, 0x00000000b2800000, 0x00000000b2900000|  0%| F|  |TAMS 0x00000000b2800000, 0x00000000b2800000| Untracked 
| 809|0x00000000b2900000, 0x00000000b2900000, 0x00000000b2a00000|  0%| F|  |TAMS 0x00000000b2900000, 0x00000000b2900000| Untracked 
| 810|0x00000000b2a00000, 0x00000000b2a00000, 0x00000000b2b00000|  0%| F|  |TAMS 0x00000000b2a00000, 0x00000000b2a00000| Untracked 
| 811|0x00000000b2b00000, 0x00000000b2b00000, 0x00000000b2c00000|  0%| F|  |TAMS 0x00000000b2b00000, 0x00000000b2b00000| Untracked 
| 812|0x00000000b2c00000, 0x00000000b2c00000, 0x00000000b2d00000|  0%| F|  |TAMS 0x00000000b2c00000, 0x00000000b2c00000| Untracked 
| 813|0x00000000b2d00000, 0x00000000b2d00000, 0x00000000b2e00000|  0%| F|  |TAMS 0x00000000b2d00000, 0x00000000b2d00000| Untracked 
| 814|0x00000000b2e00000, 0x00000000b2e00000, 0x00000000b2f00000|  0%| F|  |TAMS 0x00000000b2e00000, 0x00000000b2e00000| Untracked 
| 815|0x00000000b2f00000, 0x00000000b2f00000, 0x00000000b3000000|  0%| F|  |TAMS 0x00000000b2f00000, 0x00000000b2f00000| Untracked 
| 816|0x00000000b3000000, 0x00000000b3000000, 0x00000000b3100000|  0%| F|  |TAMS 0x00000000b3000000, 0x00000000b3000000| Untracked 
| 817|0x00000000b3100000, 0x00000000b3100000, 0x00000000b3200000|  0%| F|  |TAMS 0x00000000b3100000, 0x00000000b3100000| Untracked 
| 818|0x00000000b3200000, 0x00000000b3200000, 0x00000000b3300000|  0%| F|  |TAMS 0x00000000b3200000, 0x00000000b3200000| Untracked 
| 819|0x00000000b3300000, 0x00000000b3300000, 0x00000000b3400000|  0%| F|  |TAMS 0x00000000b3300000, 0x00000000b3300000| Untracked 
| 820|0x00000000b3400000, 0x00000000b3400000, 0x00000000b3500000|  0%| F|  |TAMS 0x00000000b3400000, 0x00000000b3400000| Untracked 
| 821|0x00000000b3500000, 0x00000000b3500000, 0x00000000b3600000|  0%| F|  |TAMS 0x00000000b3500000, 0x00000000b3500000| Untracked 
| 822|0x00000000b3600000, 0x00000000b3600000, 0x00000000b3700000|  0%| F|  |TAMS 0x00000000b3600000, 0x00000000b3600000| Untracked 
| 823|0x00000000b3700000, 0x00000000b3700000, 0x00000000b3800000|  0%| F|  |TAMS 0x00000000b3700000, 0x00000000b3700000| Untracked 
| 824|0x00000000b3800000, 0x00000000b3800000, 0x00000000b3900000|  0%| F|  |TAMS 0x00000000b3800000, 0x00000000b3800000| Untracked 
| 825|0x00000000b3900000, 0x00000000b3900000, 0x00000000b3a00000|  0%| F|  |TAMS 0x00000000b3900000, 0x00000000b3900000| Untracked 
| 826|0x00000000b3a00000, 0x00000000b3a00000, 0x00000000b3b00000|  0%| F|  |TAMS 0x00000000b3a00000, 0x00000000b3a00000| Untracked 
| 827|0x00000000b3b00000, 0x00000000b3b00000, 0x00000000b3c00000|  0%| F|  |TAMS 0x00000000b3b00000, 0x00000000b3b00000| Untracked 
| 828|0x00000000b3c00000, 0x00000000b3c00000, 0x00000000b3d00000|  0%| F|  |TAMS 0x00000000b3c00000, 0x00000000b3c00000| Untracked 
| 829|0x00000000b3d00000, 0x00000000b3d00000, 0x00000000b3e00000|  0%| F|  |TAMS 0x00000000b3d00000, 0x00000000b3d00000| Untracked 
| 830|0x00000000b3e00000, 0x00000000b3e00000, 0x00000000b3f00000|  0%| F|  |TAMS 0x00000000b3e00000, 0x00000000b3e00000| Untracked 
| 831|0x00000000b3f00000, 0x00000000b3f00000, 0x00000000b4000000|  0%| F|  |TAMS 0x00000000b3f00000, 0x00000000b3f00000| Untracked 
| 832|0x00000000b4000000, 0x00000000b4000000, 0x00000000b4100000|  0%| F|  |TAMS 0x00000000b4000000, 0x00000000b4000000| Untracked 
| 833|0x00000000b4100000, 0x00000000b4100000, 0x00000000b4200000|  0%| F|  |TAMS 0x00000000b4100000, 0x00000000b4100000| Untracked 
| 834|0x00000000b4200000, 0x00000000b4280000, 0x00000000b4300000| 50%| E|  |TAMS 0x00000000b4200000, 0x00000000b4200000| Complete 
| 835|0x00000000b4300000, 0x00000000b4400000, 0x00000000b4400000|100%| E|CS|TAMS 0x00000000b4300000, 0x00000000b4300000| Complete 
| 836|0x00000000b4400000, 0x00000000b4500000, 0x00000000b4500000|100%| E|CS|TAMS 0x00000000b4400000, 0x00000000b4400000| Complete 
| 837|0x00000000b4500000, 0x00000000b4600000, 0x00000000b4600000|100%| E|CS|TAMS 0x00000000b4500000, 0x00000000b4500000| Complete 
| 838|0x00000000b4600000, 0x00000000b4700000, 0x00000000b4700000|100%| E|CS|TAMS 0x00000000b4600000, 0x00000000b4600000| Complete 
| 839|0x00000000b4700000, 0x00000000b4800000, 0x00000000b4800000|100%| E|CS|TAMS 0x00000000b4700000, 0x00000000b4700000| Complete 
| 840|0x00000000b4800000, 0x00000000b4900000, 0x00000000b4900000|100%| E|  |TAMS 0x00000000b4800000, 0x00000000b4800000| Complete 
| 841|0x00000000b4900000, 0x00000000b4a00000, 0x00000000b4a00000|100%| E|CS|TAMS 0x00000000b4900000, 0x00000000b4900000| Complete 
| 842|0x00000000b4a00000, 0x00000000b4b00000, 0x00000000b4b00000|100%| E|CS|TAMS 0x00000000b4a00000, 0x00000000b4a00000| Complete 
| 843|0x00000000b4b00000, 0x00000000b4c00000, 0x00000000b4c00000|100%| E|CS|TAMS 0x00000000b4b00000, 0x00000000b4b00000| Complete 
| 844|0x00000000b4c00000, 0x00000000b4d00000, 0x00000000b4d00000|100%| E|CS|TAMS 0x00000000b4c00000, 0x00000000b4c00000| Complete 
| 845|0x00000000b4d00000, 0x00000000b4e00000, 0x00000000b4e00000|100%| E|CS|TAMS 0x00000000b4d00000, 0x00000000b4d00000| Complete 
| 846|0x00000000b4e00000, 0x00000000b4f00000, 0x00000000b4f00000|100%| E|CS|TAMS 0x00000000b4e00000, 0x00000000b4e00000| Complete 
| 847|0x00000000b4f00000, 0x00000000b5000000, 0x00000000b5000000|100%| E|CS|TAMS 0x00000000b4f00000, 0x00000000b4f00000| Complete 
| 848|0x00000000b5000000, 0x00000000b5100000, 0x00000000b5100000|100%| E|CS|TAMS 0x00000000b5000000, 0x00000000b5000000| Complete 
| 849|0x00000000b5100000, 0x00000000b5200000, 0x00000000b5200000|100%| E|CS|TAMS 0x00000000b5100000, 0x00000000b5100000| Complete 
| 850|0x00000000b5200000, 0x00000000b5300000, 0x00000000b5300000|100%| E|CS|TAMS 0x00000000b5200000, 0x00000000b5200000| Complete 
| 851|0x00000000b5300000, 0x00000000b5400000, 0x00000000b5400000|100%| E|CS|TAMS 0x00000000b5300000, 0x00000000b5300000| Complete 
| 852|0x00000000b5400000, 0x00000000b5500000, 0x00000000b5500000|100%| E|CS|TAMS 0x00000000b5400000, 0x00000000b5400000| Complete 
| 853|0x00000000b5500000, 0x00000000b5600000, 0x00000000b5600000|100%| E|CS|TAMS 0x00000000b5500000, 0x00000000b5500000| Complete 
| 854|0x00000000b5600000, 0x00000000b5700000, 0x00000000b5700000|100%| E|CS|TAMS 0x00000000b5600000, 0x00000000b5600000| Complete 
| 855|0x00000000b5700000, 0x00000000b5800000, 0x00000000b5800000|100%| E|CS|TAMS 0x00000000b5700000, 0x00000000b5700000| Complete 
| 856|0x00000000b5800000, 0x00000000b5900000, 0x00000000b5900000|100%| E|CS|TAMS 0x00000000b5800000, 0x00000000b5800000| Complete 
| 857|0x00000000b5900000, 0x00000000b5a00000, 0x00000000b5a00000|100%| E|CS|TAMS 0x00000000b5900000, 0x00000000b5900000| Complete 
| 858|0x00000000b5a00000, 0x00000000b5b00000, 0x00000000b5b00000|100%| E|CS|TAMS 0x00000000b5a00000, 0x00000000b5a00000| Complete 
| 859|0x00000000b5b00000, 0x00000000b5c00000, 0x00000000b5c00000|100%| E|CS|TAMS 0x00000000b5b00000, 0x00000000b5b00000| Complete 
| 860|0x00000000b5c00000, 0x00000000b5d00000, 0x00000000b5d00000|100%| E|CS|TAMS 0x00000000b5c00000, 0x00000000b5c00000| Complete 
| 861|0x00000000b5d00000, 0x00000000b5e00000, 0x00000000b5e00000|100%| E|CS|TAMS 0x00000000b5d00000, 0x00000000b5d00000| Complete 
| 862|0x00000000b5e00000, 0x00000000b5f00000, 0x00000000b5f00000|100%| E|CS|TAMS 0x00000000b5e00000, 0x00000000b5e00000| Complete 
| 863|0x00000000b5f00000, 0x00000000b6000000, 0x00000000b6000000|100%| E|CS|TAMS 0x00000000b5f00000, 0x00000000b5f00000| Complete 
| 864|0x00000000b6000000, 0x00000000b6100000, 0x00000000b6100000|100%| E|CS|TAMS 0x00000000b6000000, 0x00000000b6000000| Complete 
| 865|0x00000000b6100000, 0x00000000b6200000, 0x00000000b6200000|100%| E|CS|TAMS 0x00000000b6100000, 0x00000000b6100000| Complete 
| 866|0x00000000b6200000, 0x00000000b6300000, 0x00000000b6300000|100%| E|CS|TAMS 0x00000000b6200000, 0x00000000b6200000| Complete 

Card table byte_map: [0x00000274aa280000,0x00000274aa680000] _byte_map_base: 0x00000274a9e80000

Marking Bits (Prev, Next): (CMBitMap*) 0x000002749230ef50, (CMBitMap*) 0x000002749230ef90
 Prev Bits: [0x00000274aaa80000, 0x00000274aca80000)
 Next Bits: [0x00000274aca80000, 0x00000274aea80000)

Polling page: 0x0000027490940000

Metaspace:

Usage:
  Non-class:    156.51 MB used.
      Class:     24.67 MB used.
       Both:    181.18 MB used.

Virtual space:
  Non-class space:      192.00 MB reserved,     158.06 MB ( 82%) committed,  3 nodes.
      Class space:      416.00 MB reserved,      25.94 MB (  6%) committed,  1 nodes.
             Both:      608.00 MB reserved,     184.00 MB ( 30%) committed. 

Chunk freelists:
   Non-Class:  1.20 MB
       Class:  6.06 MB
        Both:  7.27 MB

MaxMetaspaceSize: 512.00 MB
CompressedClassSpaceSize: 416.00 MB
Initial GC threshold: 21.00 MB
Current GC threshold: 238.38 MB
CDS: on
MetaspaceReclaimPolicy: balanced
 - commit_granule_bytes: 65536.
 - commit_granule_words: 8192.
 - virtual_space_node_default_size: 8388608.
 - enlarge_chunks_in_place: 1.
 - new_chunks_are_fully_committed: 0.
 - uncommit_free_chunks: 1.
 - use_allocation_guard: 0.
 - handle_deallocations: 1.


Internal statistics:

num_allocs_failed_limit: 12.
num_arena_births: 4130.
num_arena_deaths: 10.
num_vsnodes_births: 4.
num_vsnodes_deaths: 0.
num_space_committed: 2943.
num_space_uncommitted: 0.
num_chunks_returned_to_freelist: 27.
num_chunks_taken_from_freelist: 13613.
num_chunk_merges: 12.
num_chunk_splits: 8248.
num_chunks_enlarged: 4429.
num_inconsistent_stats: 0.

CodeHeap 'non-profiled nmethods': size=120000Kb used=23194Kb max_used=24035Kb free=96805Kb
 bounds [0x00000274a1cc0000, 0x00000274a3440000, 0x00000274a91f0000]
CodeHeap 'profiled nmethods': size=120000Kb used=56279Kb max_used=59519Kb free=63721Kb
 bounds [0x000002749a1f0000, 0x000002749dc10000, 0x00000274a1720000]
CodeHeap 'non-nmethods': size=5760Kb used=2555Kb max_used=2649Kb free=3204Kb
 bounds [0x00000274a1720000, 0x00000274a19c0000, 0x00000274a1cc0000]
 total_blobs=28581 nmethods=27473 adapters=1018
 compilation: enabled
              stopped_count=0, restarted_count=0
 full_count=0

Compilation events (20 events):
Event: 200.210 Thread 0x00000274b1869ca0 nmethod 36333 0x000002749baec590 code [0x000002749baec760, 0x000002749baecb78]
Event: 200.210 Thread 0x00000274b1869ca0 36335       3       com.android.tools.r8.dex.u::a (50 bytes)
Event: 200.211 Thread 0x00000274b1869ca0 nmethod 36335 0x000002749cdf2b10 code [0x000002749cdf2d20, 0x000002749cdf3318]
Event: 200.211 Thread 0x00000274b1869ca0 36340       3       com.android.tools.r8.internal.Up::a (28 bytes)
Event: 200.212 Thread 0x00000274b1869ca0 nmethod 36340 0x000002749cfeef90 code [0x000002749cfef140, 0x000002749cfef288]
Event: 200.212 Thread 0x00000274b1869ca0 36341       3       com.android.tools.r8.dex.q::a (1 bytes)
Event: 200.212 Thread 0x00000274b1869ca0 nmethod 36341 0x000002749cf51990 code [0x000002749cf51b20, 0x000002749cf51c38]
Event: 200.221 Thread 0x00000274b1869ca0 36348       2       com.android.tools.r8.graph.y::e (8 bytes)
Event: 200.221 Thread 0x00000274b1869ca0 nmethod 36348 0x000002749d0b4590 code [0x000002749d0b4740, 0x000002749d0b4868]
Event: 200.221 Thread 0x00000274b1869ca0 36349       2       com.android.tools.r8.graph.J0::a (42 bytes)
Event: 200.222 Thread 0x00000274b1869ca0 nmethod 36349 0x000002749cb92790 code [0x000002749cb92940, 0x000002749cb92b68]
Event: 200.222 Thread 0x00000274b1869ca0 36350       2       com.android.tools.r8.graph.J0::a (154 bytes)
Event: 200.223 Thread 0x00000274b1869ca0 nmethod 36350 0x000002749cf68810 code [0x000002749cf68a20, 0x000002749cf68e98]
Event: 200.223 Thread 0x00000274b1869ca0 36351       2       com.android.tools.r8.internal.Td0::iterator (12 bytes)
Event: 200.223 Thread 0x00000274b1869ca0 nmethod 36351 0x000002749d015590 code [0x000002749d015740, 0x000002749d015928]
Event: 200.223 Thread 0x00000274b1869ca0 36352       2       com.android.tools.r8.dex.L$$Lambda$4772/0x00000274b498c4b0::accept (12 bytes)
Event: 200.223 Thread 0x00000274b1869ca0 nmethod 36352 0x000002749d139490 code [0x000002749d139640, 0x000002749d1397a8]
Event: 200.223 Thread 0x00000274b1869ca0 36353       2       com.android.tools.r8.dex.L::a (104 bytes)
Event: 200.224 Thread 0x00000274b1869ca0 nmethod 36353 0x000002749d704590 code [0x000002749d7047c0, 0x000002749d704bb8]
Event: 200.225 Thread 0x00000274b1869ca0 36354       2       com.android.tools.r8.internal.US::a (330 bytes)

GC Heap History (20 events):
Event: 156.785 GC heap before
{Heap before GC invocations=120 (full 0):
 garbage-first heap   total 716800K, used 620711K [0x0000000080000000, 0x0000000100000000)
  region size 1024K, 93 young (95232K), 7 survivors (7168K)
 Metaspace       used 183022K, committed 185920K, reserved 622592K
  class space    used 25007K, committed 26304K, reserved 425984K
}
Event: 156.849 GC heap after
{Heap after GC invocations=121 (full 0):
 garbage-first heap   total 716800K, used 532961K [0x0000000080000000, 0x0000000100000000)
  region size 1024K, 6 young (6144K), 6 survivors (6144K)
 Metaspace       used 183022K, committed 185920K, reserved 622592K
  class space    used 25007K, committed 26304K, reserved 425984K
}
Event: 157.525 GC heap before
{Heap before GC invocations=121 (full 0):
 garbage-first heap   total 716800K, used 626145K [0x0000000080000000, 0x0000000100000000)
  region size 1024K, 97 young (99328K), 6 survivors (6144K)
 Metaspace       used 183060K, committed 186048K, reserved 622592K
  class space    used 25008K, committed 26368K, reserved 425984K
}
Event: 157.530 GC heap after
{Heap after GC invocations=122 (full 0):
 garbage-first heap   total 716800K, used 533697K [0x0000000080000000, 0x0000000100000000)
  region size 1024K, 7 young (7168K), 7 survivors (7168K)
 Metaspace       used 183060K, committed 186048K, reserved 622592K
  class space    used 25008K, committed 26368K, reserved 425984K
}
Event: 158.171 GC heap before
{Heap before GC invocations=122 (full 0):
 garbage-first heap   total 716800K, used 630977K [0x0000000080000000, 0x0000000100000000)
  region size 1024K, 100 young (102400K), 7 survivors (7168K)
 Metaspace       used 183486K, committed 186368K, reserved 622592K
  class space    used 25067K, committed 26368K, reserved 425984K
}
Event: 158.274 GC heap after
{Heap after GC invocations=123 (full 0):
 garbage-first heap   total 716800K, used 533952K [0x0000000080000000, 0x0000000100000000)
  region size 1024K, 7 young (7168K), 7 survivors (7168K)
 Metaspace       used 183486K, committed 186368K, reserved 622592K
  class space    used 25067K, committed 26368K, reserved 425984K
}
Event: 159.183 GC heap before
{Heap before GC invocations=123 (full 0):
 garbage-first heap   total 716800K, used 630208K [0x0000000080000000, 0x0000000100000000)
  region size 1024K, 103 young (105472K), 7 survivors (7168K)
 Metaspace       used 183720K, committed 186688K, reserved 622592K
  class space    used 25081K, committed 26432K, reserved 425984K
}
Event: 159.289 GC heap after
{Heap after GC invocations=124 (full 0):
 garbage-first heap   total 716800K, used 535326K [0x0000000080000000, 0x0000000100000000)
  region size 1024K, 9 young (9216K), 9 survivors (9216K)
 Metaspace       used 183720K, committed 186688K, reserved 622592K
  class space    used 25081K, committed 26432K, reserved 425984K
}
Event: 160.204 GC heap before
{Heap before GC invocations=124 (full 0):
 garbage-first heap   total 716800K, used 634654K [0x0000000080000000, 0x0000000100000000)
  region size 1024K, 105 young (107520K), 9 survivors (9216K)
 Metaspace       used 183896K, committed 186816K, reserved 622592K
  class space    used 25082K, committed 26432K, reserved 425984K
}
Event: 160.304 GC heap after
{Heap after GC invocations=125 (full 0):
 garbage-first heap   total 716800K, used 535542K [0x0000000080000000, 0x0000000100000000)
  region size 1024K, 5 young (5120K), 5 survivors (5120K)
 Metaspace       used 183896K, committed 186816K, reserved 622592K
  class space    used 25082K, committed 26432K, reserved 425984K
}
Event: 161.418 GC heap before
{Heap before GC invocations=125 (full 0):
 garbage-first heap   total 716800K, used 634870K [0x0000000080000000, 0x0000000100000000)
  region size 1024K, 102 young (104448K), 5 survivors (5120K)
 Metaspace       used 183962K, committed 186880K, reserved 622592K
  class space    used 25089K, committed 26432K, reserved 425984K
}
Event: 161.629 GC heap after
{Heap after GC invocations=126 (full 0):
 garbage-first heap   total 887808K, used 535343K [0x0000000080000000, 0x0000000100000000)
  region size 1024K, 5 young (5120K), 5 survivors (5120K)
 Metaspace       used 183962K, committed 186880K, reserved 622592K
  class space    used 25089K, committed 26432K, reserved 425984K
}
Event: 163.245 GC heap before
{Heap before GC invocations=126 (full 0):
 garbage-first heap   total 887808K, used 780079K [0x0000000080000000, 0x0000000100000000)
  region size 1024K, 245 young (250880K), 5 survivors (5120K)
 Metaspace       used 184639K, committed 187520K, reserved 622592K
  class space    used 25160K, committed 26496K, reserved 425984K
}
Event: 163.561 GC heap after
{Heap after GC invocations=127 (full 0):
 garbage-first heap   total 887808K, used 536418K [0x0000000080000000, 0x0000000100000000)
  region size 1024K, 6 young (6144K), 6 survivors (6144K)
 Metaspace       used 184639K, committed 187520K, reserved 622592K
  class space    used 25160K, committed 26496K, reserved 425984K
}
Event: 165.757 GC heap before
{Heap before GC invocations=127 (full 0):
 garbage-first heap   total 887808K, used 785250K [0x0000000080000000, 0x0000000100000000)
  region size 1024K, 249 young (254976K), 6 survivors (6144K)
 Metaspace       used 184696K, committed 187584K, reserved 622592K
  class space    used 25163K, committed 26496K, reserved 425984K
}
Event: 165.862 GC heap after
{Heap after GC invocations=128 (full 0):
 garbage-first heap   total 887808K, used 537591K [0x0000000080000000, 0x0000000100000000)
  region size 1024K, 7 young (7168K), 7 survivors (7168K)
 Metaspace       used 184696K, committed 187584K, reserved 622592K
  class space    used 25163K, committed 26496K, reserved 425984K
}
Event: 170.981 GC heap before
{Heap before GC invocations=128 (full 0):
 garbage-first heap   total 887808K, used 786423K [0x0000000080000000, 0x0000000100000000)
  region size 1024K, 251 young (257024K), 7 survivors (7168K)
 Metaspace       used 184774K, committed 187648K, reserved 622592K
  class space    used 25166K, committed 26496K, reserved 425984K
}
Event: 170.991 GC heap after
{Heap after GC invocations=129 (full 0):
 garbage-first heap   total 887808K, used 538829K [0x0000000080000000, 0x0000000100000000)
  region size 1024K, 8 young (8192K), 8 survivors (8192K)
 Metaspace       used 184774K, committed 187648K, reserved 622592K
  class space    used 25166K, committed 26496K, reserved 425984K
}
Event: 174.614 GC heap before
{Heap before GC invocations=129 (full 0):
 garbage-first heap   total 887808K, used 788685K [0x0000000080000000, 0x0000000100000000)
  region size 1024K, 252 young (258048K), 8 survivors (8192K)
 Metaspace       used 184844K, committed 187776K, reserved 622592K
  class space    used 25171K, committed 26496K, reserved 425984K
}
Event: 174.931 GC heap after
{Heap after GC invocations=130 (full 0):
 garbage-first heap   total 887808K, used 539980K [0x0000000080000000, 0x0000000100000000)
  region size 1024K, 9 young (9216K), 9 survivors (9216K)
 Metaspace       used 184844K, committed 187776K, reserved 622592K
  class space    used 25171K, committed 26496K, reserved 425984K
}

Dll operation events (16 events):
Event: 0.013 Loaded shared library C:\Program Files\Eclipse Adoptium\jdk-17.0.18.8-hotspot\bin\java.dll
Event: 0.026 Loaded shared library C:\Program Files\Eclipse Adoptium\jdk-17.0.18.8-hotspot\bin\jsvml.dll
Event: 0.056 Loaded shared library C:\Program Files\Eclipse Adoptium\jdk-17.0.18.8-hotspot\bin\zip.dll
Event: 0.059 Loaded shared library C:\Program Files\Eclipse Adoptium\jdk-17.0.18.8-hotspot\bin\instrument.dll
Event: 0.062 Loaded shared library C:\Program Files\Eclipse Adoptium\jdk-17.0.18.8-hotspot\bin\net.dll
Event: 0.063 Loaded shared library C:\Program Files\Eclipse Adoptium\jdk-17.0.18.8-hotspot\bin\nio.dll
Event: 0.065 Loaded shared library C:\Program Files\Eclipse Adoptium\jdk-17.0.18.8-hotspot\bin\zip.dll
Event: 0.251 Loaded shared library C:\Program Files\Eclipse Adoptium\jdk-17.0.18.8-hotspot\bin\jimage.dll
Event: 0.410 Loaded shared library C:\Program Files\Eclipse Adoptium\jdk-17.0.18.8-hotspot\bin\verify.dll
Event: 0.535 Loaded shared library C:\Users\User\.gradle\native\1def1411415f61bf3af743bc5b6707747c0891f09f0c88961ee8f79bc544acac\windows-amd64\native-platform.dll
Event: 0.558 Loaded shared library C:\Users\User\.gradle\native\0.2.7\x86_64-windows-gnu\gradle-fileevents.dll
Event: 1.804 Loaded shared library C:\Program Files\Eclipse Adoptium\jdk-17.0.18.8-hotspot\bin\management.dll
Event: 1.807 Loaded shared library C:\Program Files\Eclipse Adoptium\jdk-17.0.18.8-hotspot\bin\management_ext.dll
Event: 2.124 Loaded shared library C:\Program Files\Eclipse Adoptium\jdk-17.0.18.8-hotspot\bin\extnet.dll
Event: 2.306 Loaded shared library C:\Program Files\Eclipse Adoptium\jdk-17.0.18.8-hotspot\bin\sunmscapi.dll
Event: 153.052 Loaded shared library C:\Program Files\Eclipse Adoptium\jdk-17.0.18.8-hotspot\bin\rmi.dll

Deoptimization events (20 events):
Event: 199.314 Thread 0x00000274d60e6b80 DEOPT PACKING pc=0x00000274a3312120 sp=0x000000b743afa270
Event: 199.314 Thread 0x00000274d60e6b80 DEOPT UNPACKING pc=0x00000274a17769a3 sp=0x000000b743afa120 mode 2
Event: 199.492 Thread 0x00000274d60e6b80 Uncommon trap: trap_request=0xffffffe4 fr.pc=0x00000274a317f458 relative=0x00000000000001b8
Event: 199.492 Thread 0x00000274d60e6b80 Uncommon trap: reason=range_check action=make_not_entrant pc=0x00000274a317f458 method=com.android.tools.r8.graph.L2.a(Lcom/android/tools/r8/graph/L2;)I @ 9 c2
Event: 199.492 Thread 0x00000274d60e6b80 DEOPT PACKING pc=0x00000274a317f458 sp=0x000000b743af9f50
Event: 199.492 Thread 0x00000274d60e6b80 DEOPT UNPACKING pc=0x00000274a17769a3 sp=0x000000b743af9ec8 mode 2
Event: 199.518 Thread 0x00000274d60e89e0 Uncommon trap: trap_request=0xffffff45 fr.pc=0x00000274a337f79c relative=0x00000000000004dc
Event: 199.518 Thread 0x00000274d60e89e0 Uncommon trap: reason=unstable_if action=reinterpret pc=0x00000274a337f79c method=com.android.tools.r8.internal.xR.b(Lcom/android/tools/r8/internal/sB;)Lcom/android/tools/r8/internal/De; @ 77 c2
Event: 199.518 Thread 0x00000274d60e89e0 DEOPT PACKING pc=0x00000274a337f79c sp=0x000000b7436f93d0
Event: 199.518 Thread 0x00000274d60e89e0 DEOPT UNPACKING pc=0x00000274a17769a3 sp=0x000000b7436f9380 mode 2
Event: 199.528 Thread 0x00000274d60e89e0 DEOPT PACKING pc=0x000002749cce25d6 sp=0x000000b7436f8cc0
Event: 199.528 Thread 0x00000274d60e89e0 DEOPT UNPACKING pc=0x00000274a1777143 sp=0x000000b7436f83c8 mode 0
Event: 199.743 Thread 0x00000274d60e89e0 Uncommon trap: trap_request=0xffffff6e fr.pc=0x00000274a33ad524 relative=0x0000000000005f64
Event: 199.743 Thread 0x00000274d60e89e0 Uncommon trap: reason=loop_limit_check action=maybe_recompile pc=0x00000274a33ad524 method=com.android.tools.r8.internal.K9.a(Lcom/android/tools/r8/internal/X9;)Z @ 35 c2
Event: 199.743 Thread 0x00000274d60e89e0 DEOPT PACKING pc=0x00000274a33ad524 sp=0x000000b7436f97a0
Event: 199.743 Thread 0x00000274d60e89e0 DEOPT UNPACKING pc=0x00000274a17769a3 sp=0x000000b7436f9730 mode 2
Event: 199.812 Thread 0x00000274d60e89e0 DEOPT PACKING pc=0x000002749d5bd728 sp=0x000000b7436f9400
Event: 199.812 Thread 0x00000274d60e89e0 DEOPT UNPACKING pc=0x00000274a1777143 sp=0x000000b7436f8cb0 mode 0
Event: 200.183 Thread 0x00000274d60e89e0 DEOPT PACKING pc=0x000002749d5bd728 sp=0x000000b7436f9400
Event: 200.184 Thread 0x00000274d60e89e0 DEOPT UNPACKING pc=0x00000274a1777143 sp=0x000000b7436f8cb0 mode 0

Classes loaded (20 events):
Event: 153.286 Loading class sun/rmi/transport/DGCImpl$1
Event: 153.286 Loading class sun/rmi/transport/DGCImpl$1 done
Event: 153.286 Loading class sun/rmi/transport/SequenceEntry
Event: 153.286 Loading class sun/rmi/transport/SequenceEntry done
Event: 153.465 Loading class java/util/SortedSet$1
Event: 153.465 Loading class java/util/SortedSet$1 done
Event: 153.473 Loading class java/util/stream/SliceOps
Event: 153.474 Loading class java/util/stream/SliceOps done
Event: 153.474 Loading class java/util/stream/SliceOps$1
Event: 153.474 Loading class java/util/stream/SliceOps$1 done
Event: 153.478 Loading class java/util/stream/SliceOps$1$1
Event: 153.478 Loading class java/util/stream/SliceOps$1$1 done
Event: 155.194 Loading class java/nio/ShortBuffer
Event: 155.195 Loading class java/nio/ShortBuffer done
Event: 155.242 Loading class java/nio/ByteBufferAsShortBufferL
Event: 155.242 Loading class java/nio/ByteBufferAsShortBufferL done
Event: 155.269 Loading class java/util/zip/Adler32
Event: 155.270 Loading class java/util/zip/Adler32 done
Event: 157.622 Loading class java/util/Collections$UnmodifiableSortedMap
Event: 157.623 Loading class java/util/Collections$UnmodifiableSortedMap done

Classes unloaded (5 events):
Event: 33.173 Thread 0x00000274b0e82ba0 Unloading class 0x00000274b3b90c00 'jdk/internal/reflect/GeneratedSerializationConstructorAccessor61'
Event: 33.173 Thread 0x00000274b0e82ba0 Unloading class 0x00000274b3b74400 'java/lang/invoke/LambdaForm$DMH+0x00000274b3b74400'
Event: 33.173 Thread 0x00000274b0e82ba0 Unloading class 0x00000274b3b54400 'java/lang/invoke/LambdaForm$DMH+0x00000274b3b54400'
Event: 33.173 Thread 0x00000274b0e82ba0 Unloading class 0x00000274b3b34c00 'java/lang/invoke/LambdaForm$MH+0x00000274b3b34c00'
Event: 33.173 Thread 0x00000274b0e82ba0 Unloading class 0x00000274b3b34400 'java/lang/invoke/LambdaForm$DMH+0x00000274b3b34400'

Classes redefined (0 events):
No events

Internal exceptions (20 events):
Event: 160.198 Thread 0x00000274d60e84d0 Exception <a 'sun/nio/fs/WindowsException'{0x00000000a5f0de10}> (0x00000000a5f0de10) 
thrown [s\src\hotspot\share\prims\jni.cpp, line 516]
Event: 160.198 Thread 0x00000274d60e84d0 Exception <a 'sun/nio/fs/WindowsException'{0x00000000a5f0e010}> (0x00000000a5f0e010) 
thrown [s\src\hotspot\share\prims\jni.cpp, line 516]
Event: 164.661 Thread 0x00000274d60e6b80 Implicit null exception at 0x00000274a2f8d724 to 0x00000274a2f91b7c
Event: 165.863 Thread 0x00000274d60e7fc0 Implicit null exception at 0x00000274a2e24ce7 to 0x00000274a2e28ba8
Event: 176.536 Thread 0x00000274d60e6b80 Implicit null exception at 0x00000274a2f52d52 to 0x00000274a2f52e64
Event: 200.013 Thread 0x00000274d60e6b80 Exception <a 'sun/nio/fs/WindowsException'{0x00000000a9063dc0}> (0x00000000a9063dc0) 
thrown [s\src\hotspot\share\prims\jni.cpp, line 516]
Event: 200.024 Thread 0x00000274d60e6b80 Exception <a 'sun/nio/fs/WindowsException'{0x00000000a9065148}> (0x00000000a9065148) 
thrown [s\src\hotspot\share\prims\jni.cpp, line 516]
Event: 200.025 Thread 0x00000274d60e6b80 Exception <a 'sun/nio/fs/WindowsException'{0x00000000a90664b8}> (0x00000000a90664b8) 
thrown [s\src\hotspot\share\prims\jni.cpp, line 516]
Event: 200.025 Thread 0x00000274d60e6b80 Exception <a 'sun/nio/fs/WindowsException'{0x00000000a9067810}> (0x00000000a9067810) 
thrown [s\src\hotspot\share\prims\jni.cpp, line 516]
Event: 200.082 Thread 0x00000274d60e6b80 Exception <a 'sun/nio/fs/WindowsException'{0x00000000a90778f8}> (0x00000000a90778f8) 
thrown [s\src\hotspot\share\prims\jni.cpp, line 516]
Event: 200.087 Thread 0x00000274d60e6b80 Exception <a 'sun/nio/fs/WindowsException'{0x00000000a907f058}> (0x00000000a907f058) 
thrown [s\src\hotspot\share\prims\jni.cpp, line 516]
Event: 200.094 Thread 0x00000274d60e6b80 Exception <a 'sun/nio/fs/WindowsException'{0x00000000a8b86770}> (0x00000000a8b86770) 
thrown [s\src\hotspot\share\prims\jni.cpp, line 516]
Event: 200.211 Thread 0x00000274d60e6b80 Exception <a 'sun/nio/fs/WindowsException'{0x00000000a8b92310}> (0x00000000a8b92310) 
thrown [s\src\hotspot\share\prims\jni.cpp, line 516]
Event: 200.233 Thread 0x00000274d60e6b80 Exception <a 'sun/nio/fs/WindowsException'{0x00000000a8b9f9c0}> (0x00000000a8b9f9c0) 
thrown [s\src\hotspot\share\prims\jni.cpp, line 516]
Event: 200.237 Thread 0x00000274d60e6b80 Exception <a 'sun/nio/fs/WindowsException'{0x00000000a8ba7d70}> (0x00000000a8ba7d70) 
thrown [s\src\hotspot\share\prims\jni.cpp, line 516]
Event: 200.241 Thread 0x00000274d60e6b80 Exception <a 'sun/nio/fs/WindowsException'{0x00000000a8baec88}> (0x00000000a8baec88) 
thrown [s\src\hotspot\share\prims\jni.cpp, line 516]
Event: 200.241 Thread 0x00000274d60e6b80 Exception <a 'sun/nio/fs/WindowsException'{0x00000000a8bb0028}> (0x00000000a8bb0028) 
thrown [s\src\hotspot\share\prims\jni.cpp, line 516]
Event: 200.242 Thread 0x00000274d60e6b80 Exception <a 'sun/nio/fs/WindowsException'{0x00000000a8bb13a0}> (0x00000000a8bb13a0) 
thrown [s\src\hotspot\share\prims\jni.cpp, line 516]
Event: 200.251 Thread 0x00000274d60e6b80 Exception <a 'sun/nio/fs/WindowsException'{0x00000000a8bbb4d8}> (0x00000000a8bbb4d8) 
thrown [s\src\hotspot\share\prims\jni.cpp, line 516]
Event: 200.260 Thread 0x00000274d60e6b80 Exception <a 'sun/nio/fs/WindowsException'{0x00000000a8189c90}> (0x00000000a8189c90) 
thrown [s\src\hotspot\share\prims\jni.cpp, line 516]

VM Operations (20 events):
Event: 194.638 Executing VM operation: Cleanup
Event: 194.712 Executing VM operation: Cleanup done
Event: 195.712 Executing VM operation: Cleanup
Event: 195.760 Executing VM operation: Cleanup done
Event: 196.761 Executing VM operation: Cleanup
Event: 196.814 Executing VM operation: Cleanup done
Event: 197.814 Executing VM operation: Cleanup
Event: 197.860 Executing VM operation: Cleanup done
Event: 198.860 Executing VM operation: Cleanup
Event: 198.953 Executing VM operation: Cleanup done
Event: 199.495 Executing VM operation: ICBufferFull
Event: 199.495 Executing VM operation: ICBufferFull done
Event: 199.763 Executing VM operation: ICBufferFull
Event: 199.795 Executing VM operation: ICBufferFull done
Event: 199.837 Executing VM operation: HandshakeAllThreads
Event: 199.839 Executing VM operation: HandshakeAllThreads done
Event: 199.942 Executing VM operation: HandshakeAllThreads
Event: 199.961 Executing VM operation: HandshakeAllThreads done
Event: 200.263 Executing VM operation: ICBufferFull
Event: 201.135 Executing VM operation: ICBufferFull done

Memory protections (0 events):
No events

Nmethod flushes (20 events):
Event: 200.058 Thread 0x00000274b186fac0 flushing  nmethod 0x000002749daf2290
Event: 200.058 Thread 0x00000274b186fac0 flushing  nmethod 0x000002749daf4d90
Event: 200.058 Thread 0x00000274b186fac0 flushing  nmethod 0x000002749daf5b90
Event: 200.058 Thread 0x00000274b186fac0 flushing  nmethod 0x000002749daf5f90
Event: 200.058 Thread 0x00000274b186fac0 flushing  nmethod 0x000002749daf9410
Event: 200.058 Thread 0x00000274b186fac0 flushing  nmethod 0x000002749db0aa90
Event: 200.058 Thread 0x00000274b186fac0 flushing  nmethod 0x000002749db0b110
Event: 200.058 Thread 0x00000274b186fac0 flushing  nmethod 0x000002749db0c110
Event: 200.058 Thread 0x00000274b186fac0 flushing  nmethod 0x000002749db14c90
Event: 200.058 Thread 0x00000274b186fac0 flushing  nmethod 0x000002749db15090
Event: 200.058 Thread 0x00000274b186fac0 flushing  nmethod 0x000002749db15790
Event: 200.058 Thread 0x00000274b186fac0 flushing  nmethod 0x000002749db15f90
Event: 200.058 Thread 0x00000274b186fac0 flushing  nmethod 0x000002749db16e90
Event: 200.058 Thread 0x00000274b186fac0 flushing  nmethod 0x000002749db17590
Event: 200.058 Thread 0x00000274b186fac0 flushing  nmethod 0x000002749db20290
Event: 200.058 Thread 0x00000274b186fac0 flushing  nmethod 0x000002749db21c90
Event: 200.058 Thread 0x00000274b186fac0 flushing  nmethod 0x000002749db22890
Event: 200.058 Thread 0x00000274b186fac0 flushing  nmethod 0x000002749db27310
Event: 200.058 Thread 0x00000274b186fac0 flushing  nmethod 0x000002749db29490
Event: 200.058 Thread 0x00000274b186fac0 flushing  nmethod 0x000002749db29890

Events (20 events):
Event: 153.277 Thread 0x00000274d7035cd0 Thread added: 0x00000274deb829a0
Event: 175.057 Thread 0x00000274d5619c90 Thread exited: 0x00000274d5619c90
Event: 185.378 Thread 0x00000274b1869390 Thread added: 0x00000274de11d060
Event: 186.731 Thread 0x00000274de11d060 Thread exited: 0x00000274de11d060
Event: 188.332 Thread 0x00000274b1869ca0 Thread added: 0x00000274f1de3090
Event: 190.721 Thread 0x00000274f1de3090 Thread exited: 0x00000274f1de3090
Event: 191.083 Thread 0x00000274b1869390 Thread added: 0x00000274de11d060
Event: 194.357 Thread 0x00000274de11d060 Thread exited: 0x00000274de11d060
Event: 194.712 Thread 0x00000274b1869ca0 Thread added: 0x00000274f1de5070
Event: 195.417 Thread 0x00000274f1de5070 Thread exited: 0x00000274f1de5070
Event: 195.662 Thread 0x00000274b1869390 Thread added: 0x00000274de11cb10
Event: 196.718 Thread 0x00000274d524e700 Thread exited: 0x00000274d524e700
Event: 196.718 Thread 0x00000274d5251eb0 Thread exited: 0x00000274d5251eb0
Event: 196.718 Thread 0x00000274ddb723a0 Thread exited: 0x00000274ddb723a0
Event: 196.718 Thread 0x00000274d60e5230 Thread exited: 0x00000274d60e5230
Event: 196.718 Thread 0x00000274ddb74c20 Thread exited: 0x00000274ddb74c20
Event: 196.718 Thread 0x00000274d524fb40 Thread exited: 0x00000274d524fb40
Event: 196.926 Thread 0x00000274d60e4d20 Thread exited: 0x00000274d60e4d20
Event: 196.926 Thread 0x00000274d60e4810 Thread exited: 0x00000274d60e4810
Event: 196.930 Thread 0x00000274ddb732d0 Thread exited: 0x00000274ddb732d0


Dynamic libraries:
0x00007ff748420000 - 0x00007ff74842e000 	C:\Program Files\Eclipse Adoptium\jdk-17.0.18.8-hotspot\bin\java.exe
0x00007ffc80820000 - 0x00007ffc80a86000 	C:\WINDOWS\SYSTEM32\ntdll.dll
0x00007ffc7f580000 - 0x00007ffc7f649000 	C:\WINDOWS\System32\KERNEL32.DLL
0x00007ffc7e080000 - 0x00007ffc7e480000 	C:\WINDOWS\System32\KERNELBASE.dll
0x00007ffc7da40000 - 0x00007ffc7db8c000 	C:\WINDOWS\System32\ucrtbase.dll
0x00007ffc3ffe0000 - 0x00007ffc3fffe000 	C:\Program Files\Eclipse Adoptium\jdk-17.0.18.8-hotspot\bin\VCRUNTIME140.dll
0x00007ffc3e1f0000 - 0x00007ffc3e208000 	C:\Program Files\Eclipse Adoptium\jdk-17.0.18.8-hotspot\bin\jli.dll
0x00007ffc7e6d0000 - 0x00007ffc7e897000 	C:\WINDOWS\System32\USER32.dll
0x00007ffc7e490000 - 0x00007ffc7e4b7000 	C:\WINDOWS\System32\win32u.dll
0x00007ffc7f370000 - 0x00007ffc7f39b000 	C:\WINDOWS\System32\GDI32.dll
0x00007ffc7df50000 - 0x00007ffc7e079000 	C:\WINDOWS\System32\gdi32full.dll
0x00007ffc60430000 - 0x00007ffc606c2000 	C:\WINDOWS\WinSxS\amd64_microsoft.windows.common-controls_6595b64144ccf1df_6.0.26100.8737_none_3e092eaee333b772\COMCTL32.dll
0x00007ffc7dba0000 - 0x00007ffc7dc43000 	C:\WINDOWS\System32\msvcp_win.dll
0x00007ffc7eb00000 - 0x00007ffc7eba9000 	C:\WINDOWS\System32\msvcrt.dll
0x00007ffc80290000 - 0x00007ffc802c2000 	C:\WINDOWS\System32\IMM32.DLL
0x0000000066f40000 - 0x0000000066f4d000 	C:\Program Files (x86)\360\360Safe\safemon\SafeWrapper.dll
0x00007ffc7f3a0000 - 0x00007ffc7f457000 	C:\WINDOWS\System32\ADVAPI32.dll
0x00007ffc7e8a0000 - 0x00007ffc7e94a000 	C:\WINDOWS\System32\sechost.dll
0x00007ffc7e9e0000 - 0x00007ffc7eaf8000 	C:\WINDOWS\System32\RPCRT4.dll
0x00007ffc7af20000 - 0x00007ffc7b025000 	C:\Program Files (x86)\360\360Safe\safemon\libzdtp64.dll
0x00007ffc7ebd0000 - 0x00007ffc7f362000 	C:\WINDOWS\System32\SHELL32.dll
0x00007ffc7e660000 - 0x00007ffc7e6c7000 	C:\WINDOWS\System32\SHLWAPI.dll
0x00007ffc7d4b0000 - 0x00007ffc7d4bb000 	C:\WINDOWS\SYSTEM32\VERSION.dll
0x00007ffc75a30000 - 0x00007ffc75a3c000 	C:\Program Files\Eclipse Adoptium\jdk-17.0.18.8-hotspot\bin\vcruntime140_1.dll
0x00007ffc04780000 - 0x00007ffc0480d000 	C:\Program Files\Eclipse Adoptium\jdk-17.0.18.8-hotspot\bin\msvcp140.dll
0x00007ffbcf200000 - 0x00007ffbcfe6b000 	C:\Program Files\Eclipse Adoptium\jdk-17.0.18.8-hotspot\bin\server\jvm.dll
0x00007ffc7f460000 - 0x00007ffc7f4e0000 	C:\WINDOWS\System32\WS2_32.dll
0x00007ffc7d8a0000 - 0x00007ffc7d8fe000 	C:\WINDOWS\SYSTEM32\POWRPROF.dll
0x00007ffc709e0000 - 0x00007ffc70a16000 	C:\WINDOWS\SYSTEM32\WINMM.dll
0x00007ffc7d880000 - 0x00007ffc7d894000 	C:\WINDOWS\SYSTEM32\UMPDC.dll
0x00007ffc7c610000 - 0x00007ffc7c62b000 	C:\WINDOWS\SYSTEM32\kernel.appcore.dll
0x00007ffc70940000 - 0x00007ffc7094a000 	C:\Program Files\Eclipse Adoptium\jdk-17.0.18.8-hotspot\bin\jimage.dll
0x00007ffc7a3f0000 - 0x00007ffc7a632000 	C:\WINDOWS\SYSTEM32\DBGHELP.DLL
0x00007ffc7f6d0000 - 0x00007ffc7fa53000 	C:\WINDOWS\System32\combase.dll
0x00007ffc806f0000 - 0x00007ffc807c9000 	C:\WINDOWS\System32\OLEAUT32.dll
0x00007ffc4cfc0000 - 0x00007ffc4cffb000 	C:\WINDOWS\SYSTEM32\dbgcore.DLL
0x00007ffc7dd10000 - 0x00007ffc7ddbc000 	C:\WINDOWS\System32\bcryptPrimitives.dll
0x00007ffc4f1f0000 - 0x00007ffc4f1fe000 	C:\Program Files\Eclipse Adoptium\jdk-17.0.18.8-hotspot\bin\instrument.dll
0x00007ffc35b70000 - 0x00007ffc35b95000 	C:\Program Files\Eclipse Adoptium\jdk-17.0.18.8-hotspot\bin\java.dll
0x00007ffbe47e0000 - 0x00007ffbe48b7000 	C:\Program Files\Eclipse Adoptium\jdk-17.0.18.8-hotspot\bin\jsvml.dll
0x00007ffc7b1f0000 - 0x00007ffc7ba82000 	C:\WINDOWS\SYSTEM32\windows.storage.dll
0x00007ffc7e560000 - 0x00007ffc7e657000 	C:\WINDOWS\System32\SHCORE.dll
0x00007ffc7d960000 - 0x00007ffc7d989000 	C:\WINDOWS\SYSTEM32\profapi.dll
0x00007ffc2f5c0000 - 0x00007ffc2f5d8000 	C:\Program Files\Eclipse Adoptium\jdk-17.0.18.8-hotspot\bin\zip.dll
0x00007ffc3dfb0000 - 0x00007ffc3dfca000 	C:\Program Files\Eclipse Adoptium\jdk-17.0.18.8-hotspot\bin\net.dll
0x00007ffc74090000 - 0x00007ffc741b9000 	C:\WINDOWS\SYSTEM32\WINHTTP.dll
0x00007ffc7cba0000 - 0x00007ffc7cc0c000 	C:\WINDOWS\system32\mswsock.dll
0x00007ffc35a90000 - 0x00007ffc35aa6000 	C:\Program Files\Eclipse Adoptium\jdk-17.0.18.8-hotspot\bin\nio.dll
0x00007ffc64ea0000 - 0x00007ffc64eb0000 	C:\Program Files\Eclipse Adoptium\jdk-17.0.18.8-hotspot\bin\verify.dll
0x00007ffc44490000 - 0x00007ffc444b7000 	C:\Users\User\.gradle\native\1def1411415f61bf3af743bc5b6707747c0891f09f0c88961ee8f79bc544acac\windows-amd64\native-platform.dll
0x00007ffbe4e60000 - 0x00007ffbe4ed8000 	C:\Users\User\.gradle\native\0.2.7\x86_64-windows-gnu\gradle-fileevents.dll
0x00007ffc64590000 - 0x00007ffc6459a000 	C:\Program Files\Eclipse Adoptium\jdk-17.0.18.8-hotspot\bin\management.dll
0x00007ffc57380000 - 0x00007ffc5738c000 	C:\Program Files\Eclipse Adoptium\jdk-17.0.18.8-hotspot\bin\management_ext.dll
0x00007ffc7e550000 - 0x00007ffc7e558000 	C:\WINDOWS\System32\PSAPI.DLL
0x00007ffc7d4c0000 - 0x00007ffc7d4f3000 	C:\WINDOWS\SYSTEM32\IPHLPAPI.DLL
0x00007ffc807d0000 - 0x00007ffc807da000 	C:\WINDOWS\System32\NSI.dll
0x00007ffc74350000 - 0x00007ffc7436d000 	C:\WINDOWS\SYSTEM32\dhcpcsvc6.DLL
0x00007ffc74320000 - 0x00007ffc74345000 	C:\WINDOWS\SYSTEM32\dhcpcsvc.DLL
0x00007ffc7be90000 - 0x00007ffc7bfe5000 	C:\WINDOWS\SYSTEM32\DNSAPI.dll
0x00007ffc7c9a0000 - 0x00007ffc7c9ad000 	C:\WINDOWS\SYSTEM32\DSPARSE.dll
0x00007ffc4f200000 - 0x00007ffc4f209000 	C:\Program Files\Eclipse Adoptium\jdk-17.0.18.8-hotspot\bin\extnet.dll
0x00007ffc7cfd0000 - 0x00007ffc7cfeb000 	C:\WINDOWS\SYSTEM32\CRYPTSP.dll
0x00007ffc7c570000 - 0x00007ffc7c5a9000 	C:\WINDOWS\system32\rsaenh.dll
0x00007ffc7cc60000 - 0x00007ffc7cc92000 	C:\WINDOWS\SYSTEM32\USERENV.dll
0x00007ffc7d930000 - 0x00007ffc7d95a000 	C:\WINDOWS\SYSTEM32\bcrypt.dll
0x00007ffc7ce10000 - 0x00007ffc7ce1c000 	C:\WINDOWS\SYSTEM32\CRYPTBASE.dll
0x00007ffc4b0e0000 - 0x00007ffc4b0ee000 	C:\Program Files\Eclipse Adoptium\jdk-17.0.18.8-hotspot\bin\sunmscapi.dll
0x00007ffc7ddd0000 - 0x00007ffc7df48000 	C:\WINDOWS\System32\CRYPT32.dll
0x00007ffc7d140000 - 0x00007ffc7d170000 	C:\WINDOWS\SYSTEM32\ncrypt.dll
0x00007ffc7d0f0000 - 0x00007ffc7d12f000 	C:\WINDOWS\SYSTEM32\NTASN1.dll
0x00007ffc57430000 - 0x00007ffc57438000 	C:\WINDOWS\system32\wshunix.dll
0x00007ffc570e0000 - 0x00007ffc570f8000 	C:\WINDOWS\system32\napinsp.dll
0x00007ffc570c0000 - 0x00007ffc570d3000 	C:\WINDOWS\System32\winrnr.dll
0x00007ffc57100000 - 0x00007ffc57122000 	C:\WINDOWS\system32\nlansp_c.dll
0x00007ffc70920000 - 0x00007ffc70936000 	C:\WINDOWS\system32\wshbth.dll
0x00007ffc71b40000 - 0x00007ffc71b4b000 	C:\Windows\System32\rasadhlp.dll
0x00007ffc74720000 - 0x00007ffc747a6000 	C:\WINDOWS\System32\fwpuclnt.dll
0x00007ffc7c740000 - 0x00007ffc7c776000 	C:\WINDOWS\SYSTEM32\ntmarta.dll
0x00007ffc63c20000 - 0x00007ffc63c27000 	C:\Program Files\Eclipse Adoptium\jdk-17.0.18.8-hotspot\bin\rmi.dll

dbghelp: loaded successfully - version: 4.0.5 - missing functions: none
symbol engine: initialized successfully - sym options: 0x614 - pdb path: .;C:\Program Files\Eclipse Adoptium\jdk-17.0.18.8-hotspot\bin;C:\WINDOWS\SYSTEM32;C:\WINDOWS\WinSxS\amd64_microsoft.windows.common-controls_6595b64144ccf1df_6.0.26100.8737_none_3e092eaee333b772;C:\Program Files (x86)\360\360Safe\safemon;C:\Program Files\Eclipse Adoptium\jdk-17.0.18.8-hotspot\bin\server;C:\Users\User\.gradle\native\1def1411415f61bf3af743bc5b6707747c0891f09f0c88961ee8f79bc544acac\windows-amd64;C:\Users\User\.gradle\native\0.2.7\x86_64-windows-gnu

VM Arguments:
jvm_args: --add-opens=java.base/java.lang=ALL-UNNAMED --add-opens=java.base/java.lang.invoke=ALL-UNNAMED --add-opens=java.base/java.util=ALL-UNNAMED --add-opens=java.prefs/java.util.prefs=ALL-UNNAMED --add-exports=jdk.compiler/com.sun.tools.javac.api=ALL-UNNAMED --add-exports=jdk.compiler/com.sun.tools.javac.util=ALL-UNNAMED --add-opens=java.base/java.util=ALL-UNNAMED --add-opens=java.prefs/java.util.prefs=ALL-UNNAMED --add-opens=java.base/java.nio.charset=ALL-UNNAMED --add-opens=java.base/java.net=ALL-UNNAMED --add-opens=java.base/java.util.concurrent.atomic=ALL-UNNAMED --add-opens=java.xml/javax.xml.namespace=ALL-UNNAMED -XX:MaxMetaspaceSize=512m -Xmx2048m -Dfile.encoding=UTF-8 -Duser.country=ES -Duser.language=es -Duser.variant -javaagent:C:\Users\User\.gradle\wrapper\dists\gradle-8.14.3-bin\cv11ve7ro1n3o1j4so8xd9n66\gradle-8.14.3\lib\agents\gradle-instrumentation-agent-8.14.3.jar 
java_command: org.gradle.launcher.daemon.bootstrap.GradleDaemon 8.14.3
java_class_path (initial): C:\Users\User\.gradle\wrapper\dists\gradle-8.14.3-bin\cv11ve7ro1n3o1j4so8xd9n66\gradle-8.14.3\lib\gradle-daemon-main-8.14.3.jar
Launcher Type: SUN_STANDARD

[Global flags]
     intx CICompilerCount                          = 4                                         {product} {ergonomic}
   size_t CompressedClassSpaceSize                 = 436207616                                 {product} {ergonomic}
     uint ConcGCThreads                            = 3                                         {product} {ergonomic}
     uint G1ConcRefinementThreads                  = 10                                        {product} {ergonomic}
   size_t G1HeapRegionSize                         = 1048576                                   {product} {ergonomic}
    uintx GCDrainStackTargetSize                   = 64                                        {product} {ergonomic}
   size_t InitialHeapSize                          = 130023424                                 {product} {ergonomic}
   size_t MarkStackSize                            = 4194304                                   {product} {ergonomic}
   size_t MaxHeapSize                              = 2147483648                                {product} {command line}
   size_t MaxMetaspaceSize                         = 536870912                                 {product} {command line}
   size_t MaxNewSize                               = 1287651328                                {product} {ergonomic}
   size_t MinHeapDeltaBytes                        = 1048576                                   {product} {ergonomic}
   size_t MinHeapSize                              = 8388608                                   {product} {ergonomic}
    uintx NonNMethodCodeHeapSize                   = 5839372                                {pd product} {ergonomic}
    uintx NonProfiledCodeHeapSize                  = 122909434                              {pd product} {ergonomic}
    uintx ProfiledCodeHeapSize                     = 122909434                              {pd product} {ergonomic}
    uintx ReservedCodeCacheSize                    = 251658240                              {pd product} {ergonomic}
     bool SegmentedCodeCache                       = true                                      {product} {ergonomic}
   size_t SoftMaxHeapSize                          = 2147483648                             {manageable} {ergonomic}
     bool UseCompressedClassPointers               = true                           {product lp64_product} {ergonomic}
     bool UseCompressedOops                        = true                           {product lp64_product} {ergonomic}
     bool UseG1GC                                  = true                                      {product} {ergonomic}
     bool UseLargePagesIndividualAllocation        = false                                  {pd product} {ergonomic}

Logging:
Log output configuration:
 #0: stdout all=warning uptime,level,tags
 #1: stderr all=off uptime,level,tags

Environment Variables:
JAVA_HOME=C:\Program Files\Eclipse Adoptium\jdk-17.0.18.8-hotspot
PATH=c:\Users\User\AppData\Roaming\Code\User\globalStorage\github.copilot-chat\debugCommand;c:\Users\User\AppData\Roaming\Code\User\globalStorage\github.copilot-chat\copilotCli;C:\Program Files\Eclipse Adoptium\jdk-17.0.18.8-hotspot\bin;C:\Python314\Scripts\;C:\Python314\;C:\Program Files\Eclipse Adoptium\jdk-25.0.2.10-hotspot\bin;C:\Program Files\Eclipse Adoptium\jdk-21.0.6.7-hotspot\bin;C:\WINDOWS\system32;C:\WINDOWS;C:\WINDOWS\System32\Wbem;C:\WINDOWS\System32\WindowsPowerShell\v1.0\;C:\WINDOWS\System32\OpenSSH\;C:\ProgramData\chocolatey\bin;C:\Program Files\nodejs\;C:\Program Files\Docker\Docker\resources\bin;C:\Program Files\Go\bin;C:\Program Files\Git\cmd;C:\Users\User\AppData\Local\Programs\Python\Python312\Scripts\;C:\Users\User\AppData\Local\Programs\Python\Python312\;C:\Users\User\AppData\Local\Programs\Python\Launcher\;C:\Users\User\AppData\Local\Microsoft\WindowsApps;C:\KSDSTool\llm_location;C:\Users\User\AppData\Local\GitHubDesktop\bin;C:\Users\User\AppData\Local\Programs\Microsoft VS Code\bin;C:\Users\User\AppData\Local\Programs\Antigravity\bin;C:\Users\User\AppData\Local\Programs\cursor\resources\app\bin;C:\Users\User\AppData\Roaming\npm;C:\Users\User\AppData\Local\Python\bin;C:\Users\User\AppData\Local\Programs\Windsurf\bin;C:\Users\User\go\bin;C:\Users\User\AppData\Local\Programs\Kiro\bin;C:\Users\User\AppData\Local\Programs\Ollama;c:\Users\User\.vscode\extensions\ms-python.debugpy-2026.6.0-win32-x64\bundled\scripts\noConfigScripts
USERNAME=User
LANG=en_US.UTF-8
OS=Windows_NT
PROCESSOR_IDENTIFIER=Intel64 Family 6 Model 186 Stepping 2, GenuineIntel
TMP=C:\Users\User\AppData\Local\Temp
TEMP=C:\Users\User\AppData\Local\Temp



Periodic native trim disabled


---------------  S Y S T E M  ---------------

OS:
 Windows 11 , 64 bit Build 26100 (10.0.26100.8737)
OS uptime: 0 days 1:52 hours
Hyper-V role detected

CPU: total 12 (initial active 12) (6 cores per cpu, 2 threads per core) family 6 model 186 stepping 2 microcode 0x411d, cx8, cmov, fxsr, ht, mmx, 3dnowpref, sse, sse2, sse3, ssse3, sse4.1, sse4.2, popcnt, lzcnt, tsc, tscinvbit, avx, avx2, aes, erms, clmul, bmi1, bmi2, adx, sha, fma, vzeroupper, clflush, clflushopt, clwb, hv
Processor Information for processor 0
  Max Mhz: 2100, Current Mhz: 2100, Mhz Limit: 2100
Processor Information for processor 1
  Max Mhz: 2100, Current Mhz: 2100, Mhz Limit: 2100
Processor Information for processor 2
  Max Mhz: 2100, Current Mhz: 2100, Mhz Limit: 2100
Processor Information for processor 3
  Max Mhz: 2100, Current Mhz: 2100, Mhz Limit: 2100
Processor Information for processor 4
  Max Mhz: 2100, Current Mhz: 2100, Mhz Limit: 2100
Processor Information for processor 5
  Max Mhz: 2100, Current Mhz: 2100, Mhz Limit: 2100
Processor Information for processor 6
  Max Mhz: 2100, Current Mhz: 2100, Mhz Limit: 2100
Processor Information for processor 7
  Max Mhz: 2100, Current Mhz: 2100, Mhz Limit: 2100
Processor Information for processor 8
  Max Mhz: 2100, Current Mhz: 1500, Mhz Limit: 1491
Processor Information for processor 9
  Max Mhz: 2100, Current Mhz: 1500, Mhz Limit: 1491
Processor Information for processor 10
  Max Mhz: 2100, Current Mhz: 1500, Mhz Limit: 1491
Processor Information for processor 11
  Max Mhz: 2100, Current Mhz: 1500, Mhz Limit: 1491

Memory: 4k page, system-wide physical 7883M (301M free)
TotalPageFile size 32459M (AvailPageFile size 0M)
current process WorkingSet (physical memory assigned to process): 571M, peak: 807M
current process commit charge ("private bytes"): 1469M, peak: 1499M

vm_info: OpenJDK 64-Bit Server VM (17.0.18+8) for windows-amd64 JRE (17.0.18+8), built on Jan 20 2026 22:28:22 by "admin" with MS VC++ 17.12 (VS2022)

END.
