#
# There is insufficient memory for the Java Runtime Environment to continue.
# Native memory allocation (malloc) failed to allocate 1074256 bytes. Error detail: Chunk::new
# Possible reasons:
#   The system is out of physical RAM or swap space
#   This process is running with CompressedOops enabled, and the Java Heap may be blocking the growth of the native heap
# Possible solutions:
#   Reduce memory load on the system
#   Increase physical memory or swap space
#   Check if swap backing store is full
#   Decrease Java heap size (-Xmx/-Xms)
#   Decrease number of Java threads
#   Decrease Java thread stack sizes (-Xss)
#   Set larger code cache with -XX:ReservedCodeCacheSize=
#   JVM is running with Unscaled Compressed Oops mode in which the Java heap is
#     placed in the first 4GB address space. The Java Heap base address is the
#     maximum limit for the native heap growth. Please use -XX:HeapBaseMinAddress
#     to set the Java Heap base and to place the Java Heap above 4GB virtual address.
# This output file may be truncated or incomplete.
#
#  Out of Memory Error (arena.cpp:191), pid=20600, tid=9672
#
# JRE version: OpenJDK Runtime Environment Temurin-17.0.18+8 (17.0.18+8) (build 17.0.18+8)
# Java VM: OpenJDK 64-Bit Server VM Temurin-17.0.18+8 (17.0.18+8, mixed mode, sharing, tiered, compressed oops, compressed class ptrs, g1 gc, windows-amd64)
# No core dump will be written. Minidumps are not enabled by default on client versions of Windows
#

---------------  S U M M A R Y ------------

Command Line: --add-opens=java.base/java.lang=ALL-UNNAMED --add-opens=java.base/java.lang.invoke=ALL-UNNAMED --add-opens=java.base/java.util=ALL-UNNAMED --add-opens=java.prefs/java.util.prefs=ALL-UNNAMED --add-exports=jdk.compiler/com.sun.tools.javac.api=ALL-UNNAMED --add-exports=jdk.compiler/com.sun.tools.javac.util=ALL-UNNAMED --add-opens=java.base/java.util=ALL-UNNAMED --add-opens=java.prefs/java.util.prefs=ALL-UNNAMED --add-opens=java.base/java.nio.charset=ALL-UNNAMED --add-opens=java.base/java.net=ALL-UNNAMED --add-opens=java.base/java.util.concurrent.atomic=ALL-UNNAMED --add-opens=java.xml/javax.xml.namespace=ALL-UNNAMED -XX:MaxMetaspaceSize=512m -Xmx2048m -Dfile.encoding=UTF-8 -Duser.country=ES -Duser.language=es -Duser.variant -javaagent:C:\Users\User\.gradle\wrapper\dists\gradle-8.14.3-bin\cv11ve7ro1n3o1j4so8xd9n66\gradle-8.14.3\lib\agents\gradle-instrumentation-agent-8.14.3.jar org.gradle.launcher.daemon.bootstrap.GradleDaemon 8.14.3

Host: 13th Gen Intel(R) Core(TM) i5-13420H, 12 cores, 7G,  Windows 11 , 64 bit Build 26100 (10.0.26100.8737)
Time: Sat Jul 11 15:33:06 2026 Hora est. África Central Occid. elapsed time: 195.130810 seconds (0d 0h 3m 15s)

---------------  T H R E A D  ---------------

Current thread (0x000001f07ea72f00):  JavaThread "C2 CompilerThread0" daemon [_thread_in_native, id=9672, stack(0x0000007ec5b00000,0x0000007ec5c00000)]


Current CompileTask:
C2:195251 29592       4       com.sun.tools.javac.code.Symtab::enterClass (71 bytes)

Stack: [0x0000007ec5b00000,0x0000007ec5c00000]
Native frames: (J=compiled Java code, j=interpreted, Vv=VM code, C=native code)
V  [jvm.dll+0x6846f9]
V  [jvm.dll+0x839ea5]
V  [jvm.dll+0x83b91e]
V  [jvm.dll+0x83bfa3]
V  [jvm.dll+0x248eff]
V  [jvm.dll+0xad496]
V  [jvm.dll+0xadb3c]
V  [jvm.dll+0x368bcf]
V  [jvm.dll+0x333055]
V  [jvm.dll+0x3324ba]
V  [jvm.dll+0x219db9]
V  [jvm.dll+0x219200]
V  [jvm.dll+0x1a4920]
V  [jvm.dll+0x22989a]
V  [jvm.dll+0x227a4b]
V  [jvm.dll+0x7f0658]
V  [jvm.dll+0x7eaaec]
V  [jvm.dll+0x6835c7]
C  [ucrtbase.dll+0x2cd30]
C  [KERNEL32.DLL+0x2e957]
C  [ntdll.dll+0xaad6c]


---------------  P R O C E S S  ---------------

Threads class SMR info:
_java_thread_list=0x000001f03d818f90, length=253, elements={
0x000001f06e5a14d0, 0x000001f07e4fe910, 0x000001f07ea542a0, 0x000001f07ea63970,
0x000001f07ea65f50, 0x000001f07ea66730, 0x000001f07ea6cd20, 0x000001f07ea72f00,
0x000001f07ea935d0, 0x000001f07ea95310, 0x000001f07ebab960, 0x000001f07ec584e0,
0x000001f02ed0aa80, 0x000001f02ee13600, 0x000001f02efe8ce0, 0x000001f02ef5b210,
0x000001f02ef598f0, 0x000001f02ef933f0, 0x000001f02ef93900, 0x000001f02ef93e10,
0x000001f02ef94320, 0x000001f02ef91590, 0x000001f02ef94830, 0x000001f02ef91080,
0x000001f02ef91aa0, 0x000001f02ef924c0, 0x000001f02ef929d0, 0x000001f02ef92ee0,
0x000001f02fcbfb60, 0x000001f02fcc23e0, 0x000001f02fcbf650, 0x000001f02fcc19c0,
0x000001f02fcc0580, 0x000001f02fcc28f0, 0x000001f02fcbf140, 0x000001f02fcc14b0,
0x000001f02fcc2e00, 0x000001f02fcc3310, 0x000001f02fcc3820, 0x000001f02fcc0070,
0x000001f02fcc0fa0, 0x000001f02fcc3d30, 0x000001f02fcc4240, 0x000001f02fcc0a90,
0x000001f02fcc4750, 0x000001f02fcc4c60, 0x000001f02fcc5b90, 0x000001f02fcc5170,
0x000001f02fcc5680, 0x000001f02fcc60a0, 0x000001f03093be50, 0x000001f03093d7a0,
0x000001f030939ff0, 0x000001f03093b430, 0x000001f03093dcb0, 0x000001f03093cd80,
0x000001f03093c360, 0x000001f03093d290, 0x000001f03093c870, 0x000001f03093aa10,
0x000001f03093b940, 0x000001f03093a500, 0x000001f03093af20, 0x000001f03093f600,
0x000001f030941460, 0x000001f03093e1c0, 0x000001f030940020, 0x000001f030940530,
0x000001f030940a40, 0x000001f03093fb10, 0x000001f030941970, 0x000001f030940f50,
0x000001f03093e6d0, 0x000001f03093ebe0, 0x000001f03093f0f0, 0x000001f02fbb6970,
0x000001f02fbb78a0, 0x000001f02fbba630, 0x000001f02fbb7390, 0x000001f02fbb82c0,
0x000001f02fbb6e80, 0x000001f02fbbb560, 0x000001f02fbbab40, 0x000001f02fbbba70,
0x000001f02fbb9700, 0x000001f02fbbbf80, 0x000001f02fbb9c10, 0x000001f02fbb87d0,
0x000001f02fbbceb0, 0x000001f02fbbb050, 0x000001f02fbbc490, 0x000001f02fbbc9a0,
0x000001f02fbba120, 0x000001f02fbbdde0, 0x000001f02fbbd3c0, 0x000001f02fbbe2f0,
0x000001f0314906a0, 0x000001f03148f260, 0x000001f031490190, 0x000001f031490bb0,
0x000001f03148f770, 0x000001f03148fc80, 0x000001f031491ae0, 0x000001f0314910c0,
0x000001f0314915d0, 0x000001f03148e330, 0x000001f031491ff0, 0x000001f03148e840,
0x000001f031492500, 0x000001f03148ed50, 0x000001f031492a10, 0x000001f031495cb0,
0x000001f031493940, 0x000001f031493e50, 0x000001f031495290, 0x000001f031494360,
0x000001f031494d80, 0x000001f0314957a0, 0x000001f031493430, 0x000001f0307ff9a0,
0x000001f030802220, 0x000001f0308003c0, 0x000001f030802c40, 0x000001f0307ff490,
0x000001f030802730, 0x000001f0308008d0, 0x000001f0307ffeb0, 0x000001f030804590,
0x000001f030804aa0, 0x000001f030804080, 0x000001f0308054c0, 0x000001f030804fb0,
0x000001f030803b70, 0x000001f0308059d0, 0x000001f030805ee0, 0x000001f0308063f0,
0x000001f030806900, 0x000001f0309bc360, 0x000001f0309bb430, 0x000001f0309bc870,
0x000001f0309bcd80, 0x000001f0309bd290, 0x000001f0309baf20, 0x000001f0309bd7a0,
0x000001f0309bb940, 0x000001f0309bdcb0, 0x000001f0309be1c0, 0x000001f0309bbe50,
0x000001f0309be6d0, 0x000001f02fbb8ce0, 0x000001f0310febb0, 0x000001f0310ffae0,
0x000001f0310fd770, 0x000001f0310ffff0, 0x000001f031100a10, 0x000001f0310ff0c0,
0x000001f0310fdc80, 0x000001f0310fd260, 0x000001f031100f20, 0x000001f031101430,
0x000001f0310ff5d0, 0x000001f031100500, 0x000001f031101940, 0x000001f0310fe190,
0x000001f031101e50, 0x000001f0310fe6a0, 0x000001f031102360, 0x000001f0311041c0,
0x000001f031102870, 0x000001f031102d80, 0x000001f0311037a0, 0x000001f031103290,
0x000001f031103cb0, 0x000001f0311046d0, 0x000001f031104be0, 0x000001f031b694a0,
0x000001f031b68a80, 0x000001f031b68060, 0x000001f031b68f90, 0x000001f031b67640,
0x000001f031b65cf0, 0x000001f031b699b0, 0x000001f031b66200, 0x000001f031b67b50,
0x000001f031b69ec0, 0x000001f031b6a3d0, 0x000001f031b66c20, 0x000001f031b6a8e0,
0x000001f031b6adf0, 0x000001f031b6b300, 0x000001f031b6d670, 0x000001f031b6b810,
0x000001f031b6cc50, 0x000001f0305caa40, 0x000001f0305c9b10, 0x000001f0305ca020,
0x000001f0305cb460, 0x000001f0305ca530, 0x000001f0305cbe80, 0x000001f0305c86d0,
0x000001f0305cfb40, 0x000001f0305cec10, 0x000001f0305cf120, 0x000001f0305d0050,
0x000001f02fbb7db0, 0x000001f030803150, 0x000001f030800de0, 0x000001f0374a25d0,
0x000001f0374a3500, 0x000001f0374a3f20, 0x000001f0374a5870, 0x000001f0374a4430,
0x000001f0374a4940, 0x000001f0374a4e50, 0x000001f0374a5360, 0x000001f0374a20c0,
0x000001f0374a5d80, 0x000001f0374a9020, 0x000001f0374a8600, 0x000001f0374a67a0,
0x000001f0374a9530, 0x000001f0374a76d0, 0x000001f0374aa460, 0x000001f0374a9a40,
0x000001f0374a6cb0, 0x000001f0374a80f0, 0x000001f0374aa970, 0x000001f0374a71c0,
0x000001f0374aae80, 0x000001f0374ab390, 0x000001f0374acce0, 0x000001f0374af050,
0x000001f0374ad700, 0x000001f0374ae630, 0x000001f0374ac2c0, 0x000001f0374aeb40,
0x000001f0374ae120, 0x000001f0374ad1f0, 0x000001f0374ac7d0, 0x000001f0374abdb0,
0x000001f0305c8be0, 0x000001f0305c90f0, 0x000001f030803660, 0x000001f030801800,
0x000001f03c9227c0, 0x000001f03c921890, 0x000001f03c9236f0, 0x000001f03c924110,
0x000001f03c924b30, 0x000001f03c925550, 0x000001f03c925f70, 0x000001f03c926990,
0x000001f03c926ea0
}

Java Threads: ( => current thread )
  0x000001f06e5a14d0 JavaThread "main" [_thread_blocked, id=8496, stack(0x0000007ec4e00000,0x0000007ec4f00000)]
  0x000001f07e4fe910 JavaThread "Reference Handler" daemon [_thread_blocked, id=29828, stack(0x0000007ec5500000,0x0000007ec5600000)]
  0x000001f07ea542a0 JavaThread "Finalizer" daemon [_thread_blocked, id=29404, stack(0x0000007ec5600000,0x0000007ec5700000)]
  0x000001f07ea63970 JavaThread "Signal Dispatcher" daemon [_thread_blocked, id=4224, stack(0x0000007ec5700000,0x0000007ec5800000)]
  0x000001f07ea65f50 JavaThread "Attach Listener" daemon [_thread_blocked, id=30716, stack(0x0000007ec5800000,0x0000007ec5900000)]
  0x000001f07ea66730 JavaThread "Service Thread" daemon [_thread_blocked, id=18080, stack(0x0000007ec5900000,0x0000007ec5a00000)]
  0x000001f07ea6cd20 JavaThread "Monitor Deflation Thread" daemon [_thread_blocked, id=29172, stack(0x0000007ec5a00000,0x0000007ec5b00000)]
=>0x000001f07ea72f00 JavaThread "C2 CompilerThread0" daemon [_thread_in_native, id=9672, stack(0x0000007ec5b00000,0x0000007ec5c00000)]
  0x000001f07ea935d0 JavaThread "C1 CompilerThread0" daemon [_thread_in_vm, id=8524, stack(0x0000007ec5c00000,0x0000007ec5d00000)]
  0x000001f07ea95310 JavaThread "Sweeper thread" daemon [_thread_in_vm, id=17764, stack(0x0000007ec5d00000,0x0000007ec5e00000)]
  0x000001f07ebab960 JavaThread "Common-Cleaner" daemon [_thread_blocked, id=19196, stack(0x0000007ec5e00000,0x0000007ec5f00000)]
  0x000001f07ec584e0 JavaThread "Notification Thread" daemon [_thread_blocked, id=25344, stack(0x0000007ec5f00000,0x0000007ec6000000)]
  0x000001f02ed0aa80 JavaThread "Daemon health stats" [_thread_blocked, id=26548, stack(0x0000007ec6600000,0x0000007ec6700000)]
  0x000001f02ee13600 JavaThread "Incoming local TCP Connector on port 62111" [_thread_in_native, id=9936, stack(0x0000007ec6500000,0x0000007ec6600000)]
  0x000001f02efe8ce0 JavaThread "Daemon periodic checks" [_thread_in_native, id=26608, stack(0x0000007ec6700000,0x0000007ec6800000)]
  0x000001f02ef5b210 JavaThread "Daemon" [_thread_blocked, id=19124, stack(0x0000007ec6800000,0x0000007ec6900000)]
  0x000001f02ef598f0 JavaThread "Handler for socket connection from /127.0.0.1:62111 to /127.0.0.1:62112" [_thread_in_native, id=15368, stack(0x0000007ec6900000,0x0000007ec6a00000)]
  0x000001f02ef933f0 JavaThread "Cancel handler" [_thread_blocked, id=26228, stack(0x0000007ec6a00000,0x0000007ec6b00000)]
  0x000001f02ef93900 JavaThread "Daemon worker" [_thread_blocked, id=20968, stack(0x0000007ec6b00000,0x0000007ec6c00000)]
  0x000001f02ef93e10 JavaThread "Asynchronous log dispatcher for DefaultDaemonConnection: socket connection from /127.0.0.1:62111 to /127.0.0.1:62112" [_thread_blocked, id=3464, stack(0x0000007ec6c00000,0x0000007ec6d00000)]
  0x000001f02ef94320 JavaThread "Stdin handler" [_thread_blocked, id=7452, stack(0x0000007ec6d00000,0x0000007ec6e00000)]
  0x000001f02ef91590 JavaThread "Daemon client event forwarder" [_thread_blocked, id=23104, stack(0x0000007ec6e00000,0x0000007ec6f00000)]
  0x000001f02ef94830 JavaThread "Cache worker for journal cache (C:\Users\User\.gradle\caches\journal-1)" [_thread_blocked, id=17700, stack(0x0000007ec6f00000,0x0000007ec7000000)]
  0x000001f02ef91080 JavaThread "File lock request listener" [_thread_in_native, id=14816, stack(0x0000007ec7000000,0x0000007ec7100000)]
  0x000001f02ef91aa0 JavaThread "Cache worker for file hash cache (C:\Users\User\.gradle\caches\8.14.3\fileHashes)" [_thread_blocked, id=9720, stack(0x0000007ec7100000,0x0000007ec7200000)]
  0x000001f02ef924c0 JavaThread "Cache worker for file hash cache (C:\Users\User\Desktop\EGCHAT NATIVA\egchat-mobile\android\.gradle\8.14.3\fileHashes)" [_thread_blocked, id=29536, stack(0x0000007ec7700000,0x0000007ec7800000)]
  0x000001f02ef929d0 JavaThread "Cache worker for Build Output Cleanup Cache (C:\Users\User\Desktop\EGCHAT NATIVA\egchat-mobile\android\.gradle\buildOutputCleanup)" [_thread_blocked, id=7212, stack(0x0000007ec7800000,0x0000007ec7900000)]
  0x000001f02ef92ee0 JavaThread "File watcher server" daemon [_thread_in_native, id=19188, stack(0x0000007ec7b00000,0x0000007ec7c00000)]
  0x000001f02fcbfb60 JavaThread "File watcher consumer" daemon [_thread_blocked, id=1744, stack(0x0000007ec7c00000,0x0000007ec7d00000)]
  0x000001f02fcc23e0 JavaThread "jar transforms" [_thread_blocked, id=23812, stack(0x0000007ec7e00000,0x0000007ec7f00000)]
  0x000001f02fcbf650 JavaThread "Cache worker for checksums cache (C:\Users\User\Desktop\EGCHAT NATIVA\egchat-mobile\android\.gradle\8.14.3\checksums)" [_thread_blocked, id=16944, stack(0x0000007ec7f00000,0x0000007ec8000000)]
  0x000001f02fcc19c0 JavaThread "Cache worker for file content cache (C:\Users\User\.gradle\caches\8.14.3\fileContent)" [_thread_blocked, id=25928, stack(0x0000007ec8000000,0x0000007ec8100000)]
  0x000001f02fcc0580 JavaThread "Exec process" [_thread_in_native, id=21660, stack(0x0000007ec8100000,0x0000007ec8200000)]
  0x000001f02fcc28f0 JavaThread "Exec process Thread 2" [_thread_blocked, id=20188, stack(0x0000007ec8200000,0x0000007ec8300000)]
  0x000001f02fcbf140 JavaThread "Exec process Thread 3" [_thread_blocked, id=2324, stack(0x0000007ec8300000,0x0000007ec8400000)]
  0x000001f02fcc14b0 JavaThread "Cache worker for cache directory md-supplier (C:\Users\User\.gradle\caches\8.14.3\md-supplier)" [_thread_blocked, id=2068, stack(0x0000007ec7d00000,0x0000007ec7e00000)]
  0x000001f02fcc2e00 JavaThread "Cache worker for cache directory md-rule (C:\Users\User\.gradle\caches\8.14.3\md-rule)" [_thread_blocked, id=10556, stack(0x0000007ec8400000,0x0000007ec8500000)]
  0x000001f02fcc3310 JavaThread "Cache worker for Build Output Cleanup Cache (C:\Users\User\Desktop\EGCHAT NATIVA\egchat-mobile\node_modules\@react-native\gradle-plugin\.gradle\buildOutputCleanup)" [_thread_blocked, id=29988, stack(0x0000007ec8500000,0x0000007ec8600000)]
  0x000001f02fcc3820 JavaThread "Unconstrained build operations" [_thread_blocked, id=2060, stack(0x0000007ec8600000,0x0000007ec8700000)]
  0x000001f02fcc0070 JavaThread "Unconstrained build operations Thread 2" [_thread_blocked, id=31020, stack(0x0000007ec8700000,0x0000007ec8800000)]
  0x000001f02fcc0fa0 JavaThread "Unconstrained build operations Thread 3" [_thread_blocked, id=7932, stack(0x0000007ec8800000,0x0000007ec8900000)]
  0x000001f02fcc3d30 JavaThread "Unconstrained build operations Thread 4" [_thread_blocked, id=30232, stack(0x0000007ec8900000,0x0000007ec8a00000)]
  0x000001f02fcc4240 JavaThread "Unconstrained build operations Thread 5" [_thread_blocked, id=17360, stack(0x0000007ec8a00000,0x0000007ec8b00000)]
  0x000001f02fcc0a90 JavaThread "Unconstrained build operations Thread 6" [_thread_blocked, id=14668, stack(0x0000007ec8b00000,0x0000007ec8c00000)]
  0x000001f02fcc4750 JavaThread "Cache worker for Build Output Cleanup Cache (C:\Users\User\Desktop\EGCHAT NATIVA\egchat-mobile\node_modules\expo-modules-autolinking\android\expo-gradle-plugin\.gradle\buildOutputCleanup)" [_thread_blocked, id=31344, stack(0x0000007ec8c00000,0x0000007ec8d00000)]
  0x000001f02fcc4c60 JavaThread "Unconstrained build operations Thread 7" [_thread_blocked, id=8004, stack(0x0000007ec8d00000,0x0000007ec8e00000)]
  0x000001f02fcc5b90 JavaThread "Unconstrained build operations Thread 8" [_thread_blocked, id=27044, stack(0x0000007ec8e00000,0x0000007ec8f00000)]
  0x000001f02fcc5170 JavaThread "Unconstrained build operations Thread 9" [_thread_blocked, id=26632, stack(0x0000007ec8f00000,0x0000007ec9000000)]
  0x000001f02fcc5680 JavaThread "Unconstrained build operations Thread 10" [_thread_blocked, id=384, stack(0x0000007ec9000000,0x0000007ec9100000)]
  0x000001f02fcc60a0 JavaThread "Unconstrained build operations Thread 11" [_thread_blocked, id=6564, stack(0x0000007ec9100000,0x0000007ec9200000)]
  0x000001f03093be50 JavaThread "Unconstrained build operations Thread 12" [_thread_blocked, id=10332, stack(0x0000007ec9200000,0x0000007ec9300000)]
  0x000001f03093d7a0 JavaThread "Unconstrained build operations Thread 13" [_thread_blocked, id=26176, stack(0x0000007ec9300000,0x0000007ec9400000)]
  0x000001f030939ff0 JavaThread "Unconstrained build operations Thread 14" [_thread_blocked, id=23596, stack(0x0000007ec9400000,0x0000007ec9500000)]
  0x000001f03093b430 JavaThread "Unconstrained build operations Thread 15" [_thread_blocked, id=11540, stack(0x0000007ec9500000,0x0000007ec9600000)]
  0x000001f03093dcb0 JavaThread "Unconstrained build operations Thread 16" [_thread_blocked, id=12800, stack(0x0000007ec9600000,0x0000007ec9700000)]
  0x000001f03093cd80 JavaThread "Unconstrained build operations Thread 17" [_thread_blocked, id=13076, stack(0x0000007ec9700000,0x0000007ec9800000)]
  0x000001f03093c360 JavaThread "Unconstrained build operations Thread 18" [_thread_blocked, id=16852, stack(0x0000007ec9800000,0x0000007ec9900000)]
  0x000001f03093d290 JavaThread "Unconstrained build operations Thread 19" [_thread_blocked, id=28460, stack(0x0000007ec9900000,0x0000007ec9a00000)]
  0x000001f03093c870 JavaThread "Unconstrained build operations Thread 20" [_thread_blocked, id=14928, stack(0x0000007ec9a00000,0x0000007ec9b00000)]
  0x000001f03093aa10 JavaThread "Unconstrained build operations Thread 21" [_thread_blocked, id=21584, stack(0x0000007ec9b00000,0x0000007ec9c00000)]
  0x000001f03093b940 JavaThread "Unconstrained build operations Thread 22" [_thread_blocked, id=7424, stack(0x0000007ec9c00000,0x0000007ec9d00000)]
  0x000001f03093a500 JavaThread "Unconstrained build operations Thread 23" [_thread_blocked, id=25524, stack(0x0000007ec9d00000,0x0000007ec9e00000)]
  0x000001f03093af20 JavaThread "Unconstrained build operations Thread 24" [_thread_blocked, id=24592, stack(0x0000007ec9e00000,0x0000007ec9f00000)]
  0x000001f03093f600 JavaThread "Unconstrained build operations Thread 25" [_thread_blocked, id=3276, stack(0x0000007ec9f00000,0x0000007eca000000)]
  0x000001f030941460 JavaThread "Unconstrained build operations Thread 26" [_thread_blocked, id=7400, stack(0x0000007eca000000,0x0000007eca100000)]
  0x000001f03093e1c0 JavaThread "Unconstrained build operations Thread 27" [_thread_blocked, id=11784, stack(0x0000007eca100000,0x0000007eca200000)]
  0x000001f030940020 JavaThread "Unconstrained build operations Thread 28" [_thread_blocked, id=23336, stack(0x0000007eca200000,0x0000007eca300000)]
  0x000001f030940530 JavaThread "Unconstrained build operations Thread 29" [_thread_blocked, id=22488, stack(0x0000007eca300000,0x0000007eca400000)]
  0x000001f030940a40 JavaThread "Unconstrained build operations Thread 30" [_thread_blocked, id=8168, stack(0x0000007eca400000,0x0000007eca500000)]
  0x000001f03093fb10 JavaThread "Unconstrained build operations Thread 31" [_thread_blocked, id=28576, stack(0x0000007eca500000,0x0000007eca600000)]
  0x000001f030941970 JavaThread "Unconstrained build operations Thread 32" [_thread_blocked, id=23292, stack(0x0000007eca600000,0x0000007eca700000)]
  0x000001f030940f50 JavaThread "Unconstrained build operations Thread 33" [_thread_blocked, id=5020, stack(0x0000007eca700000,0x0000007eca800000)]
  0x000001f03093e6d0 JavaThread "Unconstrained build operations Thread 34" [_thread_blocked, id=15928, stack(0x0000007eca800000,0x0000007eca900000)]
  0x000001f03093ebe0 JavaThread "Unconstrained build operations Thread 35" [_thread_blocked, id=6776, stack(0x0000007eca900000,0x0000007ecaa00000)]
  0x000001f03093f0f0 JavaThread "Unconstrained build operations Thread 36" [_thread_blocked, id=21612, stack(0x0000007ecaa00000,0x0000007ecab00000)]
  0x000001f02fbb6970 JavaThread "Unconstrained build operations Thread 37" [_thread_blocked, id=9048, stack(0x0000007ecab00000,0x0000007ecac00000)]
  0x000001f02fbb78a0 JavaThread "Unconstrained build operations Thread 38" [_thread_blocked, id=2632, stack(0x0000007ecac00000,0x0000007ecad00000)]
  0x000001f02fbba630 JavaThread "Unconstrained build operations Thread 39" [_thread_blocked, id=2040, stack(0x0000007ecad00000,0x0000007ecae00000)]
  0x000001f02fbb7390 JavaThread "build event listener" [_thread_blocked, id=8840, stack(0x0000007ecae00000,0x0000007ecaf00000)]
  0x000001f02fbb82c0 JavaThread "Memory manager" [_thread_blocked, id=18604, stack(0x0000007ecaf00000,0x0000007ecb000000)]
  0x000001f02fbb6e80 JavaThread "Unconstrained build operations Thread 40" [_thread_blocked, id=26592, stack(0x0000007ecb200000,0x0000007ecb300000)]
  0x000001f02fbbb560 JavaThread "Unconstrained build operations Thread 41" [_thread_blocked, id=28376, stack(0x0000007ecb300000,0x0000007ecb400000)]
  0x000001f02fbbab40 JavaThread "Unconstrained build operations Thread 42" [_thread_blocked, id=28488, stack(0x0000007ecb400000,0x0000007ecb500000)]
  0x000001f02fbbba70 JavaThread "Unconstrained build operations Thread 43" [_thread_blocked, id=20756, stack(0x0000007ecb500000,0x0000007ecb600000)]
  0x000001f02fbb9700 JavaThread "Unconstrained build operations Thread 44" [_thread_blocked, id=548, stack(0x0000007ecb600000,0x0000007ecb700000)]
  0x000001f02fbbbf80 JavaThread "Unconstrained build operations Thread 45" [_thread_blocked, id=28352, stack(0x0000007ecb700000,0x0000007ecb800000)]
  0x000001f02fbb9c10 JavaThread "Unconstrained build operations Thread 46" [_thread_blocked, id=22084, stack(0x0000007ecb800000,0x0000007ecb900000)]
  0x000001f02fbb87d0 JavaThread "Unconstrained build operations Thread 47" [_thread_blocked, id=10776, stack(0x0000007ecb900000,0x0000007ecba00000)]
  0x000001f02fbbceb0 JavaThread "Unconstrained build operations Thread 48" [_thread_blocked, id=10900, stack(0x0000007ecba00000,0x0000007ecbb00000)]
  0x000001f02fbbb050 JavaThread "Unconstrained build operations Thread 49" [_thread_blocked, id=392, stack(0x0000007ecbb00000,0x0000007ecbc00000)]
  0x000001f02fbbc490 JavaThread "Unconstrained build operations Thread 50" [_thread_blocked, id=17616, stack(0x0000007ecbc00000,0x0000007ecbd00000)]
  0x000001f02fbbc9a0 JavaThread "build event listener" [_thread_blocked, id=29200, stack(0x0000007ecbd00000,0x0000007ecbe00000)]
  0x000001f02fbba120 JavaThread "Unconstrained build operations Thread 51" [_thread_blocked, id=29964, stack(0x0000007ecbe00000,0x0000007ecbf00000)]
  0x000001f02fbbdde0 JavaThread "Unconstrained build operations Thread 52" [_thread_blocked, id=27628, stack(0x0000007ecbf00000,0x0000007ecc000000)]
  0x000001f02fbbd3c0 JavaThread "Unconstrained build operations Thread 53" [_thread_blocked, id=22552, stack(0x0000007ecc000000,0x0000007ecc100000)]
  0x000001f02fbbe2f0 JavaThread "Unconstrained build operations Thread 54" [_thread_blocked, id=1240, stack(0x0000007ecc100000,0x0000007ecc200000)]
  0x000001f0314906a0 JavaThread "Unconstrained build operations Thread 55" [_thread_blocked, id=6120, stack(0x0000007ecc200000,0x0000007ecc300000)]
  0x000001f03148f260 JavaThread "Unconstrained build operations Thread 56" [_thread_blocked, id=10724, stack(0x0000007ecc300000,0x0000007ecc400000)]
  0x000001f031490190 JavaThread "Unconstrained build operations Thread 57" [_thread_blocked, id=14628, stack(0x0000007ecc400000,0x0000007ecc500000)]
  0x000001f031490bb0 JavaThread "Unconstrained build operations Thread 58" [_thread_blocked, id=21308, stack(0x0000007ecc500000,0x0000007ecc600000)]
  0x000001f03148f770 JavaThread "Unconstrained build operations Thread 59" [_thread_blocked, id=13052, stack(0x0000007ecc600000,0x0000007ecc700000)]
  0x000001f03148fc80 JavaThread "Unconstrained build operations Thread 60" [_thread_blocked, id=10164, stack(0x0000007ecc700000,0x0000007ecc800000)]
  0x000001f031491ae0 JavaThread "Unconstrained build operations Thread 61" [_thread_blocked, id=19324, stack(0x0000007ecc800000,0x0000007ecc900000)]
  0x000001f0314910c0 JavaThread "Unconstrained build operations Thread 62" [_thread_blocked, id=28756, stack(0x0000007ecc900000,0x0000007ecca00000)]
  0x000001f0314915d0 JavaThread "Unconstrained build operations Thread 63" [_thread_blocked, id=24668, stack(0x0000007ecca00000,0x0000007eccb00000)]
  0x000001f03148e330 JavaThread "Unconstrained build operations Thread 64" [_thread_blocked, id=19436, stack(0x0000007eccb00000,0x0000007eccc00000)]
  0x000001f031491ff0 JavaThread "Unconstrained build operations Thread 65" [_thread_blocked, id=11408, stack(0x0000007eccc00000,0x0000007eccd00000)]
  0x000001f03148e840 JavaThread "Unconstrained build operations Thread 66" [_thread_blocked, id=31048, stack(0x0000007eccd00000,0x0000007ecce00000)]
  0x000001f031492500 JavaThread "Unconstrained build operations Thread 67" [_thread_blocked, id=16988, stack(0x0000007ecce00000,0x0000007eccf00000)]
  0x000001f03148ed50 JavaThread "Unconstrained build operations Thread 68" [_thread_blocked, id=26928, stack(0x0000007eccf00000,0x0000007ecd000000)]
  0x000001f031492a10 JavaThread "Unconstrained build operations Thread 69" [_thread_blocked, id=23568, stack(0x0000007ecd000000,0x0000007ecd100000)]
  0x000001f031495cb0 JavaThread "Unconstrained build operations Thread 70" [_thread_blocked, id=11824, stack(0x0000007ecd100000,0x0000007ecd200000)]
  0x000001f031493940 JavaThread "Unconstrained build operations Thread 71" [_thread_blocked, id=24260, stack(0x0000007ecd200000,0x0000007ecd300000)]
  0x000001f031493e50 JavaThread "Unconstrained build operations Thread 72" [_thread_blocked, id=16272, stack(0x0000007ecd300000,0x0000007ecd400000)]
  0x000001f031495290 JavaThread "Unconstrained build operations Thread 73" [_thread_blocked, id=13272, stack(0x0000007ecd400000,0x0000007ecd500000)]
  0x000001f031494360 JavaThread "Unconstrained build operations Thread 74" [_thread_blocked, id=16260, stack(0x0000007ecd500000,0x0000007ecd600000)]
  0x000001f031494d80 JavaThread "ForkJoinPool.commonPool-worker-1" daemon [_thread_blocked, id=14844, stack(0x0000007ecd600000,0x0000007ecd700000)]
  0x000001f0314957a0 JavaThread "ForkJoinPool.commonPool-worker-2" daemon [_thread_blocked, id=29396, stack(0x0000007ecd700000,0x0000007ecd800000)]
  0x000001f031493430 JavaThread "ForkJoinPool.commonPool-worker-3" daemon [_thread_blocked, id=9352, stack(0x0000007ecd800000,0x0000007ecd900000)]
  0x000001f0307ff9a0 JavaThread "ForkJoinPool.commonPool-worker-5" daemon [_thread_blocked, id=19404, stack(0x0000007ecda00000,0x0000007ecdb00000)]
  0x000001f030802220 JavaThread "ForkJoinPool.commonPool-worker-6" daemon [_thread_blocked, id=20016, stack(0x0000007ecdb00000,0x0000007ecdc00000)]
  0x000001f0308003c0 JavaThread "ForkJoinPool.commonPool-worker-7" daemon [_thread_blocked, id=17136, stack(0x0000007ecdc00000,0x0000007ecdd00000)]
  0x000001f030802c40 JavaThread "ForkJoinPool.commonPool-worker-8" daemon [_thread_blocked, id=9528, stack(0x0000007ecdd00000,0x0000007ecde00000)]
  0x000001f0307ff490 JavaThread "ForkJoinPool.commonPool-worker-9" daemon [_thread_blocked, id=30944, stack(0x0000007ecde00000,0x0000007ecdf00000)]
  0x000001f030802730 JavaThread "ForkJoinPool.commonPool-worker-10" daemon [_thread_blocked, id=24088, stack(0x0000007ecdf00000,0x0000007ece000000)]
  0x000001f0308008d0 JavaThread "ForkJoinPool.commonPool-worker-11" daemon [_thread_blocked, id=25480, stack(0x0000007ece000000,0x0000007ece100000)]
  0x000001f0307ffeb0 JavaThread "Execution worker" [_thread_blocked, id=28500, stack(0x0000007ece600000,0x0000007ece700000)]
  0x000001f030804590 JavaThread "Execution worker Thread 2" [_thread_blocked, id=6440, stack(0x0000007ece700000,0x0000007ece800000)]
  0x000001f030804aa0 JavaThread "Execution worker Thread 3" [_thread_blocked, id=15284, stack(0x0000007ece800000,0x0000007ece900000)]
  0x000001f030804080 JavaThread "Execution worker Thread 4" [_thread_blocked, id=21920, stack(0x0000007ece900000,0x0000007ecea00000)]
  0x000001f0308054c0 JavaThread "Execution worker Thread 5" [_thread_blocked, id=18056, stack(0x0000007ecea00000,0x0000007eceb00000)]
  0x000001f030804fb0 JavaThread "Execution worker Thread 6" [_thread_blocked, id=3108, stack(0x0000007eceb00000,0x0000007ecec00000)]
  0x000001f030803b70 JavaThread "Execution worker Thread 7" [_thread_in_native, id=21912, stack(0x0000007ecec00000,0x0000007eced00000)]
  0x000001f0308059d0 JavaThread "Execution worker Thread 8" [_thread_blocked, id=26728, stack(0x0000007eced00000,0x0000007ecee00000)]
  0x000001f030805ee0 JavaThread "Execution worker Thread 9" [_thread_blocked, id=5712, stack(0x0000007ecee00000,0x0000007ecef00000)]
  0x000001f0308063f0 JavaThread "Execution worker Thread 10" [_thread_blocked, id=3044, stack(0x0000007ecef00000,0x0000007ecf000000)]
  0x000001f030806900 JavaThread "Execution worker Thread 11" [_thread_blocked, id=25380, stack(0x0000007ecf000000,0x0000007ecf100000)]
  0x000001f0309bc360 JavaThread "Cache worker for execution history cache (C:\Users\User\Desktop\EGCHAT NATIVA\egchat-mobile\node_modules\@react-native\gradle-plugin\.gradle\8.14.3\executionHistory)" [_thread_blocked, id=25852, stack(0x0000007ecf100000,0x0000007ecf200000)]
  0x000001f0309bb430 JavaThread "Cache worker for execution history cache (C:\Users\User\Desktop\EGCHAT NATIVA\egchat-mobile\node_modules\expo-modules-autolinking\android\expo-gradle-plugin\.gradle\8.14.3\executionHistory)" [_thread_blocked, id=6424, stack(0x0000007ecf200000,0x0000007ecf300000)]
  0x000001f0309bc870 JavaThread "Unconstrained build operations Thread 75" [_thread_blocked, id=13520, stack(0x0000007ecf300000,0x0000007ecf400000)]
  0x000001f0309bcd80 JavaThread "Unconstrained build operations Thread 76" [_thread_blocked, id=24628, stack(0x0000007ecf400000,0x0000007ecf500000)]
  0x000001f0309bd290 JavaThread "Unconstrained build operations Thread 77" [_thread_blocked, id=2544, stack(0x0000007ecf500000,0x0000007ecf600000)]
  0x000001f0309baf20 JavaThread "Unconstrained build operations Thread 78" [_thread_blocked, id=9812, stack(0x0000007ecf600000,0x0000007ecf700000)]
  0x000001f0309bd7a0 JavaThread "Unconstrained build operations Thread 79" [_thread_blocked, id=19576, stack(0x0000007ecf700000,0x0000007ecf800000)]
  0x000001f0309bb940 JavaThread "Unconstrained build operations Thread 80" [_thread_blocked, id=14072, stack(0x0000007ecf800000,0x0000007ecf900000)]
  0x000001f0309bdcb0 JavaThread "Unconstrained build operations Thread 81" [_thread_blocked, id=24752, stack(0x0000007ecf900000,0x0000007ecfa00000)]
  0x000001f0309be1c0 JavaThread "Unconstrained build operations Thread 82" [_thread_blocked, id=14904, stack(0x0000007ecfa00000,0x0000007ecfb00000)]
  0x000001f0309bbe50 JavaThread "Unconstrained build operations Thread 83" [_thread_blocked, id=15288, stack(0x0000007ecfb00000,0x0000007ecfc00000)]
  0x000001f0309be6d0 JavaThread "Unconstrained build operations Thread 84" [_thread_blocked, id=28436, stack(0x0000007ecfc00000,0x0000007ecfd00000)]
  0x000001f02fbb8ce0 JavaThread "Unconstrained build operations Thread 85" [_thread_blocked, id=13840, stack(0x0000007ecfd00000,0x0000007ecfe00000)]
  0x000001f0310febb0 JavaThread "Unconstrained build operations Thread 86" [_thread_blocked, id=27612, stack(0x0000007ecfe00000,0x0000007ecff00000)]
  0x000001f0310ffae0 JavaThread "Unconstrained build operations Thread 87" [_thread_blocked, id=15404, stack(0x0000007ecff00000,0x0000007ed0000000)]
  0x000001f0310fd770 JavaThread "Unconstrained build operations Thread 88" [_thread_blocked, id=29528, stack(0x0000007ed0000000,0x0000007ed0100000)]
  0x000001f0310ffff0 JavaThread "Unconstrained build operations Thread 89" [_thread_blocked, id=31660, stack(0x0000007ed0100000,0x0000007ed0200000)]
  0x000001f031100a10 JavaThread "Unconstrained build operations Thread 90" [_thread_blocked, id=29540, stack(0x0000007ed0200000,0x0000007ed0300000)]
  0x000001f0310ff0c0 JavaThread "Unconstrained build operations Thread 91" [_thread_blocked, id=5108, stack(0x0000007ed0300000,0x0000007ed0400000)]
  0x000001f0310fdc80 JavaThread "Unconstrained build operations Thread 92" [_thread_blocked, id=17096, stack(0x0000007ed0400000,0x0000007ed0500000)]
  0x000001f0310fd260 JavaThread "Unconstrained build operations Thread 93" [_thread_blocked, id=12620, stack(0x0000007ed0500000,0x0000007ed0600000)]
  0x000001f031100f20 JavaThread "Unconstrained build operations Thread 94" [_thread_blocked, id=20192, stack(0x0000007ed0600000,0x0000007ed0700000)]
  0x000001f031101430 JavaThread "Unconstrained build operations Thread 95" [_thread_blocked, id=28536, stack(0x0000007ed0700000,0x0000007ed0800000)]
  0x000001f0310ff5d0 JavaThread "Unconstrained build operations Thread 96" [_thread_blocked, id=30496, stack(0x0000007ed0800000,0x0000007ed0900000)]
  0x000001f031100500 JavaThread "Unconstrained build operations Thread 97" [_thread_blocked, id=11996, stack(0x0000007ed0900000,0x0000007ed0a00000)]
  0x000001f031101940 JavaThread "Unconstrained build operations Thread 98" [_thread_blocked, id=14104, stack(0x0000007ed0a00000,0x0000007ed0b00000)]
  0x000001f0310fe190 JavaThread "Unconstrained build operations Thread 99" [_thread_blocked, id=6276, stack(0x0000007ed0b00000,0x0000007ed0c00000)]
  0x000001f031101e50 JavaThread "Unconstrained build operations Thread 100" [_thread_blocked, id=29712, stack(0x0000007ed0c00000,0x0000007ed0d00000)]
  0x000001f0310fe6a0 JavaThread "Unconstrained build operations Thread 101" [_thread_blocked, id=3448, stack(0x0000007ed0d00000,0x0000007ed0e00000)]
  0x000001f031102360 JavaThread "Unconstrained build operations Thread 102" [_thread_blocked, id=25936, stack(0x0000007ed0e00000,0x0000007ed0f00000)]
  0x000001f0311041c0 JavaThread "Unconstrained build operations Thread 103" [_thread_blocked, id=2500, stack(0x0000007ed0f00000,0x0000007ed1000000)]
  0x000001f031102870 JavaThread "Unconstrained build operations Thread 104" [_thread_blocked, id=24812, stack(0x0000007ed1000000,0x0000007ed1100000)]
  0x000001f031102d80 JavaThread "Unconstrained build operations Thread 105" [_thread_blocked, id=9556, stack(0x0000007ed1100000,0x0000007ed1200000)]
  0x000001f0311037a0 JavaThread "Unconstrained build operations Thread 106" [_thread_blocked, id=19024, stack(0x0000007ed1200000,0x0000007ed1300000)]
  0x000001f031103290 JavaThread "Unconstrained build operations Thread 107" [_thread_blocked, id=25300, stack(0x0000007ed1300000,0x0000007ed1400000)]
  0x000001f031103cb0 JavaThread "Unconstrained build operations Thread 108" [_thread_blocked, id=27620, stack(0x0000007ed1400000,0x0000007ed1500000)]
  0x000001f0311046d0 JavaThread "Unconstrained build operations Thread 109" [_thread_blocked, id=25892, stack(0x0000007ed1500000,0x0000007ed1600000)]
  0x000001f031104be0 JavaThread "Unconstrained build operations Thread 110" [_thread_blocked, id=24228, stack(0x0000007ed1600000,0x0000007ed1700000)]
  0x000001f031b694a0 JavaThread "Unconstrained build operations Thread 111" [_thread_blocked, id=24068, stack(0x0000007ed1700000,0x0000007ed1800000)]
  0x000001f031b68a80 JavaThread "Unconstrained build operations Thread 112" [_thread_blocked, id=21220, stack(0x0000007ed1800000,0x0000007ed1900000)]
  0x000001f031b68060 JavaThread "Unconstrained build operations Thread 113" [_thread_blocked, id=22124, stack(0x0000007ed1900000,0x0000007ed1a00000)]
  0x000001f031b68f90 JavaThread "Unconstrained build operations Thread 114" [_thread_blocked, id=28204, stack(0x0000007ed1a00000,0x0000007ed1b00000)]
  0x000001f031b67640 JavaThread "Unconstrained build operations Thread 115" [_thread_blocked, id=17760, stack(0x0000007ed1b00000,0x0000007ed1c00000)]
  0x000001f031b65cf0 JavaThread "Unconstrained build operations Thread 116" [_thread_blocked, id=21812, stack(0x0000007ed1c00000,0x0000007ed1d00000)]
  0x000001f031b699b0 JavaThread "Unconstrained build operations Thread 117" [_thread_blocked, id=2452, stack(0x0000007ed1d00000,0x0000007ed1e00000)]
  0x000001f031b66200 JavaThread "Unconstrained build operations Thread 118" [_thread_blocked, id=13808, stack(0x0000007ed1e00000,0x0000007ed1f00000)]
  0x000001f031b67b50 JavaThread "Unconstrained build operations Thread 119" [_thread_blocked, id=11960, stack(0x0000007ed1f00000,0x0000007ed2000000)]
  0x000001f031b69ec0 JavaThread "Unconstrained build operations Thread 120" [_thread_blocked, id=22916, stack(0x0000007ed2000000,0x0000007ed2100000)]
  0x000001f031b6a3d0 JavaThread "jar transforms Thread 2" [_thread_blocked, id=3272, stack(0x0000007ec4b00000,0x0000007ec4c00000)]
  0x000001f031b66c20 JavaThread "Cache worker for Build Output Cleanup Cache (C:\Users\User\Desktop\EGCHAT NATIVA\egchat-mobile\node_modules\expo-dev-launcher\expo-dev-launcher-gradle-plugin\.gradle\buildOutputCleanup)" [_thread_blocked, id=18424, stack(0x0000007ec4d00000,0x0000007ec4e00000)]
  0x000001f031b6a8e0 JavaThread "Cache worker for Build Output Cleanup Cache (C:\Users\User\Desktop\EGCHAT NATIVA\egchat-mobile\node_modules\expo-modules-core\expo-module-gradle-plugin\.gradle\buildOutputCleanup)" [_thread_blocked, id=22116, stack(0x0000007ed2100000,0x0000007ed2200000)]
  0x000001f031b6adf0 JavaThread "Cache worker for Build Output Cleanup Cache (C:\Users\User\Desktop\EGCHAT NATIVA\egchat-mobile\node_modules\expo-updates\expo-updates-gradle-plugin\.gradle\buildOutputCleanup)" [_thread_blocked, id=5508, stack(0x0000007ed2200000,0x0000007ed2300000)]
  0x000001f031b6b300 JavaThread "build event listener" [_thread_blocked, id=30892, stack(0x0000007ed2300000,0x0000007ed2400000)]
  0x000001f031b6d670 JavaThread "build event listener" [_thread_blocked, id=16028, stack(0x0000007ed2400000,0x0000007ed2500000)]
  0x000001f031b6b810 JavaThread "build event listener" [_thread_blocked, id=29244, stack(0x0000007ec4c00000,0x0000007ec4d00000)]
  0x000001f031b6cc50 JavaThread "jar transforms Thread 3" [_thread_blocked, id=30252, stack(0x0000007ed2500000,0x0000007ed2600000)]
  0x000001f0305caa40 JavaThread "Cache worker for execution history cache (C:\Users\User\Desktop\EGCHAT NATIVA\egchat-mobile\node_modules\expo-dev-launcher\expo-dev-launcher-gradle-plugin\.gradle\8.14.3\executionHistory)" [_thread_blocked, id=24368, stack(0x0000007ed2900000,0x0000007ed2a00000)]
  0x000001f0305c9b10 JavaThread "Cache worker for execution history cache (C:\Users\User\Desktop\EGCHAT NATIVA\egchat-mobile\node_modules\expo-modules-core\expo-module-gradle-plugin\.gradle\8.14.3\executionHistory)" [_thread_blocked, id=28052, stack(0x0000007ed2a00000,0x0000007ed2b00000)]
  0x000001f0305ca020 JavaThread "Cache worker for execution history cache (C:\Users\User\Desktop\EGCHAT NATIVA\egchat-mobile\node_modules\expo-updates\expo-updates-gradle-plugin\.gradle\8.14.3\executionHistory)" [_thread_blocked, id=25964, stack(0x0000007ed2b00000,0x0000007ed2c00000)]
  0x000001f0305cb460 JavaThread "jar transforms Thread 4" [_thread_blocked, id=22844, stack(0x0000007ed2c00000,0x0000007ed2d00000)]
  0x000001f0305ca530 JavaThread "Problems report writer" [_thread_blocked, id=8132, stack(0x0000007ed2e00000,0x0000007ed2f00000)]
  0x000001f0305cbe80 JavaThread "jar transforms Thread 5" [_thread_blocked, id=31464, stack(0x0000007ed2f00000,0x0000007ed3000000)]
  0x000001f0305c86d0 JavaThread "jar transforms Thread 6" [_thread_blocked, id=10252, stack(0x0000007ed3000000,0x0000007ed3100000)]
  0x000001f0305cfb40 JavaThread "build event listener" [_thread_blocked, id=20232, stack(0x0000007ed2d00000,0x0000007ed2e00000)]
  0x000001f0305cec10 JavaThread "jar transforms Thread 7" [_thread_blocked, id=14284, stack(0x0000007ed3200000,0x0000007ed3300000)]
  0x000001f0305cf120 JavaThread "jar transforms Thread 8" [_thread_blocked, id=23460, stack(0x0000007ed3300000,0x0000007ed3400000)]
  0x000001f0305d0050 JavaThread "jar transforms Thread 9" [_thread_blocked, id=31720, stack(0x0000007ed3400000,0x0000007ed3500000)]
  0x000001f02fbb7db0 JavaThread "jar transforms Thread 10" [_thread_blocked, id=20672, stack(0x0000007ed3500000,0x0000007ed3600000)]
  0x000001f030803150 JavaThread "jar transforms Thread 11" [_thread_blocked, id=19260, stack(0x0000007ece100000,0x0000007ece200000)]
  0x000001f030800de0 JavaThread "jar transforms Thread 12" [_thread_blocked, id=2396, stack(0x0000007ece200000,0x0000007ece300000)]
  0x000001f0374a25d0 JavaThread "ForkJoinPool.commonPool-worker-12" daemon [_thread_blocked, id=20040, stack(0x0000007ed2700000,0x0000007ed2800000)]
  0x000001f0374a3500 JavaThread "pool-3-thread-1" [_thread_blocked, id=13968, stack(0x0000007ed3100000,0x0000007ed3200000)]
  0x000001f0374a3f20 JavaThread "build event listener" [_thread_blocked, id=30196, stack(0x0000007ed3600000,0x0000007ed3700000)]
  0x000001f0374a5870 JavaThread "included builds Thread 6" [_thread_blocked, id=22448, stack(0x0000007ed3700000,0x0000007ed3800000)]
  0x000001f0374a4430 JavaThread "Cache worker for execution history cache (C:\Users\User\Desktop\EGCHAT NATIVA\egchat-mobile\android\.gradle\8.14.3\executionHistory)" [_thread_blocked, id=6492, stack(0x0000007ed3800000,0x0000007ed3900000)]
  0x000001f0374a4940 JavaThread "Exec process Thread 5" [_thread_in_native, id=26088, stack(0x0000007ed3a00000,0x0000007ed3b00000)]
  0x000001f0374a4e50 JavaThread "Exec process Thread 4" [_thread_in_native, id=30324, stack(0x0000007ed3b00000,0x0000007ed3c00000)]
  0x000001f0374a5360 JavaThread "Exec process Thread 7" [_thread_blocked, id=3636, stack(0x0000007ed3c00000,0x0000007ed3d00000)]
  0x000001f0374a20c0 JavaThread "Exec process Thread 6" [_thread_blocked, id=14384, stack(0x0000007ed3d00000,0x0000007ed3e00000)]
  0x000001f0374a5d80 JavaThread "Exec process Thread 8" [_thread_in_native, id=11496, stack(0x0000007ed3e00000,0x0000007ed3f00000)]
  0x000001f0374a9020 JavaThread "Exec process Thread 9" [_thread_blocked, id=15816, stack(0x0000007ed3900000,0x0000007ed3a00000)]
  0x000001f0374a8600 JavaThread "Exec process Thread 10" [_thread_in_native, id=1592, stack(0x0000007ed4000000,0x0000007ed4100000)]
  0x000001f0374a67a0 JavaThread "Exec process Thread 11" [_thread_in_native, id=21804, stack(0x0000007ed4100000,0x0000007ed4200000)]
  0x000001f0374a9530 JavaThread "WorkerExecutor Queue" [_thread_blocked, id=13288, stack(0x0000007ed3f00000,0x0000007ed4000000)]
  0x000001f0374a76d0 JavaThread "WorkerExecutor Queue Thread 3" [_thread_blocked, id=16704, stack(0x0000007ed4300000,0x0000007ed4400000)]
  0x000001f0374aa460 JavaThread "WorkerExecutor Queue Thread 4" [_thread_blocked, id=25464, stack(0x0000007ed4400000,0x0000007ed4500000)]
  0x000001f0374a9a40 JavaThread "WorkerExecutor Queue Thread 6" [_thread_blocked, id=14092, stack(0x0000007ed4600000,0x0000007ed4700000)]
  0x000001f0374a6cb0 JavaThread "Exec process Thread 12" [_thread_blocked, id=13924, stack(0x0000007ed4800000,0x0000007ed4900000)]
  0x000001f0374a80f0 JavaThread "Exec process Thread 13" [_thread_blocked, id=14784, stack(0x0000007ed4900000,0x0000007ed4a00000)]
  0x000001f0374aa970 JavaThread "Exec process Thread 14" [_thread_blocked, id=19908, stack(0x0000007ed4700000,0x0000007ed4800000)]
  0x000001f0374a71c0 JavaThread "Exec process Thread 15" [_thread_blocked, id=18544, stack(0x0000007ed4c00000,0x0000007ed4d00000)]
  0x000001f0374aae80 JavaThread "WorkerExecutor Queue Thread 7" [_thread_blocked, id=19108, stack(0x0000007ed4d00000,0x0000007ed4e00000)]
  0x000001f0374ab390 JavaThread "Exec process Thread 16" [_thread_blocked, id=9280, stack(0x0000007ed4e00000,0x0000007ed4f00000)]
  0x000001f0374acce0 JavaThread "Exec process Thread 17" [_thread_blocked, id=2312, stack(0x0000007ed5100000,0x0000007ed5200000)]
  0x000001f0374af050 JavaThread "WorkerExecutor Queue Thread 9" [_thread_blocked, id=22220, stack(0x0000007ed5200000,0x0000007ed5300000)]
  0x000001f0374ad700 JavaThread "WorkerExecutor Queue Thread 10" [_thread_blocked, id=9140, stack(0x0000007ed4f00000,0x0000007ed5000000)]
  0x000001f0374ae630 JavaThread "WorkerExecutor Queue Thread 11" [_thread_blocked, id=13404, stack(0x0000007ed5300000,0x0000007ed5400000)]
  0x000001f0374ac2c0 JavaThread "WorkerExecutor Queue Thread 12" [_thread_blocked, id=27484, stack(0x0000007ed5400000,0x0000007ed5500000)]
  0x000001f0374aeb40 JavaThread "WorkerExecutor Queue Thread 13" [_thread_blocked, id=14004, stack(0x0000007ed5500000,0x0000007ed5600000)]
  0x000001f0374ae120 JavaThread "Exec process Thread 18" [_thread_in_native, id=12600, stack(0x0000007ed5600000,0x0000007ed5700000)]
  0x000001f0374ad1f0 JavaThread "Exec process Thread 19" [_thread_in_native, id=15672, stack(0x0000007ed5700000,0x0000007ed5800000)]
  0x000001f0374ac7d0 JavaThread "Exec process Thread 20" [_thread_in_native, id=21468, stack(0x0000007ed5800000,0x0000007ed5900000)]
  0x000001f0374abdb0 JavaThread "Exec process Thread 21" [_thread_in_native, id=7316, stack(0x0000007ed5900000,0x0000007ed5a00000)]
  0x000001f0305c8be0 JavaThread "Exec process Thread 22" [_thread_blocked, id=26108, stack(0x0000007ed5a00000,0x0000007ed5b00000)]
  0x000001f0305c90f0 JavaThread "Exec process Thread 23" [_thread_blocked, id=25764, stack(0x0000007ed5b00000,0x0000007ed5c00000)]
  0x000001f030803660 JavaThread "Exec process Thread 24" [_thread_in_native, id=7028, stack(0x0000007ed2800000,0x0000007ed2900000)]
  0x000001f030801800 JavaThread "Exec process Thread 25" [_thread_in_native, id=11256, stack(0x0000007ed5c00000,0x0000007ed5d00000)]
  0x000001f03c9227c0 JavaThread "Exec process Thread 26" [_thread_blocked, id=9644, stack(0x0000007ed5d00000,0x0000007ed5e00000)]
  0x000001f03c921890 JavaThread "Exec process Thread 27" [_thread_blocked, id=11928, stack(0x0000007ed5e00000,0x0000007ed5f00000)]
  0x000001f03c9236f0 JavaThread "Cache worker for Java compile cache (C:\Users\User\.gradle\caches\8.14.3\javaCompile)" [_thread_blocked, id=5436, stack(0x0000007ed4500000,0x0000007ed4600000)]
  0x000001f03c924110 JavaThread "WorkerExecutor Queue Thread 15" [_thread_blocked, id=23252, stack(0x0000007ed5f00000,0x0000007ed6000000)]
  0x000001f03c924b30 JavaThread "WorkerExecutor Queue Thread 16" [_thread_blocked, id=25208, stack(0x0000007ed5000000,0x0000007ed5100000)]
  0x000001f03c925550 JavaThread "RMI Scheduler(0)" daemon [_thread_blocked, id=25940, stack(0x0000007ecb100000,0x0000007ecb200000)]
  0x000001f03c925f70 JavaThread "RMI RenewClean-[127.0.0.1:17767,org.jetbrains.kotlin.daemon.common.LoopbackNetworkInterface$ClientLoopbackSocketFactory@5b6e9453]" daemon [_thread_blocked, id=7896, stack(0x0000007ed6000000,0x0000007ed6100000)]
  0x000001f03c926990 JavaThread "RMI GC Daemon" daemon [_thread_blocked, id=26800, stack(0x0000007ed6100000,0x0000007ed6200000)]
  0x000001f03c926ea0 JavaThread "RMI RenewClean-[127.0.0.1:17767,org.jetbrains.kotlin.daemon.common.LoopbackNetworkInterface$ClientLoopbackSocketFactory@4e0d81f0]" daemon [_thread_blocked, id=4992, stack(0x0000007ed6200000,0x0000007ed6300000)]

Other Threads:
  0x000001f07e4fbc00 VMThread "VM Thread" [stack: 0x0000007ec5400000,0x0000007ec5500000] [id=15980]
  0x000001f06e5a2260 WatcherThread [stack: 0x0000007ec6000000,0x0000007ec6100000] [id=20724]
  0x000001f06e5fd550 GCTaskThread "GC Thread#0" [stack: 0x0000007ec4f00000,0x0000007ec5000000] [id=4848]
  0x000001f07ee0e070 GCTaskThread "GC Thread#1" [stack: 0x0000007ec6100000,0x0000007ec6200000] [id=11724]
  0x000001f07ee0eb10 GCTaskThread "GC Thread#2" [stack: 0x0000007ec6200000,0x0000007ec6300000] [id=27760]
  0x000001f02e35b8a0 GCTaskThread "GC Thread#3" [stack: 0x0000007ec6300000,0x0000007ec6400000] [id=15800]
  0x000001f02e31bc70 GCTaskThread "GC Thread#4" [stack: 0x0000007ec6400000,0x0000007ec6500000] [id=7208]
  0x000001f02f394130 GCTaskThread "GC Thread#5" [stack: 0x0000007ec7200000,0x0000007ec7300000] [id=17388]
  0x000001f02e2decb0 GCTaskThread "GC Thread#6" [stack: 0x0000007ec7300000,0x0000007ec7400000] [id=3060]
  0x000001f02f6809a0 GCTaskThread "GC Thread#7" [stack: 0x0000007ec7400000,0x0000007ec7500000] [id=2556]
  0x000001f02f680c60 GCTaskThread "GC Thread#8" [stack: 0x0000007ec7500000,0x0000007ec7600000] [id=7556]
  0x000001f02f6b8010 GCTaskThread "GC Thread#9" [stack: 0x0000007ec7600000,0x0000007ec7700000] [id=23512]
  0x000001f06e60e600 ConcurrentGCThread "G1 Main Marker" [stack: 0x0000007ec5000000,0x0000007ec5100000] [id=6156]
  0x000001f06e610c20 ConcurrentGCThread "G1 Conc#0" [stack: 0x0000007ec5100000,0x0000007ec5200000] [id=10944]
  0x000001f0302a2830 ConcurrentGCThread "G1 Conc#1" [stack: 0x0000007ec7900000,0x0000007ec7a00000] [id=2084]
  0x000001f0302a2af0 ConcurrentGCThread "G1 Conc#2" [stack: 0x0000007ec7a00000,0x0000007ec7b00000] [id=17448]
  0x000001f07e3a8250 ConcurrentGCThread "G1 Refine#0" [stack: 0x0000007ec5200000,0x0000007ec5300000] [id=2348]
  0x000001f031d5cf60 ConcurrentGCThread "G1 Refine#1" [stack: 0x0000007ece300000,0x0000007ece400000] [id=6984]
  0x000001f03790cc80 ConcurrentGCThread "G1 Refine#2" [stack: 0x0000007ece400000,0x0000007ece500000] [id=4316]
  0x000001f032125e80 ConcurrentGCThread "G1 Refine#3" [stack: 0x0000007ece500000,0x0000007ece600000] [id=18564]
  0x000001f038e4ffb0 ConcurrentGCThread "G1 Refine#4" [stack: 0x0000007ed2600000,0x0000007ed2700000] [id=12724]
  0x000001f07e3a9740 ConcurrentGCThread "G1 Service" [stack: 0x0000007ec5300000,0x0000007ec5400000] [id=26892]

Threads with active compile tasks:
C2 CompilerThread0  199194 29592       4       com.sun.tools.javac.code.Symtab::enterClass (71 bytes)
C1 CompilerThread0  199194 30072       2       com.sun.tools.javac.code.Type$JCPrimitiveType::constType (24 bytes)

VM state: not at safepoint (normal execution)

VM Mutex/Monitor currently owned by a thread:  ([mutex/lock_event])
[0x000001f06caa2b90] CodeCache_lock - owner thread: 0x000001f07ea935d0
[0x000001f06e59edf0] Compile_lock - owner thread: 0x000001f07ea935d0
[0x000001f06e59f8a0] MethodCompileQueue_lock - owner thread: 0x000001f07ea935d0

Heap address: 0x0000000080000000, size: 2048 MB, Compressed Oops mode: 32-bit

CDS archive(s) mapped at: [0x000001f00f000000-0x000001f00fbb0000-0x000001f00fbb0000), size 12255232, SharedBaseAddress: 0x000001f00f000000, ArchiveRelocationMode: 1.
Compressed class space mapped at: 0x000001f010000000-0x000001f02a000000, reserved size: 436207616
Narrow klass base: 0x000001f00f000000, Narrow klass shift: 0, Narrow klass range: 0x100000000

GC Precious Log:
 CPUs: 12 total, 12 available
 Memory: 7883M
 Large Page Support: Disabled
 NUMA Support: Disabled
 Compressed Oops: Enabled (32-bit)
 Heap Region Size: 1M
 Heap Min Capacity: 8M
 Heap Initial Capacity: 124M
 Heap Max Capacity: 2G
 Pre-touch: Disabled
 Parallel Workers: 10
 Concurrent Workers: 3
 Concurrent Refinement Workers: 10
 Periodic GC: Disabled

Heap:
 garbage-first heap   total 921600K, used 623101K [0x0000000080000000, 0x0000000100000000)
  region size 1024K, 191 young (195584K), 23 survivors (23552K)
 Metaspace       used 175881K, committed 178752K, reserved 622592K
  class space    used 23608K, committed 24960K, reserved 425984K

Heap Regions: E=young(eden), S=young(survivor), O=old, HS=humongous(starts), HC=humongous(continues), CS=collection set, F=free, OA=open archive, CA=closed archive, TAMS=top-at-mark-start (previous, next)
|   0|0x0000000080000000, 0x0000000080100000, 0x0000000080100000|100%|HS|  |TAMS 0x0000000080100000, 0x0000000080000000| Complete 
|   1|0x0000000080100000, 0x0000000080200000, 0x0000000080200000|100%|HC|  |TAMS 0x0000000080200000, 0x0000000080100000| Complete 
|   2|0x0000000080200000, 0x0000000080300000, 0x0000000080300000|100%|HC|  |TAMS 0x0000000080300000, 0x0000000080200000| Complete 
|   3|0x0000000080300000, 0x0000000080400000, 0x0000000080400000|100%| O|  |TAMS 0x0000000080400000, 0x0000000080300000| Untracked 
|   4|0x0000000080400000, 0x0000000080500000, 0x0000000080500000|100%| O|  |TAMS 0x0000000080500000, 0x0000000080400000| Untracked 
|   5|0x0000000080500000, 0x0000000080600000, 0x0000000080600000|100%| O|  |TAMS 0x0000000080600000, 0x0000000080500000| Untracked 
|   6|0x0000000080600000, 0x0000000080700000, 0x0000000080700000|100%|HS|  |TAMS 0x0000000080700000, 0x0000000080600000| Complete 
|   7|0x0000000080700000, 0x0000000080800000, 0x0000000080800000|100%| O|  |TAMS 0x0000000080800000, 0x0000000080700000| Untracked 
|   8|0x0000000080800000, 0x0000000080900000, 0x0000000080900000|100%| O|  |TAMS 0x0000000080900000, 0x0000000080800000| Untracked 
|   9|0x0000000080900000, 0x0000000080a00000, 0x0000000080a00000|100%| O|  |TAMS 0x0000000080a00000, 0x0000000080900000| Untracked 
|  10|0x0000000080a00000, 0x0000000080b00000, 0x0000000080b00000|100%| O|  |TAMS 0x0000000080b00000, 0x0000000080a00000| Untracked 
|  11|0x0000000080b00000, 0x0000000080c00000, 0x0000000080c00000|100%| O|  |TAMS 0x0000000080c00000, 0x0000000080b00000| Untracked 
|  12|0x0000000080c00000, 0x0000000080d00000, 0x0000000080d00000|100%| O|  |TAMS 0x0000000080d00000, 0x0000000080c00000| Untracked 
|  13|0x0000000080d00000, 0x0000000080e00000, 0x0000000080e00000|100%| O|  |TAMS 0x0000000080e00000, 0x0000000080d00000| Untracked 
|  14|0x0000000080e00000, 0x0000000080f00000, 0x0000000080f00000|100%| O|  |TAMS 0x0000000080f00000, 0x0000000080e00000| Untracked 
|  15|0x0000000080f00000, 0x0000000081000000, 0x0000000081000000|100%| O|  |TAMS 0x0000000081000000, 0x0000000080f00000| Untracked 
|  16|0x0000000081000000, 0x0000000081100000, 0x0000000081100000|100%| O|  |TAMS 0x0000000081100000, 0x0000000081000000| Untracked 
|  17|0x0000000081100000, 0x0000000081200000, 0x0000000081200000|100%| O|  |TAMS 0x0000000081200000, 0x0000000081100000| Untracked 
|  18|0x0000000081200000, 0x0000000081300000, 0x0000000081300000|100%| O|  |TAMS 0x0000000081300000, 0x0000000081200000| Untracked 
|  19|0x0000000081300000, 0x0000000081400000, 0x0000000081400000|100%| O|  |TAMS 0x0000000081400000, 0x0000000081300000| Untracked 
|  20|0x0000000081400000, 0x0000000081500000, 0x0000000081500000|100%| O|  |TAMS 0x0000000081500000, 0x0000000081400000| Untracked 
|  21|0x0000000081500000, 0x0000000081600000, 0x0000000081600000|100%| O|  |TAMS 0x0000000081600000, 0x0000000081500000| Untracked 
|  22|0x0000000081600000, 0x0000000081700000, 0x0000000081700000|100%| O|  |TAMS 0x0000000081700000, 0x0000000081600000| Untracked 
|  23|0x0000000081700000, 0x0000000081800000, 0x0000000081800000|100%| O|  |TAMS 0x0000000081800000, 0x0000000081700000| Untracked 
|  24|0x0000000081800000, 0x0000000081900000, 0x0000000081900000|100%| O|  |TAMS 0x0000000081900000, 0x0000000081800000| Untracked 
|  25|0x0000000081900000, 0x0000000081a00000, 0x0000000081a00000|100%| O|  |TAMS 0x0000000081a00000, 0x0000000081900000| Untracked 
|  26|0x0000000081a00000, 0x0000000081b00000, 0x0000000081b00000|100%| O|  |TAMS 0x0000000081b00000, 0x0000000081a00000| Untracked 
|  27|0x0000000081b00000, 0x0000000081c00000, 0x0000000081c00000|100%| O|  |TAMS 0x0000000081c00000, 0x0000000081b00000| Untracked 
|  28|0x0000000081c00000, 0x0000000081d00000, 0x0000000081d00000|100%| O|  |TAMS 0x0000000081d00000, 0x0000000081c00000| Untracked 
|  29|0x0000000081d00000, 0x0000000081e00000, 0x0000000081e00000|100%| O|  |TAMS 0x0000000081e00000, 0x0000000081d00000| Untracked 
|  30|0x0000000081e00000, 0x0000000081f00000, 0x0000000081f00000|100%| O|  |TAMS 0x0000000081f00000, 0x0000000081e00000| Untracked 
|  31|0x0000000081f00000, 0x0000000082000000, 0x0000000082000000|100%| O|  |TAMS 0x0000000082000000, 0x0000000081f00000| Untracked 
|  32|0x0000000082000000, 0x0000000082100000, 0x0000000082100000|100%| O|  |TAMS 0x0000000082100000, 0x0000000082000000| Untracked 
|  33|0x0000000082100000, 0x0000000082200000, 0x0000000082200000|100%| O|  |TAMS 0x0000000082200000, 0x0000000082100000| Untracked 
|  34|0x0000000082200000, 0x0000000082300000, 0x0000000082300000|100%| O|  |TAMS 0x0000000082300000, 0x0000000082200000| Untracked 
|  35|0x0000000082300000, 0x0000000082400000, 0x0000000082400000|100%| O|  |TAMS 0x0000000082400000, 0x0000000082300000| Untracked 
|  36|0x0000000082400000, 0x0000000082500000, 0x0000000082500000|100%| O|  |TAMS 0x0000000082500000, 0x0000000082400000| Untracked 
|  37|0x0000000082500000, 0x0000000082600000, 0x0000000082600000|100%| O|  |TAMS 0x0000000082600000, 0x0000000082500000| Untracked 
|  38|0x0000000082600000, 0x0000000082700000, 0x0000000082700000|100%| O|  |TAMS 0x0000000082700000, 0x0000000082600000| Untracked 
|  39|0x0000000082700000, 0x0000000082800000, 0x0000000082800000|100%| O|  |TAMS 0x0000000082800000, 0x0000000082700000| Untracked 
|  40|0x0000000082800000, 0x0000000082900000, 0x0000000082900000|100%|HS|  |TAMS 0x0000000082900000, 0x0000000082800000| Complete 
|  41|0x0000000082900000, 0x0000000082a00000, 0x0000000082a00000|100%|HC|  |TAMS 0x0000000082a00000, 0x0000000082900000| Complete 
|  42|0x0000000082a00000, 0x0000000082b00000, 0x0000000082b00000|100%|HC|  |TAMS 0x0000000082b00000, 0x0000000082a00000| Complete 
|  43|0x0000000082b00000, 0x0000000082c00000, 0x0000000082c00000|100%|HS|  |TAMS 0x0000000082c00000, 0x0000000082b00000| Complete 
|  44|0x0000000082c00000, 0x0000000082d00000, 0x0000000082d00000|100%|HC|  |TAMS 0x0000000082d00000, 0x0000000082c00000| Complete 
|  45|0x0000000082d00000, 0x0000000082e00000, 0x0000000082e00000|100%|HC|  |TAMS 0x0000000082e00000, 0x0000000082d00000| Complete 
|  46|0x0000000082e00000, 0x0000000082f00000, 0x0000000082f00000|100%| O|  |TAMS 0x0000000082f00000, 0x0000000082e00000| Untracked 
|  47|0x0000000082f00000, 0x0000000083000000, 0x0000000083000000|100%| O|  |TAMS 0x0000000083000000, 0x0000000082f00000| Untracked 
|  48|0x0000000083000000, 0x0000000083100000, 0x0000000083100000|100%| O|  |TAMS 0x0000000083100000, 0x0000000083000000| Untracked 
|  49|0x0000000083100000, 0x0000000083200000, 0x0000000083200000|100%| O|  |TAMS 0x0000000083200000, 0x0000000083100000| Untracked 
|  50|0x0000000083200000, 0x0000000083300000, 0x0000000083300000|100%| O|  |TAMS 0x0000000083300000, 0x0000000083200000| Untracked 
|  51|0x0000000083300000, 0x0000000083400000, 0x0000000083400000|100%| O|  |TAMS 0x0000000083400000, 0x0000000083300000| Untracked 
|  52|0x0000000083400000, 0x0000000083500000, 0x0000000083500000|100%| O|  |TAMS 0x0000000083500000, 0x0000000083400000| Untracked 
|  53|0x0000000083500000, 0x0000000083600000, 0x0000000083600000|100%| O|  |TAMS 0x0000000083600000, 0x0000000083500000| Untracked 
|  54|0x0000000083600000, 0x0000000083700000, 0x0000000083700000|100%| O|  |TAMS 0x0000000083700000, 0x0000000083600000| Untracked 
|  55|0x0000000083700000, 0x0000000083800000, 0x0000000083800000|100%| O|  |TAMS 0x0000000083800000, 0x0000000083700000| Untracked 
|  56|0x0000000083800000, 0x0000000083900000, 0x0000000083900000|100%| O|  |TAMS 0x0000000083900000, 0x0000000083800000| Untracked 
|  57|0x0000000083900000, 0x0000000083a00000, 0x0000000083a00000|100%| O|  |TAMS 0x0000000083a00000, 0x0000000083900000| Untracked 
|  58|0x0000000083a00000, 0x0000000083b00000, 0x0000000083b00000|100%| O|  |TAMS 0x0000000083b00000, 0x0000000083a00000| Untracked 
|  59|0x0000000083b00000, 0x0000000083c00000, 0x0000000083c00000|100%| O|  |TAMS 0x0000000083c00000, 0x0000000083b00000| Untracked 
|  60|0x0000000083c00000, 0x0000000083d00000, 0x0000000083d00000|100%| O|  |TAMS 0x0000000083d00000, 0x0000000083c00000| Untracked 
|  61|0x0000000083d00000, 0x0000000083e00000, 0x0000000083e00000|100%| O|  |TAMS 0x0000000083e00000, 0x0000000083d00000| Untracked 
|  62|0x0000000083e00000, 0x0000000083f00000, 0x0000000083f00000|100%| O|  |TAMS 0x0000000083f00000, 0x0000000083e00000| Untracked 
|  63|0x0000000083f00000, 0x0000000084000000, 0x0000000084000000|100%| O|  |TAMS 0x0000000084000000, 0x0000000083f00000| Untracked 
|  64|0x0000000084000000, 0x0000000084100000, 0x0000000084100000|100%| O|  |TAMS 0x0000000084100000, 0x0000000084000000| Untracked 
|  65|0x0000000084100000, 0x0000000084200000, 0x0000000084200000|100%|HS|  |TAMS 0x0000000084200000, 0x0000000084100000| Complete 
|  66|0x0000000084200000, 0x0000000084300000, 0x0000000084300000|100%|HS|  |TAMS 0x0000000084300000, 0x0000000084200000| Complete 
|  67|0x0000000084300000, 0x0000000084400000, 0x0000000084400000|100%| O|  |TAMS 0x0000000084400000, 0x0000000084300000| Untracked 
|  68|0x0000000084400000, 0x0000000084500000, 0x0000000084500000|100%| O|  |TAMS 0x0000000084500000, 0x0000000084400000| Untracked 
|  69|0x0000000084500000, 0x0000000084600000, 0x0000000084600000|100%| O|  |TAMS 0x0000000084600000, 0x0000000084500000| Untracked 
|  70|0x0000000084600000, 0x0000000084700000, 0x0000000084700000|100%| O|  |TAMS 0x0000000084700000, 0x0000000084600000| Untracked 
|  71|0x0000000084700000, 0x0000000084800000, 0x0000000084800000|100%|HS|  |TAMS 0x0000000084800000, 0x0000000084700000| Complete 
|  72|0x0000000084800000, 0x0000000084900000, 0x0000000084900000|100%| O|  |TAMS 0x0000000084900000, 0x0000000084800000| Untracked 
|  73|0x0000000084900000, 0x0000000084a00000, 0x0000000084a00000|100%| O|  |TAMS 0x0000000084a00000, 0x0000000084900000| Untracked 
|  74|0x0000000084a00000, 0x0000000084b00000, 0x0000000084b00000|100%| O|  |TAMS 0x0000000084b00000, 0x0000000084a00000| Untracked 
|  75|0x0000000084b00000, 0x0000000084c00000, 0x0000000084c00000|100%| O|  |TAMS 0x0000000084c00000, 0x0000000084b00000| Untracked 
|  76|0x0000000084c00000, 0x0000000084d00000, 0x0000000084d00000|100%| O|  |TAMS 0x0000000084d00000, 0x0000000084c00000| Untracked 
|  77|0x0000000084d00000, 0x0000000084e00000, 0x0000000084e00000|100%| O|  |TAMS 0x0000000084e00000, 0x0000000084d00000| Untracked 
|  78|0x0000000084e00000, 0x0000000084f00000, 0x0000000084f00000|100%|HS|  |TAMS 0x0000000084f00000, 0x0000000084e00000| Complete 
|  79|0x0000000084f00000, 0x0000000085000000, 0x0000000085000000|100%|HS|  |TAMS 0x0000000085000000, 0x0000000084f00000| Complete 
|  80|0x0000000085000000, 0x0000000085100000, 0x0000000085100000|100%|HC|  |TAMS 0x0000000085100000, 0x0000000085000000| Complete 
|  81|0x0000000085100000, 0x0000000085200000, 0x0000000085200000|100%| O|  |TAMS 0x0000000085200000, 0x0000000085100000| Untracked 
|  82|0x0000000085200000, 0x0000000085300000, 0x0000000085300000|100%| O|  |TAMS 0x0000000085300000, 0x0000000085200000| Untracked 
|  83|0x0000000085300000, 0x0000000085400000, 0x0000000085400000|100%| O|  |TAMS 0x0000000085400000, 0x0000000085300000| Untracked 
|  84|0x0000000085400000, 0x0000000085500000, 0x0000000085500000|100%| O|  |TAMS 0x0000000085500000, 0x0000000085400000| Untracked 
|  85|0x0000000085500000, 0x0000000085600000, 0x0000000085600000|100%| O|  |TAMS 0x0000000085600000, 0x0000000085500000| Untracked 
|  86|0x0000000085600000, 0x0000000085700000, 0x0000000085700000|100%| O|  |TAMS 0x0000000085700000, 0x0000000085600000| Untracked 
|  87|0x0000000085700000, 0x0000000085800000, 0x0000000085800000|100%| O|  |TAMS 0x0000000085800000, 0x0000000085700000| Untracked 
|  88|0x0000000085800000, 0x0000000085900000, 0x0000000085900000|100%|HS|  |TAMS 0x0000000085900000, 0x0000000085800000| Complete 
|  89|0x0000000085900000, 0x0000000085a00000, 0x0000000085a00000|100%| O|  |TAMS 0x0000000085a00000, 0x0000000085900000| Untracked 
|  90|0x0000000085a00000, 0x0000000085b00000, 0x0000000085b00000|100%|HS|  |TAMS 0x0000000085b00000, 0x0000000085a00000| Complete 
|  91|0x0000000085b00000, 0x0000000085c00000, 0x0000000085c00000|100%|HS|  |TAMS 0x0000000085c00000, 0x0000000085b00000| Complete 
|  92|0x0000000085c00000, 0x0000000085d00000, 0x0000000085d00000|100%| O|  |TAMS 0x0000000085d00000, 0x0000000085c00000| Untracked 
|  93|0x0000000085d00000, 0x0000000085e00000, 0x0000000085e00000|100%|HS|  |TAMS 0x0000000085e00000, 0x0000000085d00000| Complete 
|  94|0x0000000085e00000, 0x0000000085f00000, 0x0000000085f00000|100%|HC|  |TAMS 0x0000000085f00000, 0x0000000085e00000| Complete 
|  95|0x0000000085f00000, 0x0000000086000000, 0x0000000086000000|100%|HS|  |TAMS 0x0000000086000000, 0x0000000085f00000| Complete 
|  96|0x0000000086000000, 0x0000000086100000, 0x0000000086100000|100%|HC|  |TAMS 0x0000000086100000, 0x0000000086000000| Complete 
|  97|0x0000000086100000, 0x0000000086200000, 0x0000000086200000|100%|HC|  |TAMS 0x0000000086200000, 0x0000000086100000| Complete 
|  98|0x0000000086200000, 0x0000000086300000, 0x0000000086300000|100%|HS|  |TAMS 0x0000000086300000, 0x0000000086200000| Complete 
|  99|0x0000000086300000, 0x0000000086400000, 0x0000000086400000|100%|HC|  |TAMS 0x0000000086400000, 0x0000000086300000| Complete 
| 100|0x0000000086400000, 0x0000000086500000, 0x0000000086500000|100%|HC|  |TAMS 0x0000000086500000, 0x0000000086400000| Complete 
| 101|0x0000000086500000, 0x0000000086600000, 0x0000000086600000|100%| O|  |TAMS 0x0000000086600000, 0x0000000086500000| Untracked 
| 102|0x0000000086600000, 0x0000000086700000, 0x0000000086700000|100%| O|  |TAMS 0x0000000086700000, 0x0000000086600000| Untracked 
| 103|0x0000000086700000, 0x0000000086800000, 0x0000000086800000|100%| O|  |TAMS 0x0000000086800000, 0x0000000086700000| Untracked 
| 104|0x0000000086800000, 0x0000000086900000, 0x0000000086900000|100%| O|  |TAMS 0x0000000086900000, 0x0000000086800000| Untracked 
| 105|0x0000000086900000, 0x0000000086a00000, 0x0000000086a00000|100%| O|  |TAMS 0x0000000086a00000, 0x0000000086900000| Untracked 
| 106|0x0000000086a00000, 0x0000000086b00000, 0x0000000086b00000|100%| O|  |TAMS 0x0000000086b00000, 0x0000000086a00000| Untracked 
| 107|0x0000000086b00000, 0x0000000086c00000, 0x0000000086c00000|100%| O|  |TAMS 0x0000000086c00000, 0x0000000086b00000| Untracked 
| 108|0x0000000086c00000, 0x0000000086d00000, 0x0000000086d00000|100%| O|  |TAMS 0x0000000086d00000, 0x0000000086c00000| Untracked 
| 109|0x0000000086d00000, 0x0000000086e00000, 0x0000000086e00000|100%| O|  |TAMS 0x0000000086e00000, 0x0000000086d00000| Untracked 
| 110|0x0000000086e00000, 0x0000000086f00000, 0x0000000086f00000|100%| O|  |TAMS 0x0000000086f00000, 0x0000000086e00000| Untracked 
| 111|0x0000000086f00000, 0x0000000087000000, 0x0000000087000000|100%| O|  |TAMS 0x0000000087000000, 0x0000000086f00000| Untracked 
| 112|0x0000000087000000, 0x0000000087100000, 0x0000000087100000|100%|HS|  |TAMS 0x0000000087100000, 0x0000000087000000| Complete 
| 113|0x0000000087100000, 0x0000000087200000, 0x0000000087200000|100%| O|  |TAMS 0x0000000087200000, 0x0000000087100000| Untracked 
| 114|0x0000000087200000, 0x0000000087300000, 0x0000000087300000|100%|HS|  |TAMS 0x0000000087300000, 0x0000000087200000| Complete 
| 115|0x0000000087300000, 0x0000000087400000, 0x0000000087400000|100%|HS|  |TAMS 0x0000000087400000, 0x0000000087300000| Complete 
| 116|0x0000000087400000, 0x0000000087500000, 0x0000000087500000|100%| O|  |TAMS 0x0000000087500000, 0x0000000087400000| Untracked 
| 117|0x0000000087500000, 0x0000000087600000, 0x0000000087600000|100%| O|  |TAMS 0x0000000087600000, 0x0000000087500000| Untracked 
| 118|0x0000000087600000, 0x0000000087700000, 0x0000000087700000|100%| O|  |TAMS 0x0000000087700000, 0x0000000087600000| Untracked 
| 119|0x0000000087700000, 0x0000000087800000, 0x0000000087800000|100%| O|  |TAMS 0x0000000087800000, 0x0000000087700000| Untracked 
| 120|0x0000000087800000, 0x0000000087900000, 0x0000000087900000|100%| O|  |TAMS 0x0000000087900000, 0x0000000087800000| Untracked 
| 121|0x0000000087900000, 0x0000000087a00000, 0x0000000087a00000|100%| O|  |TAMS 0x0000000087a00000, 0x0000000087900000| Untracked 
| 122|0x0000000087a00000, 0x0000000087b00000, 0x0000000087b00000|100%| O|  |TAMS 0x0000000087b00000, 0x0000000087a00000| Untracked 
| 123|0x0000000087b00000, 0x0000000087c00000, 0x0000000087c00000|100%| O|  |TAMS 0x0000000087c00000, 0x0000000087b00000| Untracked 
| 124|0x0000000087c00000, 0x0000000087d00000, 0x0000000087d00000|100%| O|  |TAMS 0x0000000087d00000, 0x0000000087c00000| Untracked 
| 125|0x0000000087d00000, 0x0000000087e00000, 0x0000000087e00000|100%| O|  |TAMS 0x0000000087e00000, 0x0000000087d00000| Complete 
| 126|0x0000000087e00000, 0x0000000087f00000, 0x0000000087f00000|100%| O|  |TAMS 0x0000000087f00000, 0x0000000087e00000| Untracked 
| 127|0x0000000087f00000, 0x0000000088000000, 0x0000000088000000|100%| O|  |TAMS 0x0000000088000000, 0x0000000087f00000| Untracked 
| 128|0x0000000088000000, 0x0000000088100000, 0x0000000088100000|100%| O|  |TAMS 0x0000000088100000, 0x0000000088000000| Complete 
| 129|0x0000000088100000, 0x0000000088200000, 0x0000000088200000|100%| O|  |TAMS 0x0000000088200000, 0x0000000088100000| Untracked 
| 130|0x0000000088200000, 0x0000000088300000, 0x0000000088300000|100%| O|  |TAMS 0x0000000088300000, 0x0000000088200000| Untracked 
| 131|0x0000000088300000, 0x0000000088400000, 0x0000000088400000|100%| O|  |TAMS 0x0000000088400000, 0x0000000088300000| Untracked 
| 132|0x0000000088400000, 0x0000000088500000, 0x0000000088500000|100%| O|  |TAMS 0x0000000088500000, 0x0000000088400000| Untracked 
| 133|0x0000000088500000, 0x0000000088600000, 0x0000000088600000|100%|HS|  |TAMS 0x0000000088600000, 0x0000000088500000| Complete 
| 134|0x0000000088600000, 0x0000000088700000, 0x0000000088700000|100%|HS|  |TAMS 0x0000000088700000, 0x0000000088600000| Complete 
| 135|0x0000000088700000, 0x0000000088800000, 0x0000000088800000|100%|HC|  |TAMS 0x0000000088800000, 0x0000000088700000| Complete 
| 136|0x0000000088800000, 0x0000000088900000, 0x0000000088900000|100%|HC|  |TAMS 0x0000000088900000, 0x0000000088800000| Complete 
| 137|0x0000000088900000, 0x0000000088a00000, 0x0000000088a00000|100%| O|  |TAMS 0x0000000088a00000, 0x0000000088900000| Untracked 
| 138|0x0000000088a00000, 0x0000000088b00000, 0x0000000088b00000|100%| O|  |TAMS 0x0000000088b00000, 0x0000000088a00000| Untracked 
| 139|0x0000000088b00000, 0x0000000088c00000, 0x0000000088c00000|100%| O|  |TAMS 0x0000000088c00000, 0x0000000088b00000| Untracked 
| 140|0x0000000088c00000, 0x0000000088d00000, 0x0000000088d00000|100%| O|  |TAMS 0x0000000088d00000, 0x0000000088c00000| Untracked 
| 141|0x0000000088d00000, 0x0000000088e00000, 0x0000000088e00000|100%| O|  |TAMS 0x0000000088e00000, 0x0000000088d00000| Untracked 
| 142|0x0000000088e00000, 0x0000000088f00000, 0x0000000088f00000|100%| O|  |TAMS 0x0000000088f00000, 0x0000000088e00000| Untracked 
| 143|0x0000000088f00000, 0x0000000089000000, 0x0000000089000000|100%|HS|  |TAMS 0x0000000089000000, 0x0000000088f00000| Complete 
| 144|0x0000000089000000, 0x0000000089100000, 0x0000000089100000|100%| O|  |TAMS 0x0000000089100000, 0x0000000089000000| Untracked 
| 145|0x0000000089100000, 0x0000000089200000, 0x0000000089200000|100%| O|  |TAMS 0x0000000089200000, 0x0000000089100000| Untracked 
| 146|0x0000000089200000, 0x0000000089300000, 0x0000000089300000|100%| O|  |TAMS 0x0000000089300000, 0x0000000089200000| Untracked 
| 147|0x0000000089300000, 0x0000000089400000, 0x0000000089400000|100%| O|  |TAMS 0x0000000089400000, 0x0000000089300000| Untracked 
| 148|0x0000000089400000, 0x0000000089500000, 0x0000000089500000|100%| O|  |TAMS 0x0000000089500000, 0x0000000089400000| Untracked 
| 149|0x0000000089500000, 0x0000000089600000, 0x0000000089600000|100%| O|  |TAMS 0x0000000089600000, 0x0000000089500000| Untracked 
| 150|0x0000000089600000, 0x0000000089700000, 0x0000000089700000|100%| O|  |TAMS 0x0000000089700000, 0x0000000089600000| Untracked 
| 151|0x0000000089700000, 0x0000000089800000, 0x0000000089800000|100%| O|  |TAMS 0x0000000089800000, 0x0000000089700000| Untracked 
| 152|0x0000000089800000, 0x0000000089900000, 0x0000000089900000|100%| O|  |TAMS 0x0000000089900000, 0x0000000089800000| Untracked 
| 153|0x0000000089900000, 0x0000000089a00000, 0x0000000089a00000|100%| O|  |TAMS 0x0000000089a00000, 0x0000000089900000| Untracked 
| 154|0x0000000089a00000, 0x0000000089b00000, 0x0000000089b00000|100%| O|  |TAMS 0x0000000089b00000, 0x0000000089a00000| Untracked 
| 155|0x0000000089b00000, 0x0000000089c00000, 0x0000000089c00000|100%| O|  |TAMS 0x0000000089c00000, 0x0000000089b00000| Untracked 
| 156|0x0000000089c00000, 0x0000000089d00000, 0x0000000089d00000|100%| O|  |TAMS 0x0000000089d00000, 0x0000000089c00000| Untracked 
| 157|0x0000000089d00000, 0x0000000089e00000, 0x0000000089e00000|100%| O|  |TAMS 0x0000000089e00000, 0x0000000089d00000| Untracked 
| 158|0x0000000089e00000, 0x0000000089f00000, 0x0000000089f00000|100%| O|  |TAMS 0x0000000089f00000, 0x0000000089e00000| Untracked 
| 159|0x0000000089f00000, 0x000000008a000000, 0x000000008a000000|100%| O|  |TAMS 0x000000008a000000, 0x0000000089f00000| Untracked 
| 160|0x000000008a000000, 0x000000008a100000, 0x000000008a100000|100%| O|  |TAMS 0x000000008a100000, 0x000000008a000000| Untracked 
| 161|0x000000008a100000, 0x000000008a200000, 0x000000008a200000|100%| O|  |TAMS 0x000000008a200000, 0x000000008a100000| Untracked 
| 162|0x000000008a200000, 0x000000008a300000, 0x000000008a300000|100%| O|  |TAMS 0x000000008a300000, 0x000000008a200000| Untracked 
| 163|0x000000008a300000, 0x000000008a400000, 0x000000008a400000|100%| O|  |TAMS 0x000000008a400000, 0x000000008a300000| Untracked 
| 164|0x000000008a400000, 0x000000008a500000, 0x000000008a500000|100%|HS|  |TAMS 0x000000008a500000, 0x000000008a400000| Complete 
| 165|0x000000008a500000, 0x000000008a600000, 0x000000008a600000|100%|HS|  |TAMS 0x000000008a600000, 0x000000008a500000| Complete 
| 166|0x000000008a600000, 0x000000008a700000, 0x000000008a700000|100%|HS|  |TAMS 0x000000008a700000, 0x000000008a600000| Complete 
| 167|0x000000008a700000, 0x000000008a800000, 0x000000008a800000|100%| O|  |TAMS 0x000000008a800000, 0x000000008a700000| Untracked 
| 168|0x000000008a800000, 0x000000008a900000, 0x000000008a900000|100%| O|  |TAMS 0x000000008a900000, 0x000000008a800000| Untracked 
| 169|0x000000008a900000, 0x000000008aa00000, 0x000000008aa00000|100%| O|  |TAMS 0x000000008aa00000, 0x000000008a900000| Untracked 
| 170|0x000000008aa00000, 0x000000008ab00000, 0x000000008ab00000|100%| O|  |TAMS 0x000000008ab00000, 0x000000008aa00000| Untracked 
| 171|0x000000008ab00000, 0x000000008ac00000, 0x000000008ac00000|100%| O|  |TAMS 0x000000008ac00000, 0x000000008ab00000| Untracked 
| 172|0x000000008ac00000, 0x000000008ad00000, 0x000000008ad00000|100%| O|  |TAMS 0x000000008ad00000, 0x000000008ac00000| Untracked 
| 173|0x000000008ad00000, 0x000000008ae00000, 0x000000008ae00000|100%| O|  |TAMS 0x000000008ae00000, 0x000000008ad00000| Untracked 
| 174|0x000000008ae00000, 0x000000008af00000, 0x000000008af00000|100%| O|  |TAMS 0x000000008af00000, 0x000000008ae00000| Untracked 
| 175|0x000000008af00000, 0x000000008b000000, 0x000000008b000000|100%| O|  |TAMS 0x000000008b000000, 0x000000008af00000| Untracked 
| 176|0x000000008b000000, 0x000000008b100000, 0x000000008b100000|100%| O|  |TAMS 0x000000008b100000, 0x000000008b000000| Untracked 
| 177|0x000000008b100000, 0x000000008b200000, 0x000000008b200000|100%| O|  |TAMS 0x000000008b200000, 0x000000008b100000| Untracked 
| 178|0x000000008b200000, 0x000000008b300000, 0x000000008b300000|100%| O|  |TAMS 0x000000008b300000, 0x000000008b200000| Untracked 
| 179|0x000000008b300000, 0x000000008b400000, 0x000000008b400000|100%| O|  |TAMS 0x000000008b400000, 0x000000008b300000| Untracked 
| 180|0x000000008b400000, 0x000000008b500000, 0x000000008b500000|100%| O|  |TAMS 0x000000008b500000, 0x000000008b400000| Untracked 
| 181|0x000000008b500000, 0x000000008b600000, 0x000000008b600000|100%| O|  |TAMS 0x000000008b600000, 0x000000008b500000| Untracked 
| 182|0x000000008b600000, 0x000000008b700000, 0x000000008b700000|100%| O|  |TAMS 0x000000008b700000, 0x000000008b600000| Untracked 
| 183|0x000000008b700000, 0x000000008b800000, 0x000000008b800000|100%| O|  |TAMS 0x000000008b800000, 0x000000008b700000| Untracked 
| 184|0x000000008b800000, 0x000000008b900000, 0x000000008b900000|100%| O|  |TAMS 0x000000008b900000, 0x000000008b800000| Untracked 
| 185|0x000000008b900000, 0x000000008ba00000, 0x000000008ba00000|100%| O|  |TAMS 0x000000008ba00000, 0x000000008b900000| Untracked 
| 186|0x000000008ba00000, 0x000000008bb00000, 0x000000008bb00000|100%| O|  |TAMS 0x000000008bb00000, 0x000000008ba00000| Untracked 
| 187|0x000000008bb00000, 0x000000008bc00000, 0x000000008bc00000|100%| O|  |TAMS 0x000000008bc00000, 0x000000008bb00000| Untracked 
| 188|0x000000008bc00000, 0x000000008bd00000, 0x000000008bd00000|100%| O|  |TAMS 0x000000008bd00000, 0x000000008bc00000| Untracked 
| 189|0x000000008bd00000, 0x000000008be00000, 0x000000008be00000|100%| O|  |TAMS 0x000000008be00000, 0x000000008bd00000| Untracked 
| 190|0x000000008be00000, 0x000000008bf00000, 0x000000008bf00000|100%| O|  |TAMS 0x000000008bf00000, 0x000000008be00000| Untracked 
| 191|0x000000008bf00000, 0x000000008c000000, 0x000000008c000000|100%| O|  |TAMS 0x000000008c000000, 0x000000008bf00000| Untracked 
| 192|0x000000008c000000, 0x000000008c100000, 0x000000008c100000|100%| O|  |TAMS 0x000000008c100000, 0x000000008c000000| Untracked 
| 193|0x000000008c100000, 0x000000008c200000, 0x000000008c200000|100%| O|  |TAMS 0x000000008c200000, 0x000000008c100000| Untracked 
| 194|0x000000008c200000, 0x000000008c300000, 0x000000008c300000|100%| O|  |TAMS 0x000000008c300000, 0x000000008c200000| Untracked 
| 195|0x000000008c300000, 0x000000008c400000, 0x000000008c400000|100%| O|  |TAMS 0x000000008c400000, 0x000000008c300000| Untracked 
| 196|0x000000008c400000, 0x000000008c500000, 0x000000008c500000|100%| O|  |TAMS 0x000000008c500000, 0x000000008c400000| Untracked 
| 197|0x000000008c500000, 0x000000008c600000, 0x000000008c600000|100%| O|  |TAMS 0x000000008c600000, 0x000000008c500000| Untracked 
| 198|0x000000008c600000, 0x000000008c700000, 0x000000008c700000|100%| O|  |TAMS 0x000000008c700000, 0x000000008c600000| Untracked 
| 199|0x000000008c700000, 0x000000008c800000, 0x000000008c800000|100%| O|  |TAMS 0x000000008c800000, 0x000000008c700000| Untracked 
| 200|0x000000008c800000, 0x000000008c900000, 0x000000008c900000|100%| O|  |TAMS 0x000000008c900000, 0x000000008c800000| Untracked 
| 201|0x000000008c900000, 0x000000008ca00000, 0x000000008ca00000|100%| O|  |TAMS 0x000000008ca00000, 0x000000008c900000| Untracked 
| 202|0x000000008ca00000, 0x000000008cb00000, 0x000000008cb00000|100%| O|  |TAMS 0x000000008cb00000, 0x000000008ca00000| Untracked 
| 203|0x000000008cb00000, 0x000000008cc00000, 0x000000008cc00000|100%| O|  |TAMS 0x000000008cc00000, 0x000000008cb00000| Untracked 
| 204|0x000000008cc00000, 0x000000008cd00000, 0x000000008cd00000|100%| O|  |TAMS 0x000000008cd00000, 0x000000008cc00000| Untracked 
| 205|0x000000008cd00000, 0x000000008ce00000, 0x000000008ce00000|100%| O|  |TAMS 0x000000008ce00000, 0x000000008cd00000| Untracked 
| 206|0x000000008ce00000, 0x000000008cf00000, 0x000000008cf00000|100%| O|  |TAMS 0x000000008cf00000, 0x000000008ce00000| Untracked 
| 207|0x000000008cf00000, 0x000000008d000000, 0x000000008d000000|100%| O|  |TAMS 0x000000008d000000, 0x000000008cf00000| Untracked 
| 208|0x000000008d000000, 0x000000008d100000, 0x000000008d100000|100%| O|  |TAMS 0x000000008d100000, 0x000000008d000000| Untracked 
| 209|0x000000008d100000, 0x000000008d200000, 0x000000008d200000|100%| O|  |TAMS 0x000000008d200000, 0x000000008d100000| Untracked 
| 210|0x000000008d200000, 0x000000008d300000, 0x000000008d300000|100%| O|  |TAMS 0x000000008d300000, 0x000000008d200000| Untracked 
| 211|0x000000008d300000, 0x000000008d400000, 0x000000008d400000|100%| O|  |TAMS 0x000000008d400000, 0x000000008d300000| Untracked 
| 212|0x000000008d400000, 0x000000008d500000, 0x000000008d500000|100%| O|  |TAMS 0x000000008d500000, 0x000000008d400000| Untracked 
| 213|0x000000008d500000, 0x000000008d600000, 0x000000008d600000|100%| O|  |TAMS 0x000000008d600000, 0x000000008d500000| Untracked 
| 214|0x000000008d600000, 0x000000008d700000, 0x000000008d700000|100%| O|  |TAMS 0x000000008d700000, 0x000000008d600000| Untracked 
| 215|0x000000008d700000, 0x000000008d800000, 0x000000008d800000|100%| O|  |TAMS 0x000000008d800000, 0x000000008d700000| Untracked 
| 216|0x000000008d800000, 0x000000008d900000, 0x000000008d900000|100%| O|  |TAMS 0x000000008d900000, 0x000000008d800000| Untracked 
| 217|0x000000008d900000, 0x000000008da00000, 0x000000008da00000|100%| O|  |TAMS 0x000000008da00000, 0x000000008d900000| Untracked 
| 218|0x000000008da00000, 0x000000008db00000, 0x000000008db00000|100%| O|  |TAMS 0x000000008db00000, 0x000000008da00000| Untracked 
| 219|0x000000008db00000, 0x000000008dc00000, 0x000000008dc00000|100%| O|  |TAMS 0x000000008dc00000, 0x000000008db00000| Untracked 
| 220|0x000000008dc00000, 0x000000008dd00000, 0x000000008dd00000|100%| O|  |TAMS 0x000000008dd00000, 0x000000008dc00000| Untracked 
| 221|0x000000008dd00000, 0x000000008de00000, 0x000000008de00000|100%| O|  |TAMS 0x000000008de00000, 0x000000008dd00000| Untracked 
| 222|0x000000008de00000, 0x000000008df00000, 0x000000008df00000|100%| O|  |TAMS 0x000000008df00000, 0x000000008de00000| Untracked 
| 223|0x000000008df00000, 0x000000008e000000, 0x000000008e000000|100%| O|  |TAMS 0x000000008e000000, 0x000000008df00000| Untracked 
| 224|0x000000008e000000, 0x000000008e100000, 0x000000008e100000|100%| O|  |TAMS 0x000000008e100000, 0x000000008e000000| Untracked 
| 225|0x000000008e100000, 0x000000008e200000, 0x000000008e200000|100%| O|  |TAMS 0x000000008e200000, 0x000000008e100000| Untracked 
| 226|0x000000008e200000, 0x000000008e300000, 0x000000008e300000|100%| O|  |TAMS 0x000000008e300000, 0x000000008e200000| Untracked 
| 227|0x000000008e300000, 0x000000008e400000, 0x000000008e400000|100%|HS|  |TAMS 0x000000008e400000, 0x000000008e300000| Complete 
| 228|0x000000008e400000, 0x000000008e500000, 0x000000008e500000|100%|HS|  |TAMS 0x000000008e500000, 0x000000008e400000| Complete 
| 229|0x000000008e500000, 0x000000008e600000, 0x000000008e600000|100%|HC|  |TAMS 0x000000008e600000, 0x000000008e500000| Complete 
| 230|0x000000008e600000, 0x000000008e700000, 0x000000008e700000|100%|HS|  |TAMS 0x000000008e700000, 0x000000008e600000| Complete 
| 231|0x000000008e700000, 0x000000008e800000, 0x000000008e800000|100%| O|  |TAMS 0x000000008e800000, 0x000000008e700000| Untracked 
| 232|0x000000008e800000, 0x000000008e900000, 0x000000008e900000|100%| O|  |TAMS 0x000000008e900000, 0x000000008e800000| Untracked 
| 233|0x000000008e900000, 0x000000008ea00000, 0x000000008ea00000|100%| O|  |TAMS 0x000000008ea00000, 0x000000008e900000| Untracked 
| 234|0x000000008ea00000, 0x000000008eb00000, 0x000000008eb00000|100%| O|  |TAMS 0x000000008eb00000, 0x000000008ea00000| Untracked 
| 235|0x000000008eb00000, 0x000000008ec00000, 0x000000008ec00000|100%| O|  |TAMS 0x000000008ec00000, 0x000000008eb00000| Untracked 
| 236|0x000000008ec00000, 0x000000008ed00000, 0x000000008ed00000|100%| O|  |TAMS 0x000000008ed00000, 0x000000008ec00000| Untracked 
| 237|0x000000008ed00000, 0x000000008ee00000, 0x000000008ee00000|100%| O|  |TAMS 0x000000008ee00000, 0x000000008ed00000| Untracked 
| 238|0x000000008ee00000, 0x000000008ef00000, 0x000000008ef00000|100%| O|  |TAMS 0x000000008ef00000, 0x000000008ee00000| Untracked 
| 239|0x000000008ef00000, 0x000000008f000000, 0x000000008f000000|100%| O|  |TAMS 0x000000008f000000, 0x000000008ef00000| Untracked 
| 240|0x000000008f000000, 0x000000008f100000, 0x000000008f100000|100%| O|  |TAMS 0x000000008f100000, 0x000000008f000000| Untracked 
| 241|0x000000008f100000, 0x000000008f200000, 0x000000008f200000|100%| O|  |TAMS 0x000000008f200000, 0x000000008f100000| Untracked 
| 242|0x000000008f200000, 0x000000008f300000, 0x000000008f300000|100%| O|  |TAMS 0x000000008f300000, 0x000000008f200000| Untracked 
| 243|0x000000008f300000, 0x000000008f400000, 0x000000008f400000|100%| O|  |TAMS 0x000000008f400000, 0x000000008f300000| Untracked 
| 244|0x000000008f400000, 0x000000008f500000, 0x000000008f500000|100%| O|  |TAMS 0x000000008f500000, 0x000000008f400000| Untracked 
| 245|0x000000008f500000, 0x000000008f600000, 0x000000008f600000|100%| O|  |TAMS 0x000000008f600000, 0x000000008f500000| Untracked 
| 246|0x000000008f600000, 0x000000008f700000, 0x000000008f700000|100%| O|  |TAMS 0x000000008f700000, 0x000000008f600000| Untracked 
| 247|0x000000008f700000, 0x000000008f800000, 0x000000008f800000|100%| O|  |TAMS 0x000000008f800000, 0x000000008f700000| Untracked 
| 248|0x000000008f800000, 0x000000008f900000, 0x000000008f900000|100%| O|  |TAMS 0x000000008f900000, 0x000000008f800000| Untracked 
| 249|0x000000008f900000, 0x000000008fa00000, 0x000000008fa00000|100%| O|  |TAMS 0x000000008fa00000, 0x000000008f900000| Untracked 
| 250|0x000000008fa00000, 0x000000008fb00000, 0x000000008fb00000|100%| O|  |TAMS 0x000000008fb00000, 0x000000008fa00000| Untracked 
| 251|0x000000008fb00000, 0x000000008fc00000, 0x000000008fc00000|100%| O|  |TAMS 0x000000008fc00000, 0x000000008fb00000| Untracked 
| 252|0x000000008fc00000, 0x000000008fd00000, 0x000000008fd00000|100%| O|  |TAMS 0x000000008fd00000, 0x000000008fc00000| Untracked 
| 253|0x000000008fd00000, 0x000000008fe00000, 0x000000008fe00000|100%| O|  |TAMS 0x000000008fe00000, 0x000000008fd00000| Untracked 
| 254|0x000000008fe00000, 0x000000008ff00000, 0x000000008ff00000|100%| O|  |TAMS 0x000000008ff00000, 0x000000008fe00000| Untracked 
| 255|0x000000008ff00000, 0x0000000090000000, 0x0000000090000000|100%| O|  |TAMS 0x0000000090000000, 0x000000008ff00000| Untracked 
| 256|0x0000000090000000, 0x0000000090100000, 0x0000000090100000|100%| O|  |TAMS 0x0000000090100000, 0x0000000090000000| Untracked 
| 257|0x0000000090100000, 0x0000000090200000, 0x0000000090200000|100%| O|  |TAMS 0x0000000090200000, 0x0000000090100000| Untracked 
| 258|0x0000000090200000, 0x0000000090300000, 0x0000000090300000|100%| O|  |TAMS 0x0000000090300000, 0x0000000090200000| Untracked 
| 259|0x0000000090300000, 0x0000000090400000, 0x0000000090400000|100%| O|  |TAMS 0x0000000090400000, 0x0000000090300000| Untracked 
| 260|0x0000000090400000, 0x0000000090500000, 0x0000000090500000|100%|HS|  |TAMS 0x0000000090500000, 0x0000000090400000| Complete 
| 261|0x0000000090500000, 0x0000000090600000, 0x0000000090600000|100%|HC|  |TAMS 0x0000000090600000, 0x0000000090500000| Complete 
| 262|0x0000000090600000, 0x0000000090700000, 0x0000000090700000|100%| O|  |TAMS 0x0000000090700000, 0x0000000090600000| Untracked 
| 263|0x0000000090700000, 0x0000000090800000, 0x0000000090800000|100%| O|  |TAMS 0x0000000090800000, 0x0000000090700000| Untracked 
| 264|0x0000000090800000, 0x0000000090900000, 0x0000000090900000|100%| O|  |TAMS 0x0000000090900000, 0x0000000090800000| Untracked 
| 265|0x0000000090900000, 0x0000000090a00000, 0x0000000090a00000|100%| O|  |TAMS 0x0000000090a00000, 0x0000000090900000| Untracked 
| 266|0x0000000090a00000, 0x0000000090b00000, 0x0000000090b00000|100%| O|  |TAMS 0x0000000090b00000, 0x0000000090a00000| Untracked 
| 267|0x0000000090b00000, 0x0000000090c00000, 0x0000000090c00000|100%| O|  |TAMS 0x0000000090c00000, 0x0000000090b00000| Untracked 
| 268|0x0000000090c00000, 0x0000000090d00000, 0x0000000090d00000|100%| O|  |TAMS 0x0000000090d00000, 0x0000000090c00000| Untracked 
| 269|0x0000000090d00000, 0x0000000090e00000, 0x0000000090e00000|100%| O|  |TAMS 0x0000000090e00000, 0x0000000090d00000| Untracked 
| 270|0x0000000090e00000, 0x0000000090f00000, 0x0000000090f00000|100%| O|  |TAMS 0x0000000090f00000, 0x0000000090e00000| Untracked 
| 271|0x0000000090f00000, 0x0000000091000000, 0x0000000091000000|100%| O|  |TAMS 0x0000000091000000, 0x0000000090f00000| Untracked 
| 272|0x0000000091000000, 0x0000000091100000, 0x0000000091100000|100%| O|  |TAMS 0x0000000091100000, 0x0000000091000000| Untracked 
| 273|0x0000000091100000, 0x0000000091200000, 0x0000000091200000|100%| O|  |TAMS 0x0000000091200000, 0x0000000091100000| Untracked 
| 274|0x0000000091200000, 0x0000000091300000, 0x0000000091300000|100%| O|  |TAMS 0x0000000091300000, 0x0000000091200000| Untracked 
| 275|0x0000000091300000, 0x0000000091400000, 0x0000000091400000|100%| O|  |TAMS 0x0000000091400000, 0x0000000091300000| Untracked 
| 276|0x0000000091400000, 0x0000000091500000, 0x0000000091500000|100%| O|  |TAMS 0x0000000091500000, 0x0000000091400000| Untracked 
| 277|0x0000000091500000, 0x0000000091600000, 0x0000000091600000|100%| O|  |TAMS 0x0000000091600000, 0x0000000091500000| Untracked 
| 278|0x0000000091600000, 0x0000000091700000, 0x0000000091700000|100%| O|  |TAMS 0x0000000091700000, 0x0000000091600000| Untracked 
| 279|0x0000000091700000, 0x0000000091800000, 0x0000000091800000|100%| O|  |TAMS 0x0000000091800000, 0x0000000091700000| Untracked 
| 280|0x0000000091800000, 0x0000000091900000, 0x0000000091900000|100%| O|  |TAMS 0x0000000091900000, 0x0000000091800000| Untracked 
| 281|0x0000000091900000, 0x0000000091a00000, 0x0000000091a00000|100%| O|  |TAMS 0x0000000091a00000, 0x0000000091900000| Untracked 
| 282|0x0000000091a00000, 0x0000000091b00000, 0x0000000091b00000|100%| O|  |TAMS 0x0000000091b00000, 0x0000000091a00000| Untracked 
| 283|0x0000000091b00000, 0x0000000091c00000, 0x0000000091c00000|100%| O|  |TAMS 0x0000000091c00000, 0x0000000091b00000| Untracked 
| 284|0x0000000091c00000, 0x0000000091d00000, 0x0000000091d00000|100%| O|  |TAMS 0x0000000091d00000, 0x0000000091c00000| Untracked 
| 285|0x0000000091d00000, 0x0000000091e00000, 0x0000000091e00000|100%| O|  |TAMS 0x0000000091e00000, 0x0000000091d00000| Untracked 
| 286|0x0000000091e00000, 0x0000000091f00000, 0x0000000091f00000|100%| O|  |TAMS 0x0000000091f00000, 0x0000000091e00000| Untracked 
| 287|0x0000000091f00000, 0x0000000092000000, 0x0000000092000000|100%| O|  |TAMS 0x0000000092000000, 0x0000000091f00000| Untracked 
| 288|0x0000000092000000, 0x0000000092100000, 0x0000000092100000|100%| O|  |TAMS 0x0000000092100000, 0x0000000092000000| Untracked 
| 289|0x0000000092100000, 0x0000000092200000, 0x0000000092200000|100%| O|  |TAMS 0x0000000092200000, 0x0000000092100000| Untracked 
| 290|0x0000000092200000, 0x0000000092300000, 0x0000000092300000|100%| O|  |TAMS 0x0000000092300000, 0x0000000092200000| Untracked 
| 291|0x0000000092300000, 0x0000000092400000, 0x0000000092400000|100%| O|  |TAMS 0x0000000092400000, 0x0000000092300000| Untracked 
| 292|0x0000000092400000, 0x0000000092500000, 0x0000000092500000|100%| O|  |TAMS 0x0000000092500000, 0x0000000092400000| Untracked 
| 293|0x0000000092500000, 0x0000000092600000, 0x0000000092600000|100%| O|  |TAMS 0x0000000092600000, 0x0000000092500000| Untracked 
| 294|0x0000000092600000, 0x0000000092700000, 0x0000000092700000|100%| O|  |TAMS 0x0000000092700000, 0x0000000092600000| Untracked 
| 295|0x0000000092700000, 0x0000000092800000, 0x0000000092800000|100%| O|  |TAMS 0x0000000092800000, 0x0000000092700000| Untracked 
| 296|0x0000000092800000, 0x0000000092900000, 0x0000000092900000|100%| O|  |TAMS 0x0000000092900000, 0x0000000092800000| Untracked 
| 297|0x0000000092900000, 0x0000000092a00000, 0x0000000092a00000|100%| O|  |TAMS 0x0000000092a00000, 0x0000000092900000| Untracked 
| 298|0x0000000092a00000, 0x0000000092b00000, 0x0000000092b00000|100%| O|  |TAMS 0x0000000092b00000, 0x0000000092a00000| Untracked 
| 299|0x0000000092b00000, 0x0000000092c00000, 0x0000000092c00000|100%| O|  |TAMS 0x0000000092c00000, 0x0000000092b00000| Untracked 
| 300|0x0000000092c00000, 0x0000000092d00000, 0x0000000092d00000|100%| O|  |TAMS 0x0000000092d00000, 0x0000000092c00000| Untracked 
| 301|0x0000000092d00000, 0x0000000092e00000, 0x0000000092e00000|100%| O|  |TAMS 0x0000000092e00000, 0x0000000092d00000| Untracked 
| 302|0x0000000092e00000, 0x0000000092f00000, 0x0000000092f00000|100%| O|  |TAMS 0x0000000092f00000, 0x0000000092e00000| Untracked 
| 303|0x0000000092f00000, 0x0000000093000000, 0x0000000093000000|100%| O|  |TAMS 0x0000000093000000, 0x0000000092f00000| Untracked 
| 304|0x0000000093000000, 0x0000000093100000, 0x0000000093100000|100%| O|  |TAMS 0x0000000093100000, 0x0000000093000000| Untracked 
| 305|0x0000000093100000, 0x0000000093200000, 0x0000000093200000|100%| O|  |TAMS 0x0000000093200000, 0x0000000093100000| Untracked 
| 306|0x0000000093200000, 0x0000000093300000, 0x0000000093300000|100%| O|  |TAMS 0x0000000093300000, 0x0000000093200000| Untracked 
| 307|0x0000000093300000, 0x0000000093400000, 0x0000000093400000|100%| O|  |TAMS 0x0000000093400000, 0x0000000093300000| Untracked 
| 308|0x0000000093400000, 0x0000000093500000, 0x0000000093500000|100%| O|  |TAMS 0x0000000093500000, 0x0000000093400000| Untracked 
| 309|0x0000000093500000, 0x0000000093600000, 0x0000000093600000|100%| O|  |TAMS 0x0000000093600000, 0x0000000093500000| Untracked 
| 310|0x0000000093600000, 0x0000000093700000, 0x0000000093700000|100%| O|  |TAMS 0x0000000093700000, 0x0000000093600000| Untracked 
| 311|0x0000000093700000, 0x0000000093800000, 0x0000000093800000|100%| O|  |TAMS 0x0000000093800000, 0x0000000093700000| Untracked 
| 312|0x0000000093800000, 0x0000000093900000, 0x0000000093900000|100%| O|  |TAMS 0x0000000093900000, 0x0000000093800000| Untracked 
| 313|0x0000000093900000, 0x0000000093a00000, 0x0000000093a00000|100%| O|  |TAMS 0x0000000093a00000, 0x0000000093900000| Untracked 
| 314|0x0000000093a00000, 0x0000000093b00000, 0x0000000093b00000|100%| O|  |TAMS 0x0000000093b00000, 0x0000000093a00000| Untracked 
| 315|0x0000000093b00000, 0x0000000093c00000, 0x0000000093c00000|100%| O|  |TAMS 0x0000000093c00000, 0x0000000093b00000| Complete 
| 316|0x0000000093c00000, 0x0000000093d00000, 0x0000000093d00000|100%| O|  |TAMS 0x0000000093d00000, 0x0000000093c00000| Untracked 
| 317|0x0000000093d00000, 0x0000000093e00000, 0x0000000093e00000|100%| O|  |TAMS 0x0000000093e00000, 0x0000000093d00000| Complete 
| 318|0x0000000093e00000, 0x0000000093f00000, 0x0000000093f00000|100%| O|  |TAMS 0x0000000093f00000, 0x0000000093e00000| Complete 
| 319|0x0000000093f00000, 0x0000000094000000, 0x0000000094000000|100%|HS|  |TAMS 0x0000000093f00000, 0x0000000093f00000| Complete 
| 320|0x0000000094000000, 0x0000000094100000, 0x0000000094100000|100%| O|  |TAMS 0x0000000094100000, 0x0000000094000000| Untracked 
| 321|0x0000000094100000, 0x0000000094200000, 0x0000000094200000|100%| O|  |TAMS 0x0000000094200000, 0x0000000094100000| Untracked 
| 322|0x0000000094200000, 0x0000000094300000, 0x0000000094300000|100%| O|  |TAMS 0x0000000094300000, 0x0000000094200000| Complete 
| 323|0x0000000094300000, 0x0000000094400000, 0x0000000094400000|100%| O|  |TAMS 0x0000000094400000, 0x0000000094300000| Untracked 
| 324|0x0000000094400000, 0x0000000094500000, 0x0000000094500000|100%| O|  |TAMS 0x0000000094500000, 0x0000000094400000| Untracked 
| 325|0x0000000094500000, 0x0000000094600000, 0x0000000094600000|100%| O|  |TAMS 0x0000000094600000, 0x0000000094500000| Untracked 
| 326|0x0000000094600000, 0x0000000094700000, 0x0000000094700000|100%| O|  |TAMS 0x0000000094700000, 0x0000000094600000| Untracked 
| 327|0x0000000094700000, 0x0000000094800000, 0x0000000094800000|100%| O|  |TAMS 0x0000000094800000, 0x0000000094700000| Untracked 
| 328|0x0000000094800000, 0x0000000094900000, 0x0000000094900000|100%| O|  |TAMS 0x0000000094900000, 0x0000000094800000| Untracked 
| 329|0x0000000094900000, 0x0000000094a00000, 0x0000000094a00000|100%| O|  |TAMS 0x0000000094a00000, 0x0000000094900000| Untracked 
| 330|0x0000000094a00000, 0x0000000094b00000, 0x0000000094b00000|100%| O|  |TAMS 0x0000000094b00000, 0x0000000094a00000| Untracked 
| 331|0x0000000094b00000, 0x0000000094c00000, 0x0000000094c00000|100%| O|  |TAMS 0x0000000094c00000, 0x0000000094b00000| Untracked 
| 332|0x0000000094c00000, 0x0000000094d00000, 0x0000000094d00000|100%| O|  |TAMS 0x0000000094d00000, 0x0000000094c00000| Untracked 
| 333|0x0000000094d00000, 0x0000000094e00000, 0x0000000094e00000|100%| O|  |TAMS 0x0000000094e00000, 0x0000000094d00000| Untracked 
| 334|0x0000000094e00000, 0x0000000094f00000, 0x0000000094f00000|100%| O|  |TAMS 0x0000000094f00000, 0x0000000094e00000| Untracked 
| 335|0x0000000094f00000, 0x0000000095000000, 0x0000000095000000|100%| O|  |TAMS 0x0000000095000000, 0x0000000094f00000| Untracked 
| 336|0x0000000095000000, 0x0000000095100000, 0x0000000095100000|100%| O|  |TAMS 0x0000000095100000, 0x0000000095000000| Untracked 
| 337|0x0000000095100000, 0x0000000095200000, 0x0000000095200000|100%| O|  |TAMS 0x0000000095200000, 0x0000000095100000| Untracked 
| 338|0x0000000095200000, 0x0000000095300000, 0x0000000095300000|100%| O|  |TAMS 0x0000000095300000, 0x0000000095200000| Untracked 
| 339|0x0000000095300000, 0x0000000095400000, 0x0000000095400000|100%| O|  |TAMS 0x0000000095400000, 0x0000000095300000| Untracked 
| 340|0x0000000095400000, 0x0000000095500000, 0x0000000095500000|100%| O|  |TAMS 0x0000000095500000, 0x0000000095400000| Untracked 
| 341|0x0000000095500000, 0x0000000095600000, 0x0000000095600000|100%| O|  |TAMS 0x0000000095600000, 0x0000000095500000| Untracked 
| 342|0x0000000095600000, 0x0000000095700000, 0x0000000095700000|100%| O|  |TAMS 0x0000000095700000, 0x0000000095600000| Untracked 
| 343|0x0000000095700000, 0x0000000095800000, 0x0000000095800000|100%| O|  |TAMS 0x0000000095800000, 0x0000000095700000| Untracked 
| 344|0x0000000095800000, 0x0000000095900000, 0x0000000095900000|100%| O|  |TAMS 0x0000000095900000, 0x0000000095800000| Untracked 
| 345|0x0000000095900000, 0x0000000095a00000, 0x0000000095a00000|100%| O|  |TAMS 0x0000000095a00000, 0x0000000095900000| Untracked 
| 346|0x0000000095a00000, 0x0000000095b00000, 0x0000000095b00000|100%| O|  |TAMS 0x0000000095b00000, 0x0000000095a00000| Complete 
| 347|0x0000000095b00000, 0x0000000095c00000, 0x0000000095c00000|100%| O|  |TAMS 0x0000000095c00000, 0x0000000095b00000| Untracked 
| 348|0x0000000095c00000, 0x0000000095d00000, 0x0000000095d00000|100%| O|  |TAMS 0x0000000095d00000, 0x0000000095c00000| Untracked 
| 349|0x0000000095d00000, 0x0000000095e00000, 0x0000000095e00000|100%| O|  |TAMS 0x0000000095e00000, 0x0000000095d00000| Untracked 
| 350|0x0000000095e00000, 0x0000000095f00000, 0x0000000095f00000|100%| O|  |TAMS 0x0000000095f00000, 0x0000000095e00000| Untracked 
| 351|0x0000000095f00000, 0x0000000096000000, 0x0000000096000000|100%| O|  |TAMS 0x0000000096000000, 0x0000000095f00000| Untracked 
| 352|0x0000000096000000, 0x0000000096100000, 0x0000000096100000|100%| O|  |TAMS 0x0000000096100000, 0x0000000096000000| Untracked 
| 353|0x0000000096100000, 0x0000000096200000, 0x0000000096200000|100%| O|  |TAMS 0x0000000096200000, 0x0000000096100000| Untracked 
| 354|0x0000000096200000, 0x0000000096300000, 0x0000000096300000|100%| O|  |TAMS 0x0000000096300000, 0x0000000096200000| Untracked 
| 355|0x0000000096300000, 0x0000000096400000, 0x0000000096400000|100%|HS|  |TAMS 0x0000000096300000, 0x0000000096300000| Complete 
| 356|0x0000000096400000, 0x0000000096400000, 0x0000000096500000|  0%| F|  |TAMS 0x0000000096400000, 0x0000000096400000| Untracked 
| 357|0x0000000096500000, 0x0000000096600000, 0x0000000096600000|100%| O|  |TAMS 0x0000000096600000, 0x0000000096500000| Untracked 
| 358|0x0000000096600000, 0x0000000096700000, 0x0000000096700000|100%| O|  |TAMS 0x0000000096700000, 0x0000000096600000| Untracked 
| 359|0x0000000096700000, 0x0000000096800000, 0x0000000096800000|100%| O|  |TAMS 0x0000000096800000, 0x0000000096700000| Untracked 
| 360|0x0000000096800000, 0x0000000096900000, 0x0000000096900000|100%| O|  |TAMS 0x0000000096900000, 0x0000000096800000| Untracked 
| 361|0x0000000096900000, 0x0000000096a00000, 0x0000000096a00000|100%| O|  |TAMS 0x0000000096a00000, 0x0000000096900000| Untracked 
| 362|0x0000000096a00000, 0x0000000096b00000, 0x0000000096b00000|100%| O|  |TAMS 0x0000000096b00000, 0x0000000096a00000| Untracked 
| 363|0x0000000096b00000, 0x0000000096c00000, 0x0000000096c00000|100%| O|  |TAMS 0x0000000096c00000, 0x0000000096b00000| Untracked 
| 364|0x0000000096c00000, 0x0000000096d00000, 0x0000000096d00000|100%| O|  |TAMS 0x0000000096d00000, 0x0000000096c00000| Untracked 
| 365|0x0000000096d00000, 0x0000000096e00000, 0x0000000096e00000|100%| O|  |TAMS 0x0000000096e00000, 0x0000000096d00000| Untracked 
| 366|0x0000000096e00000, 0x0000000096f00000, 0x0000000096f00000|100%| O|  |TAMS 0x0000000096f00000, 0x0000000096e00000| Untracked 
| 367|0x0000000096f00000, 0x0000000097000000, 0x0000000097000000|100%| O|  |TAMS 0x0000000097000000, 0x0000000096f00000| Untracked 
| 368|0x0000000097000000, 0x0000000097100000, 0x0000000097100000|100%| O|  |TAMS 0x0000000097100000, 0x0000000097000000| Untracked 
| 369|0x0000000097100000, 0x0000000097200000, 0x0000000097200000|100%| O|  |TAMS 0x0000000097200000, 0x0000000097100000| Untracked 
| 370|0x0000000097200000, 0x0000000097300000, 0x0000000097300000|100%| O|  |TAMS 0x0000000097300000, 0x0000000097200000| Untracked 
| 371|0x0000000097300000, 0x0000000097400000, 0x0000000097400000|100%| O|  |TAMS 0x0000000097400000, 0x0000000097300000| Untracked 
| 372|0x0000000097400000, 0x0000000097500000, 0x0000000097500000|100%| O|  |TAMS 0x0000000097500000, 0x0000000097400000| Untracked 
| 373|0x0000000097500000, 0x0000000097600000, 0x0000000097600000|100%| O|  |TAMS 0x0000000097600000, 0x0000000097500000| Untracked 
| 374|0x0000000097600000, 0x0000000097600000, 0x0000000097700000|  0%| F|  |TAMS 0x0000000097600000, 0x0000000097600000| Untracked 
| 375|0x0000000097700000, 0x0000000097800000, 0x0000000097800000|100%| O|  |TAMS 0x0000000097800000, 0x0000000097700000| Complete 
| 376|0x0000000097800000, 0x0000000097900000, 0x0000000097900000|100%| O|  |TAMS 0x0000000097900000, 0x0000000097800000| Untracked 
| 377|0x0000000097900000, 0x0000000097a00000, 0x0000000097a00000|100%| O|  |TAMS 0x0000000097a00000, 0x0000000097900000| Complete 
| 378|0x0000000097a00000, 0x0000000097b00000, 0x0000000097b00000|100%| O|  |TAMS 0x0000000097b00000, 0x0000000097a00000| Untracked 
| 379|0x0000000097b00000, 0x0000000097c00000, 0x0000000097c00000|100%|HS|  |TAMS 0x0000000097b00000, 0x0000000097b00000| Complete 
| 380|0x0000000097c00000, 0x0000000097d00000, 0x0000000097d00000|100%|HC|  |TAMS 0x0000000097c00000, 0x0000000097c00000| Complete 
| 381|0x0000000097d00000, 0x0000000097e00000, 0x0000000097e00000|100%|HS|  |TAMS 0x0000000097d00000, 0x0000000097d00000| Complete 
| 382|0x0000000097e00000, 0x0000000097f00000, 0x0000000097f00000|100%|HC|  |TAMS 0x0000000097e00000, 0x0000000097e00000| Complete 
| 383|0x0000000097f00000, 0x0000000097f00000, 0x0000000098000000|  0%| F|  |TAMS 0x0000000097f00000, 0x0000000097f00000| Untracked 
| 384|0x0000000098000000, 0x0000000098000000, 0x0000000098100000|  0%| F|  |TAMS 0x0000000098000000, 0x0000000098000000| Untracked 
| 385|0x0000000098100000, 0x0000000098200000, 0x0000000098200000|100%| O|  |TAMS 0x0000000098200000, 0x0000000098100000| Untracked 
| 386|0x0000000098200000, 0x0000000098300000, 0x0000000098300000|100%| O|  |TAMS 0x0000000098300000, 0x0000000098200000| Untracked 
| 387|0x0000000098300000, 0x0000000098400000, 0x0000000098400000|100%|HS|  |TAMS 0x0000000098400000, 0x0000000098300000| Complete 
| 388|0x0000000098400000, 0x0000000098500000, 0x0000000098500000|100%|HC|  |TAMS 0x0000000098500000, 0x0000000098400000| Complete 
| 389|0x0000000098500000, 0x0000000098600000, 0x0000000098600000|100%| O|  |TAMS 0x0000000098600000, 0x0000000098500000| Untracked 
| 390|0x0000000098600000, 0x0000000098700000, 0x0000000098700000|100%| O|  |TAMS 0x0000000098700000, 0x0000000098600000| Untracked 
| 391|0x0000000098700000, 0x0000000098800000, 0x0000000098800000|100%| O|  |TAMS 0x0000000098800000, 0x0000000098700000| Untracked 
| 392|0x0000000098800000, 0x0000000098900000, 0x0000000098900000|100%| O|  |TAMS 0x0000000098900000, 0x0000000098800000| Untracked 
| 393|0x0000000098900000, 0x0000000098a00000, 0x0000000098a00000|100%|HS|  |TAMS 0x0000000098a00000, 0x0000000098900000| Complete 
| 394|0x0000000098a00000, 0x0000000098b00000, 0x0000000098b00000|100%|HC|  |TAMS 0x0000000098b00000, 0x0000000098a00000| Complete 
| 395|0x0000000098b00000, 0x0000000098c00000, 0x0000000098c00000|100%|HS|  |TAMS 0x0000000098c00000, 0x0000000098b00000| Complete 
| 396|0x0000000098c00000, 0x0000000098d00000, 0x0000000098d00000|100%|HC|  |TAMS 0x0000000098d00000, 0x0000000098c00000| Complete 
| 397|0x0000000098d00000, 0x0000000098e00000, 0x0000000098e00000|100%| O|  |TAMS 0x0000000098e00000, 0x0000000098d00000| Untracked 
| 398|0x0000000098e00000, 0x0000000098f00000, 0x0000000098f00000|100%| O|  |TAMS 0x0000000098f00000, 0x0000000098e00000| Complete 
| 399|0x0000000098f00000, 0x0000000099000000, 0x0000000099000000|100%| O|  |TAMS 0x0000000099000000, 0x0000000098f00000| Untracked 
| 400|0x0000000099000000, 0x0000000099100000, 0x0000000099100000|100%| O|  |TAMS 0x0000000099100000, 0x0000000099000000| Untracked 
| 401|0x0000000099100000, 0x0000000099200000, 0x0000000099200000|100%| O|  |TAMS 0x0000000099200000, 0x0000000099100000| Untracked 
| 402|0x0000000099200000, 0x0000000099300000, 0x0000000099300000|100%| O|  |TAMS 0x0000000099300000, 0x0000000099200000| Untracked 
| 403|0x0000000099300000, 0x0000000099400000, 0x0000000099400000|100%| O|  |TAMS 0x0000000099400000, 0x0000000099300000| Untracked 
| 404|0x0000000099400000, 0x0000000099500000, 0x0000000099500000|100%| O|  |TAMS 0x0000000099500000, 0x0000000099400000| Untracked 
| 405|0x0000000099500000, 0x0000000099600000, 0x0000000099600000|100%| O|  |TAMS 0x0000000099600000, 0x0000000099500000| Untracked 
| 406|0x0000000099600000, 0x0000000099700000, 0x0000000099700000|100%| O|  |TAMS 0x0000000099700000, 0x0000000099600000| Untracked 
| 407|0x0000000099700000, 0x0000000099800000, 0x0000000099800000|100%| O|  |TAMS 0x0000000099800000, 0x0000000099700000| Untracked 
| 408|0x0000000099800000, 0x0000000099900000, 0x0000000099900000|100%| O|  |TAMS 0x0000000099900000, 0x0000000099800000| Untracked 
| 409|0x0000000099900000, 0x0000000099a00000, 0x0000000099a00000|100%| O|  |TAMS 0x0000000099a00000, 0x0000000099900000| Complete 
| 410|0x0000000099a00000, 0x0000000099b00000, 0x0000000099b00000|100%| O|  |TAMS 0x0000000099b00000, 0x0000000099a00000| Untracked 
| 411|0x0000000099b00000, 0x0000000099c00000, 0x0000000099c00000|100%| O|  |TAMS 0x0000000099c00000, 0x0000000099b00000| Untracked 
| 412|0x0000000099c00000, 0x0000000099d00000, 0x0000000099d00000|100%| O|  |TAMS 0x0000000099d00000, 0x0000000099c00000| Untracked 
| 413|0x0000000099d00000, 0x0000000099e00000, 0x0000000099e00000|100%| O|  |TAMS 0x0000000099e00000, 0x0000000099d00000| Untracked 
| 414|0x0000000099e00000, 0x0000000099f00000, 0x0000000099f00000|100%| O|  |TAMS 0x0000000099f00000, 0x0000000099e00000| Untracked 
| 415|0x0000000099f00000, 0x000000009a000000, 0x000000009a000000|100%| O|  |TAMS 0x000000009a000000, 0x0000000099f00000| Untracked 
| 416|0x000000009a000000, 0x000000009a100000, 0x000000009a100000|100%| O|  |TAMS 0x000000009a100000, 0x000000009a000000| Untracked 
| 417|0x000000009a100000, 0x000000009a200000, 0x000000009a200000|100%| O|  |TAMS 0x000000009a200000, 0x000000009a100000| Untracked 
| 418|0x000000009a200000, 0x000000009a300000, 0x000000009a300000|100%| O|  |TAMS 0x000000009a300000, 0x000000009a200000| Untracked 
| 419|0x000000009a300000, 0x000000009a400000, 0x000000009a400000|100%| O|  |TAMS 0x000000009a400000, 0x000000009a300000| Untracked 
| 420|0x000000009a400000, 0x000000009a500000, 0x000000009a500000|100%| O|  |TAMS 0x000000009a500000, 0x000000009a400000| Untracked 
| 421|0x000000009a500000, 0x000000009a600000, 0x000000009a600000|100%| O|  |TAMS 0x000000009a600000, 0x000000009a500000| Untracked 
| 422|0x000000009a600000, 0x000000009a700000, 0x000000009a700000|100%| O|  |TAMS 0x000000009a700000, 0x000000009a600000| Untracked 
| 423|0x000000009a700000, 0x000000009a7b7400, 0x000000009a800000| 71%| O|  |TAMS 0x000000009a7b7400, 0x000000009a700000| Untracked 
| 424|0x000000009a800000, 0x000000009a800000, 0x000000009a900000|  0%| F|  |TAMS 0x000000009a800000, 0x000000009a800000| Untracked 
| 425|0x000000009a900000, 0x000000009a900000, 0x000000009aa00000|  0%| F|  |TAMS 0x000000009a900000, 0x000000009a900000| Untracked 
| 426|0x000000009aa00000, 0x000000009aa00000, 0x000000009ab00000|  0%| F|  |TAMS 0x000000009aa00000, 0x000000009aa00000| Untracked 
| 427|0x000000009ab00000, 0x000000009ab00000, 0x000000009ac00000|  0%| F|  |TAMS 0x000000009ab00000, 0x000000009ab00000| Untracked 
| 428|0x000000009ac00000, 0x000000009ac00000, 0x000000009ad00000|  0%| F|  |TAMS 0x000000009ac00000, 0x000000009ac00000| Untracked 
| 429|0x000000009ad00000, 0x000000009ad00000, 0x000000009ae00000|  0%| F|  |TAMS 0x000000009ad00000, 0x000000009ad00000| Untracked 
| 430|0x000000009ae00000, 0x000000009ae00000, 0x000000009af00000|  0%| F|  |TAMS 0x000000009ae00000, 0x000000009ae00000| Untracked 
| 431|0x000000009af00000, 0x000000009af00000, 0x000000009b000000|  0%| F|  |TAMS 0x000000009af00000, 0x000000009af00000| Untracked 
| 432|0x000000009b000000, 0x000000009b000000, 0x000000009b100000|  0%| F|  |TAMS 0x000000009b000000, 0x000000009b000000| Untracked 
| 433|0x000000009b100000, 0x000000009b100000, 0x000000009b200000|  0%| F|  |TAMS 0x000000009b100000, 0x000000009b100000| Untracked 
| 434|0x000000009b200000, 0x000000009b200000, 0x000000009b300000|  0%| F|  |TAMS 0x000000009b200000, 0x000000009b200000| Untracked 
| 435|0x000000009b300000, 0x000000009b300000, 0x000000009b400000|  0%| F|  |TAMS 0x000000009b300000, 0x000000009b300000| Untracked 
| 436|0x000000009b400000, 0x000000009b400000, 0x000000009b500000|  0%| F|  |TAMS 0x000000009b400000, 0x000000009b400000| Untracked 
| 437|0x000000009b500000, 0x000000009b500000, 0x000000009b600000|  0%| F|  |TAMS 0x000000009b500000, 0x000000009b500000| Untracked 
| 438|0x000000009b600000, 0x000000009b600000, 0x000000009b700000|  0%| F|  |TAMS 0x000000009b600000, 0x000000009b600000| Untracked 
| 439|0x000000009b700000, 0x000000009b700000, 0x000000009b800000|  0%| F|  |TAMS 0x000000009b700000, 0x000000009b700000| Untracked 
| 440|0x000000009b800000, 0x000000009b800000, 0x000000009b900000|  0%| F|  |TAMS 0x000000009b800000, 0x000000009b800000| Untracked 
| 441|0x000000009b900000, 0x000000009b900000, 0x000000009ba00000|  0%| F|  |TAMS 0x000000009b900000, 0x000000009b900000| Untracked 
| 442|0x000000009ba00000, 0x000000009ba00000, 0x000000009bb00000|  0%| F|  |TAMS 0x000000009ba00000, 0x000000009ba00000| Untracked 
| 443|0x000000009bb00000, 0x000000009bb00000, 0x000000009bc00000|  0%| F|  |TAMS 0x000000009bb00000, 0x000000009bb00000| Untracked 
| 444|0x000000009bc00000, 0x000000009bc00000, 0x000000009bd00000|  0%| F|  |TAMS 0x000000009bc00000, 0x000000009bc00000| Untracked 
| 445|0x000000009bd00000, 0x000000009bd00000, 0x000000009be00000|  0%| F|  |TAMS 0x000000009bd00000, 0x000000009bd00000| Untracked 
| 446|0x000000009be00000, 0x000000009be00000, 0x000000009bf00000|  0%| F|  |TAMS 0x000000009be00000, 0x000000009be00000| Untracked 
| 447|0x000000009bf00000, 0x000000009bf00000, 0x000000009c000000|  0%| F|  |TAMS 0x000000009bf00000, 0x000000009bf00000| Untracked 
| 448|0x000000009c000000, 0x000000009c000000, 0x000000009c100000|  0%| F|  |TAMS 0x000000009c000000, 0x000000009c000000| Untracked 
| 449|0x000000009c100000, 0x000000009c100000, 0x000000009c200000|  0%| F|  |TAMS 0x000000009c100000, 0x000000009c100000| Untracked 
| 450|0x000000009c200000, 0x000000009c200000, 0x000000009c300000|  0%| F|  |TAMS 0x000000009c200000, 0x000000009c200000| Untracked 
| 451|0x000000009c300000, 0x000000009c300000, 0x000000009c400000|  0%| F|  |TAMS 0x000000009c300000, 0x000000009c300000| Untracked 
| 452|0x000000009c400000, 0x000000009c400000, 0x000000009c500000|  0%| F|  |TAMS 0x000000009c400000, 0x000000009c400000| Untracked 
| 453|0x000000009c500000, 0x000000009c500000, 0x000000009c600000|  0%| F|  |TAMS 0x000000009c500000, 0x000000009c500000| Untracked 
| 454|0x000000009c600000, 0x000000009c600000, 0x000000009c700000|  0%| F|  |TAMS 0x000000009c600000, 0x000000009c600000| Untracked 
| 455|0x000000009c700000, 0x000000009c700000, 0x000000009c800000|  0%| F|  |TAMS 0x000000009c700000, 0x000000009c700000| Untracked 
| 456|0x000000009c800000, 0x000000009c800000, 0x000000009c900000|  0%| F|  |TAMS 0x000000009c800000, 0x000000009c800000| Untracked 
| 457|0x000000009c900000, 0x000000009c900000, 0x000000009ca00000|  0%| F|  |TAMS 0x000000009c900000, 0x000000009c900000| Untracked 
| 458|0x000000009ca00000, 0x000000009ca00000, 0x000000009cb00000|  0%| F|  |TAMS 0x000000009ca00000, 0x000000009ca00000| Untracked 
| 459|0x000000009cb00000, 0x000000009cb00000, 0x000000009cc00000|  0%| F|  |TAMS 0x000000009cb00000, 0x000000009cb00000| Untracked 
| 460|0x000000009cc00000, 0x000000009cc00000, 0x000000009cd00000|  0%| F|  |TAMS 0x000000009cc00000, 0x000000009cc00000| Untracked 
| 461|0x000000009cd00000, 0x000000009cd00000, 0x000000009ce00000|  0%| F|  |TAMS 0x000000009cd00000, 0x000000009cd00000| Untracked 
| 462|0x000000009ce00000, 0x000000009ce00000, 0x000000009cf00000|  0%| F|  |TAMS 0x000000009ce00000, 0x000000009ce00000| Untracked 
| 463|0x000000009cf00000, 0x000000009cf00000, 0x000000009d000000|  0%| F|  |TAMS 0x000000009cf00000, 0x000000009cf00000| Untracked 
| 464|0x000000009d000000, 0x000000009d000000, 0x000000009d100000|  0%| F|  |TAMS 0x000000009d000000, 0x000000009d000000| Untracked 
| 465|0x000000009d100000, 0x000000009d100000, 0x000000009d200000|  0%| F|  |TAMS 0x000000009d100000, 0x000000009d100000| Untracked 
| 466|0x000000009d200000, 0x000000009d200000, 0x000000009d300000|  0%| F|  |TAMS 0x000000009d200000, 0x000000009d200000| Untracked 
| 467|0x000000009d300000, 0x000000009d300000, 0x000000009d400000|  0%| F|  |TAMS 0x000000009d300000, 0x000000009d300000| Untracked 
| 468|0x000000009d400000, 0x000000009d400000, 0x000000009d500000|  0%| F|  |TAMS 0x000000009d400000, 0x000000009d400000| Untracked 
| 469|0x000000009d500000, 0x000000009d500000, 0x000000009d600000|  0%| F|  |TAMS 0x000000009d500000, 0x000000009d500000| Untracked 
| 470|0x000000009d600000, 0x000000009d600000, 0x000000009d700000|  0%| F|  |TAMS 0x000000009d600000, 0x000000009d600000| Untracked 
| 471|0x000000009d700000, 0x000000009d700000, 0x000000009d800000|  0%| F|  |TAMS 0x000000009d700000, 0x000000009d700000| Untracked 
| 472|0x000000009d800000, 0x000000009d800000, 0x000000009d900000|  0%| F|  |TAMS 0x000000009d800000, 0x000000009d800000| Untracked 
| 473|0x000000009d900000, 0x000000009d900000, 0x000000009da00000|  0%| F|  |TAMS 0x000000009d900000, 0x000000009d900000| Untracked 
| 474|0x000000009da00000, 0x000000009da00000, 0x000000009db00000|  0%| F|  |TAMS 0x000000009da00000, 0x000000009da00000| Untracked 
| 475|0x000000009db00000, 0x000000009db00000, 0x000000009dc00000|  0%| F|  |TAMS 0x000000009db00000, 0x000000009db00000| Untracked 
| 476|0x000000009dc00000, 0x000000009dc00000, 0x000000009dd00000|  0%| F|  |TAMS 0x000000009dc00000, 0x000000009dc00000| Untracked 
| 477|0x000000009dd00000, 0x000000009dd00000, 0x000000009de00000|  0%| F|  |TAMS 0x000000009dd00000, 0x000000009dd00000| Untracked 
| 478|0x000000009de00000, 0x000000009de00000, 0x000000009df00000|  0%| F|  |TAMS 0x000000009de00000, 0x000000009de00000| Untracked 
| 479|0x000000009df00000, 0x000000009df00000, 0x000000009e000000|  0%| F|  |TAMS 0x000000009df00000, 0x000000009df00000| Untracked 
| 480|0x000000009e000000, 0x000000009e000000, 0x000000009e100000|  0%| F|  |TAMS 0x000000009e000000, 0x000000009e000000| Untracked 
| 481|0x000000009e100000, 0x000000009e100000, 0x000000009e200000|  0%| F|  |TAMS 0x000000009e100000, 0x000000009e100000| Untracked 
| 482|0x000000009e200000, 0x000000009e200000, 0x000000009e300000|  0%| F|  |TAMS 0x000000009e200000, 0x000000009e200000| Untracked 
| 483|0x000000009e300000, 0x000000009e300000, 0x000000009e400000|  0%| F|  |TAMS 0x000000009e300000, 0x000000009e300000| Untracked 
| 484|0x000000009e400000, 0x000000009e400000, 0x000000009e500000|  0%| F|  |TAMS 0x000000009e400000, 0x000000009e400000| Untracked 
| 485|0x000000009e500000, 0x000000009e500000, 0x000000009e600000|  0%| F|  |TAMS 0x000000009e500000, 0x000000009e500000| Untracked 
| 486|0x000000009e600000, 0x000000009e600000, 0x000000009e700000|  0%| F|  |TAMS 0x000000009e600000, 0x000000009e600000| Untracked 
| 487|0x000000009e700000, 0x000000009e700000, 0x000000009e800000|  0%| F|  |TAMS 0x000000009e700000, 0x000000009e700000| Untracked 
| 488|0x000000009e800000, 0x000000009e800000, 0x000000009e900000|  0%| F|  |TAMS 0x000000009e800000, 0x000000009e800000| Untracked 
| 489|0x000000009e900000, 0x000000009e900000, 0x000000009ea00000|  0%| F|  |TAMS 0x000000009e900000, 0x000000009e900000| Untracked 
| 490|0x000000009ea00000, 0x000000009ea00000, 0x000000009eb00000|  0%| F|  |TAMS 0x000000009ea00000, 0x000000009ea00000| Untracked 
| 491|0x000000009eb00000, 0x000000009eb00000, 0x000000009ec00000|  0%| F|  |TAMS 0x000000009eb00000, 0x000000009eb00000| Untracked 
| 492|0x000000009ec00000, 0x000000009ec00000, 0x000000009ed00000|  0%| F|  |TAMS 0x000000009ec00000, 0x000000009ec00000| Untracked 
| 493|0x000000009ed00000, 0x000000009ed00000, 0x000000009ee00000|  0%| F|  |TAMS 0x000000009ed00000, 0x000000009ed00000| Untracked 
| 494|0x000000009ee00000, 0x000000009ee00000, 0x000000009ef00000|  0%| F|  |TAMS 0x000000009ee00000, 0x000000009ee00000| Untracked 
| 495|0x000000009ef00000, 0x000000009ef00000, 0x000000009f000000|  0%| F|  |TAMS 0x000000009ef00000, 0x000000009ef00000| Untracked 
| 496|0x000000009f000000, 0x000000009f000000, 0x000000009f100000|  0%| F|  |TAMS 0x000000009f000000, 0x000000009f000000| Untracked 
| 497|0x000000009f100000, 0x000000009f100000, 0x000000009f200000|  0%| F|  |TAMS 0x000000009f100000, 0x000000009f100000| Untracked 
| 498|0x000000009f200000, 0x000000009f200000, 0x000000009f300000|  0%| F|  |TAMS 0x000000009f200000, 0x000000009f200000| Untracked 
| 499|0x000000009f300000, 0x000000009f300000, 0x000000009f400000|  0%| F|  |TAMS 0x000000009f300000, 0x000000009f300000| Untracked 
| 500|0x000000009f400000, 0x000000009f400000, 0x000000009f500000|  0%| F|  |TAMS 0x000000009f400000, 0x000000009f400000| Untracked 
| 501|0x000000009f500000, 0x000000009f500000, 0x000000009f600000|  0%| F|  |TAMS 0x000000009f500000, 0x000000009f500000| Untracked 
| 502|0x000000009f600000, 0x000000009f600000, 0x000000009f700000|  0%| F|  |TAMS 0x000000009f600000, 0x000000009f600000| Untracked 
| 503|0x000000009f700000, 0x000000009f700000, 0x000000009f800000|  0%| F|  |TAMS 0x000000009f700000, 0x000000009f700000| Untracked 
| 504|0x000000009f800000, 0x000000009f800000, 0x000000009f900000|  0%| F|  |TAMS 0x000000009f800000, 0x000000009f800000| Untracked 
| 505|0x000000009f900000, 0x000000009f900000, 0x000000009fa00000|  0%| F|  |TAMS 0x000000009f900000, 0x000000009f900000| Untracked 
| 506|0x000000009fa00000, 0x000000009fa00000, 0x000000009fb00000|  0%| F|  |TAMS 0x000000009fa00000, 0x000000009fa00000| Untracked 
| 507|0x000000009fb00000, 0x000000009fb00000, 0x000000009fc00000|  0%| F|  |TAMS 0x000000009fb00000, 0x000000009fb00000| Untracked 
| 508|0x000000009fc00000, 0x000000009fc00000, 0x000000009fd00000|  0%| F|  |TAMS 0x000000009fc00000, 0x000000009fc00000| Untracked 
| 509|0x000000009fd00000, 0x000000009fd00000, 0x000000009fe00000|  0%| F|  |TAMS 0x000000009fd00000, 0x000000009fd00000| Untracked 
| 510|0x000000009fe00000, 0x000000009fe00000, 0x000000009ff00000|  0%| F|  |TAMS 0x000000009fe00000, 0x000000009fe00000| Untracked 
| 511|0x000000009ff00000, 0x000000009ff00000, 0x00000000a0000000|  0%| F|  |TAMS 0x000000009ff00000, 0x000000009ff00000| Untracked 
| 512|0x00000000a0000000, 0x00000000a0000000, 0x00000000a0100000|  0%| F|  |TAMS 0x00000000a0000000, 0x00000000a0000000| Untracked 
| 513|0x00000000a0100000, 0x00000000a0100000, 0x00000000a0200000|  0%| F|  |TAMS 0x00000000a0100000, 0x00000000a0100000| Untracked 
| 514|0x00000000a0200000, 0x00000000a0200000, 0x00000000a0300000|  0%| F|  |TAMS 0x00000000a0200000, 0x00000000a0200000| Untracked 
| 515|0x00000000a0300000, 0x00000000a0300000, 0x00000000a0400000|  0%| F|  |TAMS 0x00000000a0300000, 0x00000000a0300000| Untracked 
| 516|0x00000000a0400000, 0x00000000a0400000, 0x00000000a0500000|  0%| F|  |TAMS 0x00000000a0400000, 0x00000000a0400000| Untracked 
| 517|0x00000000a0500000, 0x00000000a0500000, 0x00000000a0600000|  0%| F|  |TAMS 0x00000000a0500000, 0x00000000a0500000| Untracked 
| 518|0x00000000a0600000, 0x00000000a0600000, 0x00000000a0700000|  0%| F|  |TAMS 0x00000000a0600000, 0x00000000a0600000| Untracked 
| 519|0x00000000a0700000, 0x00000000a0700000, 0x00000000a0800000|  0%| F|  |TAMS 0x00000000a0700000, 0x00000000a0700000| Untracked 
| 520|0x00000000a0800000, 0x00000000a0800000, 0x00000000a0900000|  0%| F|  |TAMS 0x00000000a0800000, 0x00000000a0800000| Untracked 
| 521|0x00000000a0900000, 0x00000000a0900000, 0x00000000a0a00000|  0%| F|  |TAMS 0x00000000a0900000, 0x00000000a0900000| Untracked 
| 522|0x00000000a0a00000, 0x00000000a0a00000, 0x00000000a0b00000|  0%| F|  |TAMS 0x00000000a0a00000, 0x00000000a0a00000| Untracked 
| 523|0x00000000a0b00000, 0x00000000a0b00000, 0x00000000a0c00000|  0%| F|  |TAMS 0x00000000a0b00000, 0x00000000a0b00000| Untracked 
| 524|0x00000000a0c00000, 0x00000000a0c00000, 0x00000000a0d00000|  0%| F|  |TAMS 0x00000000a0c00000, 0x00000000a0c00000| Untracked 
| 525|0x00000000a0d00000, 0x00000000a0d00000, 0x00000000a0e00000|  0%| F|  |TAMS 0x00000000a0d00000, 0x00000000a0d00000| Untracked 
| 526|0x00000000a0e00000, 0x00000000a0e00000, 0x00000000a0f00000|  0%| F|  |TAMS 0x00000000a0e00000, 0x00000000a0e00000| Untracked 
| 527|0x00000000a0f00000, 0x00000000a0f00000, 0x00000000a1000000|  0%| F|  |TAMS 0x00000000a0f00000, 0x00000000a0f00000| Untracked 
| 528|0x00000000a1000000, 0x00000000a1000000, 0x00000000a1100000|  0%| F|  |TAMS 0x00000000a1000000, 0x00000000a1000000| Untracked 
| 529|0x00000000a1100000, 0x00000000a1100000, 0x00000000a1200000|  0%| F|  |TAMS 0x00000000a1100000, 0x00000000a1100000| Untracked 
| 530|0x00000000a1200000, 0x00000000a1200000, 0x00000000a1300000|  0%| F|  |TAMS 0x00000000a1200000, 0x00000000a1200000| Untracked 
| 531|0x00000000a1300000, 0x00000000a1300000, 0x00000000a1400000|  0%| F|  |TAMS 0x00000000a1300000, 0x00000000a1300000| Untracked 
| 532|0x00000000a1400000, 0x00000000a1400000, 0x00000000a1500000|  0%| F|  |TAMS 0x00000000a1400000, 0x00000000a1400000| Untracked 
| 533|0x00000000a1500000, 0x00000000a1500000, 0x00000000a1600000|  0%| F|  |TAMS 0x00000000a1500000, 0x00000000a1500000| Untracked 
| 534|0x00000000a1600000, 0x00000000a1600000, 0x00000000a1700000|  0%| F|  |TAMS 0x00000000a1600000, 0x00000000a1600000| Untracked 
| 535|0x00000000a1700000, 0x00000000a1700000, 0x00000000a1800000|  0%| F|  |TAMS 0x00000000a1700000, 0x00000000a1700000| Untracked 
| 536|0x00000000a1800000, 0x00000000a1800000, 0x00000000a1900000|  0%| F|  |TAMS 0x00000000a1800000, 0x00000000a1800000| Untracked 
| 537|0x00000000a1900000, 0x00000000a1900000, 0x00000000a1a00000|  0%| F|  |TAMS 0x00000000a1900000, 0x00000000a1900000| Untracked 
| 538|0x00000000a1a00000, 0x00000000a1a00000, 0x00000000a1b00000|  0%| F|  |TAMS 0x00000000a1a00000, 0x00000000a1a00000| Untracked 
| 539|0x00000000a1b00000, 0x00000000a1b00000, 0x00000000a1c00000|  0%| F|  |TAMS 0x00000000a1b00000, 0x00000000a1b00000| Untracked 
| 540|0x00000000a1c00000, 0x00000000a1c00000, 0x00000000a1d00000|  0%| F|  |TAMS 0x00000000a1c00000, 0x00000000a1c00000| Untracked 
| 541|0x00000000a1d00000, 0x00000000a1d00000, 0x00000000a1e00000|  0%| F|  |TAMS 0x00000000a1d00000, 0x00000000a1d00000| Untracked 
| 542|0x00000000a1e00000, 0x00000000a1e00000, 0x00000000a1f00000|  0%| F|  |TAMS 0x00000000a1e00000, 0x00000000a1e00000| Untracked 
| 543|0x00000000a1f00000, 0x00000000a1f00000, 0x00000000a2000000|  0%| F|  |TAMS 0x00000000a1f00000, 0x00000000a1f00000| Untracked 
| 544|0x00000000a2000000, 0x00000000a2000000, 0x00000000a2100000|  0%| F|  |TAMS 0x00000000a2000000, 0x00000000a2000000| Untracked 
| 545|0x00000000a2100000, 0x00000000a2100000, 0x00000000a2200000|  0%| F|  |TAMS 0x00000000a2100000, 0x00000000a2100000| Untracked 
| 546|0x00000000a2200000, 0x00000000a2200000, 0x00000000a2300000|  0%| F|  |TAMS 0x00000000a2200000, 0x00000000a2200000| Untracked 
| 547|0x00000000a2300000, 0x00000000a2300000, 0x00000000a2400000|  0%| F|  |TAMS 0x00000000a2300000, 0x00000000a2300000| Untracked 
| 548|0x00000000a2400000, 0x00000000a2400000, 0x00000000a2500000|  0%| F|  |TAMS 0x00000000a2400000, 0x00000000a2400000| Untracked 
| 549|0x00000000a2500000, 0x00000000a2500000, 0x00000000a2600000|  0%| F|  |TAMS 0x00000000a2500000, 0x00000000a2500000| Untracked 
| 550|0x00000000a2600000, 0x00000000a2600000, 0x00000000a2700000|  0%| F|  |TAMS 0x00000000a2600000, 0x00000000a2600000| Untracked 
| 551|0x00000000a2700000, 0x00000000a2700000, 0x00000000a2800000|  0%| F|  |TAMS 0x00000000a2700000, 0x00000000a2700000| Untracked 
| 552|0x00000000a2800000, 0x00000000a2800000, 0x00000000a2900000|  0%| F|  |TAMS 0x00000000a2800000, 0x00000000a2800000| Untracked 
| 553|0x00000000a2900000, 0x00000000a2900000, 0x00000000a2a00000|  0%| F|  |TAMS 0x00000000a2900000, 0x00000000a2900000| Untracked 
| 554|0x00000000a2a00000, 0x00000000a2a00000, 0x00000000a2b00000|  0%| F|  |TAMS 0x00000000a2a00000, 0x00000000a2a00000| Untracked 
| 555|0x00000000a2b00000, 0x00000000a2b00000, 0x00000000a2c00000|  0%| F|  |TAMS 0x00000000a2b00000, 0x00000000a2b00000| Untracked 
| 556|0x00000000a2c00000, 0x00000000a2c00000, 0x00000000a2d00000|  0%| F|  |TAMS 0x00000000a2c00000, 0x00000000a2c00000| Untracked 
| 557|0x00000000a2d00000, 0x00000000a2d00000, 0x00000000a2e00000|  0%| F|  |TAMS 0x00000000a2d00000, 0x00000000a2d00000| Untracked 
| 558|0x00000000a2e00000, 0x00000000a2e00000, 0x00000000a2f00000|  0%| F|  |TAMS 0x00000000a2e00000, 0x00000000a2e00000| Untracked 
| 559|0x00000000a2f00000, 0x00000000a2f00000, 0x00000000a3000000|  0%| F|  |TAMS 0x00000000a2f00000, 0x00000000a2f00000| Untracked 
| 560|0x00000000a3000000, 0x00000000a3000000, 0x00000000a3100000|  0%| F|  |TAMS 0x00000000a3000000, 0x00000000a3000000| Untracked 
| 561|0x00000000a3100000, 0x00000000a3100000, 0x00000000a3200000|  0%| F|  |TAMS 0x00000000a3100000, 0x00000000a3100000| Untracked 
| 562|0x00000000a3200000, 0x00000000a3200000, 0x00000000a3300000|  0%| F|  |TAMS 0x00000000a3200000, 0x00000000a3200000| Untracked 
| 563|0x00000000a3300000, 0x00000000a3300000, 0x00000000a3400000|  0%| F|  |TAMS 0x00000000a3300000, 0x00000000a3300000| Untracked 
| 564|0x00000000a3400000, 0x00000000a3400000, 0x00000000a3500000|  0%| F|  |TAMS 0x00000000a3400000, 0x00000000a3400000| Untracked 
| 565|0x00000000a3500000, 0x00000000a3500000, 0x00000000a3600000|  0%| F|  |TAMS 0x00000000a3500000, 0x00000000a3500000| Untracked 
| 566|0x00000000a3600000, 0x00000000a3600000, 0x00000000a3700000|  0%| F|  |TAMS 0x00000000a3600000, 0x00000000a3600000| Untracked 
| 567|0x00000000a3700000, 0x00000000a3700000, 0x00000000a3800000|  0%| F|  |TAMS 0x00000000a3700000, 0x00000000a3700000| Untracked 
| 568|0x00000000a3800000, 0x00000000a3800000, 0x00000000a3900000|  0%| F|  |TAMS 0x00000000a3800000, 0x00000000a3800000| Untracked 
| 569|0x00000000a3900000, 0x00000000a3900000, 0x00000000a3a00000|  0%| F|  |TAMS 0x00000000a3900000, 0x00000000a3900000| Untracked 
| 570|0x00000000a3a00000, 0x00000000a3a00000, 0x00000000a3b00000|  0%| F|  |TAMS 0x00000000a3a00000, 0x00000000a3a00000| Untracked 
| 571|0x00000000a3b00000, 0x00000000a3b00000, 0x00000000a3c00000|  0%| F|  |TAMS 0x00000000a3b00000, 0x00000000a3b00000| Untracked 
| 572|0x00000000a3c00000, 0x00000000a3c00000, 0x00000000a3d00000|  0%| F|  |TAMS 0x00000000a3c00000, 0x00000000a3c00000| Untracked 
| 573|0x00000000a3d00000, 0x00000000a3d00000, 0x00000000a3e00000|  0%| F|  |TAMS 0x00000000a3d00000, 0x00000000a3d00000| Untracked 
| 574|0x00000000a3e00000, 0x00000000a3e00000, 0x00000000a3f00000|  0%| F|  |TAMS 0x00000000a3e00000, 0x00000000a3e00000| Untracked 
| 575|0x00000000a3f00000, 0x00000000a3f00000, 0x00000000a4000000|  0%| F|  |TAMS 0x00000000a3f00000, 0x00000000a3f00000| Untracked 
| 576|0x00000000a4000000, 0x00000000a4000000, 0x00000000a4100000|  0%| F|  |TAMS 0x00000000a4000000, 0x00000000a4000000| Untracked 
| 577|0x00000000a4100000, 0x00000000a4100000, 0x00000000a4200000|  0%| F|  |TAMS 0x00000000a4100000, 0x00000000a4100000| Untracked 
| 578|0x00000000a4200000, 0x00000000a4200000, 0x00000000a4300000|  0%| F|  |TAMS 0x00000000a4200000, 0x00000000a4200000| Untracked 
| 579|0x00000000a4300000, 0x00000000a4300000, 0x00000000a4400000|  0%| F|  |TAMS 0x00000000a4300000, 0x00000000a4300000| Untracked 
| 580|0x00000000a4400000, 0x00000000a4400000, 0x00000000a4500000|  0%| F|  |TAMS 0x00000000a4400000, 0x00000000a4400000| Untracked 
| 581|0x00000000a4500000, 0x00000000a4500000, 0x00000000a4600000|  0%| F|  |TAMS 0x00000000a4500000, 0x00000000a4500000| Untracked 
| 582|0x00000000a4600000, 0x00000000a4600000, 0x00000000a4700000|  0%| F|  |TAMS 0x00000000a4600000, 0x00000000a4600000| Untracked 
| 583|0x00000000a4700000, 0x00000000a4700000, 0x00000000a4800000|  0%| F|  |TAMS 0x00000000a4700000, 0x00000000a4700000| Untracked 
| 584|0x00000000a4800000, 0x00000000a4800000, 0x00000000a4900000|  0%| F|  |TAMS 0x00000000a4800000, 0x00000000a4800000| Untracked 
| 585|0x00000000a4900000, 0x00000000a4900000, 0x00000000a4a00000|  0%| F|  |TAMS 0x00000000a4900000, 0x00000000a4900000| Untracked 
| 586|0x00000000a4a00000, 0x00000000a4a00000, 0x00000000a4b00000|  0%| F|  |TAMS 0x00000000a4a00000, 0x00000000a4a00000| Untracked 
| 587|0x00000000a4b00000, 0x00000000a4b00000, 0x00000000a4c00000|  0%| F|  |TAMS 0x00000000a4b00000, 0x00000000a4b00000| Untracked 
| 588|0x00000000a4c00000, 0x00000000a4c00000, 0x00000000a4d00000|  0%| F|  |TAMS 0x00000000a4c00000, 0x00000000a4c00000| Untracked 
| 589|0x00000000a4d00000, 0x00000000a4d00000, 0x00000000a4e00000|  0%| F|  |TAMS 0x00000000a4d00000, 0x00000000a4d00000| Untracked 
| 590|0x00000000a4e00000, 0x00000000a4e00000, 0x00000000a4f00000|  0%| F|  |TAMS 0x00000000a4e00000, 0x00000000a4e00000| Untracked 
| 591|0x00000000a4f00000, 0x00000000a4f00000, 0x00000000a5000000|  0%| F|  |TAMS 0x00000000a4f00000, 0x00000000a4f00000| Untracked 
| 592|0x00000000a5000000, 0x00000000a5000000, 0x00000000a5100000|  0%| F|  |TAMS 0x00000000a5000000, 0x00000000a5000000| Untracked 
| 593|0x00000000a5100000, 0x00000000a5100000, 0x00000000a5200000|  0%| F|  |TAMS 0x00000000a5100000, 0x00000000a5100000| Untracked 
| 594|0x00000000a5200000, 0x00000000a5200000, 0x00000000a5300000|  0%| F|  |TAMS 0x00000000a5200000, 0x00000000a5200000| Untracked 
| 595|0x00000000a5300000, 0x00000000a5300000, 0x00000000a5400000|  0%| F|  |TAMS 0x00000000a5300000, 0x00000000a5300000| Untracked 
| 596|0x00000000a5400000, 0x00000000a5400000, 0x00000000a5500000|  0%| F|  |TAMS 0x00000000a5400000, 0x00000000a5400000| Untracked 
| 597|0x00000000a5500000, 0x00000000a5500000, 0x00000000a5600000|  0%| F|  |TAMS 0x00000000a5500000, 0x00000000a5500000| Untracked 
| 598|0x00000000a5600000, 0x00000000a5600000, 0x00000000a5700000|  0%| F|  |TAMS 0x00000000a5600000, 0x00000000a5600000| Untracked 
| 599|0x00000000a5700000, 0x00000000a5700000, 0x00000000a5800000|  0%| F|  |TAMS 0x00000000a5700000, 0x00000000a5700000| Untracked 
| 600|0x00000000a5800000, 0x00000000a5800000, 0x00000000a5900000|  0%| F|  |TAMS 0x00000000a5800000, 0x00000000a5800000| Untracked 
| 601|0x00000000a5900000, 0x00000000a5900000, 0x00000000a5a00000|  0%| F|  |TAMS 0x00000000a5900000, 0x00000000a5900000| Untracked 
| 602|0x00000000a5a00000, 0x00000000a5a00000, 0x00000000a5b00000|  0%| F|  |TAMS 0x00000000a5a00000, 0x00000000a5a00000| Untracked 
| 603|0x00000000a5b00000, 0x00000000a5b00000, 0x00000000a5c00000|  0%| F|  |TAMS 0x00000000a5b00000, 0x00000000a5b00000| Untracked 
| 604|0x00000000a5c00000, 0x00000000a5c00000, 0x00000000a5d00000|  0%| F|  |TAMS 0x00000000a5c00000, 0x00000000a5c00000| Untracked 
| 605|0x00000000a5d00000, 0x00000000a5d00000, 0x00000000a5e00000|  0%| F|  |TAMS 0x00000000a5d00000, 0x00000000a5d00000| Untracked 
| 606|0x00000000a5e00000, 0x00000000a5e00000, 0x00000000a5f00000|  0%| F|  |TAMS 0x00000000a5e00000, 0x00000000a5e00000| Untracked 
| 607|0x00000000a5f00000, 0x00000000a5f00000, 0x00000000a6000000|  0%| F|  |TAMS 0x00000000a5f00000, 0x00000000a5f00000| Untracked 
| 608|0x00000000a6000000, 0x00000000a6000000, 0x00000000a6100000|  0%| F|  |TAMS 0x00000000a6000000, 0x00000000a6000000| Untracked 
| 609|0x00000000a6100000, 0x00000000a6100000, 0x00000000a6200000|  0%| F|  |TAMS 0x00000000a6100000, 0x00000000a6100000| Untracked 
| 610|0x00000000a6200000, 0x00000000a6200000, 0x00000000a6300000|  0%| F|  |TAMS 0x00000000a6200000, 0x00000000a6200000| Untracked 
| 611|0x00000000a6300000, 0x00000000a6300000, 0x00000000a6400000|  0%| F|  |TAMS 0x00000000a6300000, 0x00000000a6300000| Untracked 
| 612|0x00000000a6400000, 0x00000000a6400000, 0x00000000a6500000|  0%| F|  |TAMS 0x00000000a6400000, 0x00000000a6400000| Untracked 
| 613|0x00000000a6500000, 0x00000000a6500000, 0x00000000a6600000|  0%| F|  |TAMS 0x00000000a6500000, 0x00000000a6500000| Untracked 
| 614|0x00000000a6600000, 0x00000000a6600000, 0x00000000a6700000|  0%| F|  |TAMS 0x00000000a6600000, 0x00000000a6600000| Untracked 
| 615|0x00000000a6700000, 0x00000000a6700000, 0x00000000a6800000|  0%| F|  |TAMS 0x00000000a6700000, 0x00000000a6700000| Untracked 
| 616|0x00000000a6800000, 0x00000000a6800000, 0x00000000a6900000|  0%| F|  |TAMS 0x00000000a6800000, 0x00000000a6800000| Untracked 
| 617|0x00000000a6900000, 0x00000000a6900000, 0x00000000a6a00000|  0%| F|  |TAMS 0x00000000a6900000, 0x00000000a6900000| Untracked 
| 618|0x00000000a6a00000, 0x00000000a6a00000, 0x00000000a6b00000|  0%| F|  |TAMS 0x00000000a6a00000, 0x00000000a6a00000| Untracked 
| 619|0x00000000a6b00000, 0x00000000a6b00000, 0x00000000a6c00000|  0%| F|  |TAMS 0x00000000a6b00000, 0x00000000a6b00000| Untracked 
| 620|0x00000000a6c00000, 0x00000000a6c00000, 0x00000000a6d00000|  0%| F|  |TAMS 0x00000000a6c00000, 0x00000000a6c00000| Untracked 
| 621|0x00000000a6d00000, 0x00000000a6d00000, 0x00000000a6e00000|  0%| F|  |TAMS 0x00000000a6d00000, 0x00000000a6d00000| Untracked 
| 622|0x00000000a6e00000, 0x00000000a6e00000, 0x00000000a6f00000|  0%| F|  |TAMS 0x00000000a6e00000, 0x00000000a6e00000| Untracked 
| 623|0x00000000a6f00000, 0x00000000a6f00000, 0x00000000a7000000|  0%| F|  |TAMS 0x00000000a6f00000, 0x00000000a6f00000| Untracked 
| 624|0x00000000a7000000, 0x00000000a7000000, 0x00000000a7100000|  0%| F|  |TAMS 0x00000000a7000000, 0x00000000a7000000| Untracked 
| 625|0x00000000a7100000, 0x00000000a7100000, 0x00000000a7200000|  0%| F|  |TAMS 0x00000000a7100000, 0x00000000a7100000| Untracked 
| 626|0x00000000a7200000, 0x00000000a7200000, 0x00000000a7300000|  0%| F|  |TAMS 0x00000000a7200000, 0x00000000a7200000| Untracked 
| 627|0x00000000a7300000, 0x00000000a7300000, 0x00000000a7400000|  0%| F|  |TAMS 0x00000000a7300000, 0x00000000a7300000| Untracked 
| 628|0x00000000a7400000, 0x00000000a7400000, 0x00000000a7500000|  0%| F|  |TAMS 0x00000000a7400000, 0x00000000a7400000| Untracked 
| 629|0x00000000a7500000, 0x00000000a7500000, 0x00000000a7600000|  0%| F|  |TAMS 0x00000000a7500000, 0x00000000a7500000| Untracked 
| 630|0x00000000a7600000, 0x00000000a7600000, 0x00000000a7700000|  0%| F|  |TAMS 0x00000000a7600000, 0x00000000a7600000| Untracked 
| 631|0x00000000a7700000, 0x00000000a7700000, 0x00000000a7800000|  0%| F|  |TAMS 0x00000000a7700000, 0x00000000a7700000| Untracked 
| 632|0x00000000a7800000, 0x00000000a7800000, 0x00000000a7900000|  0%| F|  |TAMS 0x00000000a7800000, 0x00000000a7800000| Untracked 
| 633|0x00000000a7900000, 0x00000000a7900000, 0x00000000a7a00000|  0%| F|  |TAMS 0x00000000a7900000, 0x00000000a7900000| Untracked 
| 634|0x00000000a7a00000, 0x00000000a7a00000, 0x00000000a7b00000|  0%| F|  |TAMS 0x00000000a7a00000, 0x00000000a7a00000| Untracked 
| 635|0x00000000a7b00000, 0x00000000a7b00000, 0x00000000a7c00000|  0%| F|  |TAMS 0x00000000a7b00000, 0x00000000a7b00000| Untracked 
| 636|0x00000000a7c00000, 0x00000000a7c00000, 0x00000000a7d00000|  0%| F|  |TAMS 0x00000000a7c00000, 0x00000000a7c00000| Untracked 
| 637|0x00000000a7d00000, 0x00000000a7d00000, 0x00000000a7e00000|  0%| F|  |TAMS 0x00000000a7d00000, 0x00000000a7d00000| Untracked 
| 638|0x00000000a7e00000, 0x00000000a7e00000, 0x00000000a7f00000|  0%| F|  |TAMS 0x00000000a7e00000, 0x00000000a7e00000| Untracked 
| 639|0x00000000a7f00000, 0x00000000a7f00000, 0x00000000a8000000|  0%| F|  |TAMS 0x00000000a7f00000, 0x00000000a7f00000| Untracked 
| 640|0x00000000a8000000, 0x00000000a8000000, 0x00000000a8100000|  0%| F|  |TAMS 0x00000000a8000000, 0x00000000a8000000| Untracked 
| 641|0x00000000a8100000, 0x00000000a8100000, 0x00000000a8200000|  0%| F|  |TAMS 0x00000000a8100000, 0x00000000a8100000| Untracked 
| 642|0x00000000a8200000, 0x00000000a8200000, 0x00000000a8300000|  0%| F|  |TAMS 0x00000000a8200000, 0x00000000a8200000| Untracked 
| 643|0x00000000a8300000, 0x00000000a8300000, 0x00000000a8400000|  0%| F|  |TAMS 0x00000000a8300000, 0x00000000a8300000| Untracked 
| 644|0x00000000a8400000, 0x00000000a8400000, 0x00000000a8500000|  0%| F|  |TAMS 0x00000000a8400000, 0x00000000a8400000| Untracked 
| 645|0x00000000a8500000, 0x00000000a8500000, 0x00000000a8600000|  0%| F|  |TAMS 0x00000000a8500000, 0x00000000a8500000| Untracked 
| 646|0x00000000a8600000, 0x00000000a8600000, 0x00000000a8700000|  0%| F|  |TAMS 0x00000000a8600000, 0x00000000a8600000| Untracked 
| 647|0x00000000a8700000, 0x00000000a8700000, 0x00000000a8800000|  0%| F|  |TAMS 0x00000000a8700000, 0x00000000a8700000| Untracked 
| 648|0x00000000a8800000, 0x00000000a8800000, 0x00000000a8900000|  0%| F|  |TAMS 0x00000000a8800000, 0x00000000a8800000| Untracked 
| 649|0x00000000a8900000, 0x00000000a8900000, 0x00000000a8a00000|  0%| F|  |TAMS 0x00000000a8900000, 0x00000000a8900000| Untracked 
| 650|0x00000000a8a00000, 0x00000000a8a00000, 0x00000000a8b00000|  0%| F|  |TAMS 0x00000000a8a00000, 0x00000000a8a00000| Untracked 
| 651|0x00000000a8b00000, 0x00000000a8b00000, 0x00000000a8c00000|  0%| F|  |TAMS 0x00000000a8b00000, 0x00000000a8b00000| Untracked 
| 652|0x00000000a8c00000, 0x00000000a8c00000, 0x00000000a8d00000|  0%| F|  |TAMS 0x00000000a8c00000, 0x00000000a8c00000| Untracked 
| 653|0x00000000a8d00000, 0x00000000a8d00000, 0x00000000a8e00000|  0%| F|  |TAMS 0x00000000a8d00000, 0x00000000a8d00000| Untracked 
| 654|0x00000000a8e00000, 0x00000000a8e00000, 0x00000000a8f00000|  0%| F|  |TAMS 0x00000000a8e00000, 0x00000000a8e00000| Untracked 
| 655|0x00000000a8f00000, 0x00000000a8f00000, 0x00000000a9000000|  0%| F|  |TAMS 0x00000000a8f00000, 0x00000000a8f00000| Untracked 
| 656|0x00000000a9000000, 0x00000000a9000000, 0x00000000a9100000|  0%| F|  |TAMS 0x00000000a9000000, 0x00000000a9000000| Untracked 
| 657|0x00000000a9100000, 0x00000000a9100000, 0x00000000a9200000|  0%| F|  |TAMS 0x00000000a9100000, 0x00000000a9100000| Untracked 
| 658|0x00000000a9200000, 0x00000000a9200000, 0x00000000a9300000|  0%| F|  |TAMS 0x00000000a9200000, 0x00000000a9200000| Untracked 
| 659|0x00000000a9300000, 0x00000000a9300000, 0x00000000a9400000|  0%| F|  |TAMS 0x00000000a9300000, 0x00000000a9300000| Untracked 
| 660|0x00000000a9400000, 0x00000000a9400000, 0x00000000a9500000|  0%| F|  |TAMS 0x00000000a9400000, 0x00000000a9400000| Untracked 
| 661|0x00000000a9500000, 0x00000000a9500000, 0x00000000a9600000|  0%| F|  |TAMS 0x00000000a9500000, 0x00000000a9500000| Untracked 
| 662|0x00000000a9600000, 0x00000000a9600000, 0x00000000a9700000|  0%| F|  |TAMS 0x00000000a9600000, 0x00000000a9600000| Untracked 
| 663|0x00000000a9700000, 0x00000000a9700000, 0x00000000a9800000|  0%| F|  |TAMS 0x00000000a9700000, 0x00000000a9700000| Untracked 
| 664|0x00000000a9800000, 0x00000000a9800000, 0x00000000a9900000|  0%| F|  |TAMS 0x00000000a9800000, 0x00000000a9800000| Untracked 
| 665|0x00000000a9900000, 0x00000000a9900000, 0x00000000a9a00000|  0%| F|  |TAMS 0x00000000a9900000, 0x00000000a9900000| Untracked 
| 666|0x00000000a9a00000, 0x00000000a9a00000, 0x00000000a9b00000|  0%| F|  |TAMS 0x00000000a9a00000, 0x00000000a9a00000| Untracked 
| 667|0x00000000a9b00000, 0x00000000a9b00000, 0x00000000a9c00000|  0%| F|  |TAMS 0x00000000a9b00000, 0x00000000a9b00000| Untracked 
| 668|0x00000000a9c00000, 0x00000000a9c00000, 0x00000000a9d00000|  0%| F|  |TAMS 0x00000000a9c00000, 0x00000000a9c00000| Untracked 
| 669|0x00000000a9d00000, 0x00000000a9d00000, 0x00000000a9e00000|  0%| F|  |TAMS 0x00000000a9d00000, 0x00000000a9d00000| Untracked 
| 670|0x00000000a9e00000, 0x00000000a9e00000, 0x00000000a9f00000|  0%| F|  |TAMS 0x00000000a9e00000, 0x00000000a9e00000| Untracked 
| 671|0x00000000a9f00000, 0x00000000a9f00000, 0x00000000aa000000|  0%| F|  |TAMS 0x00000000a9f00000, 0x00000000a9f00000| Untracked 
| 672|0x00000000aa000000, 0x00000000aa000000, 0x00000000aa100000|  0%| F|  |TAMS 0x00000000aa000000, 0x00000000aa000000| Untracked 
| 673|0x00000000aa100000, 0x00000000aa100000, 0x00000000aa200000|  0%| F|  |TAMS 0x00000000aa100000, 0x00000000aa100000| Untracked 
| 674|0x00000000aa200000, 0x00000000aa200000, 0x00000000aa300000|  0%| F|  |TAMS 0x00000000aa200000, 0x00000000aa200000| Untracked 
| 675|0x00000000aa300000, 0x00000000aa300000, 0x00000000aa400000|  0%| F|  |TAMS 0x00000000aa300000, 0x00000000aa300000| Untracked 
| 676|0x00000000aa400000, 0x00000000aa400000, 0x00000000aa500000|  0%| F|  |TAMS 0x00000000aa400000, 0x00000000aa400000| Untracked 
| 677|0x00000000aa500000, 0x00000000aa500000, 0x00000000aa600000|  0%| F|  |TAMS 0x00000000aa500000, 0x00000000aa500000| Untracked 
| 678|0x00000000aa600000, 0x00000000aa600000, 0x00000000aa700000|  0%| F|  |TAMS 0x00000000aa600000, 0x00000000aa600000| Untracked 
| 679|0x00000000aa700000, 0x00000000aa700000, 0x00000000aa800000|  0%| F|  |TAMS 0x00000000aa700000, 0x00000000aa700000| Untracked 
| 680|0x00000000aa800000, 0x00000000aa800000, 0x00000000aa900000|  0%| F|  |TAMS 0x00000000aa800000, 0x00000000aa800000| Untracked 
| 681|0x00000000aa900000, 0x00000000aa900000, 0x00000000aaa00000|  0%| F|  |TAMS 0x00000000aa900000, 0x00000000aa900000| Untracked 
| 682|0x00000000aaa00000, 0x00000000aaa00000, 0x00000000aab00000|  0%| F|  |TAMS 0x00000000aaa00000, 0x00000000aaa00000| Untracked 
| 683|0x00000000aab00000, 0x00000000aab00000, 0x00000000aac00000|  0%| F|  |TAMS 0x00000000aab00000, 0x00000000aab00000| Untracked 
| 684|0x00000000aac00000, 0x00000000aac00000, 0x00000000aad00000|  0%| F|  |TAMS 0x00000000aac00000, 0x00000000aac00000| Untracked 
| 685|0x00000000aad00000, 0x00000000aad00000, 0x00000000aae00000|  0%| F|  |TAMS 0x00000000aad00000, 0x00000000aad00000| Untracked 
| 686|0x00000000aae00000, 0x00000000aae00000, 0x00000000aaf00000|  0%| F|  |TAMS 0x00000000aae00000, 0x00000000aae00000| Untracked 
| 687|0x00000000aaf00000, 0x00000000aaf00000, 0x00000000ab000000|  0%| F|  |TAMS 0x00000000aaf00000, 0x00000000aaf00000| Untracked 
| 688|0x00000000ab000000, 0x00000000ab000000, 0x00000000ab100000|  0%| F|  |TAMS 0x00000000ab000000, 0x00000000ab000000| Untracked 
| 689|0x00000000ab100000, 0x00000000ab100000, 0x00000000ab200000|  0%| F|  |TAMS 0x00000000ab100000, 0x00000000ab100000| Untracked 
| 690|0x00000000ab200000, 0x00000000ab200000, 0x00000000ab300000|  0%| F|  |TAMS 0x00000000ab200000, 0x00000000ab200000| Untracked 
| 691|0x00000000ab300000, 0x00000000ab300000, 0x00000000ab400000|  0%| F|  |TAMS 0x00000000ab300000, 0x00000000ab300000| Untracked 
| 692|0x00000000ab400000, 0x00000000ab400000, 0x00000000ab500000|  0%| F|  |TAMS 0x00000000ab400000, 0x00000000ab400000| Untracked 
| 693|0x00000000ab500000, 0x00000000ab500000, 0x00000000ab600000|  0%| F|  |TAMS 0x00000000ab500000, 0x00000000ab500000| Untracked 
| 694|0x00000000ab600000, 0x00000000ab600000, 0x00000000ab700000|  0%| F|  |TAMS 0x00000000ab600000, 0x00000000ab600000| Untracked 
| 695|0x00000000ab700000, 0x00000000ab700000, 0x00000000ab800000|  0%| F|  |TAMS 0x00000000ab700000, 0x00000000ab700000| Untracked 
| 696|0x00000000ab800000, 0x00000000ab800000, 0x00000000ab900000|  0%| F|  |TAMS 0x00000000ab800000, 0x00000000ab800000| Untracked 
| 697|0x00000000ab900000, 0x00000000ab900000, 0x00000000aba00000|  0%| F|  |TAMS 0x00000000ab900000, 0x00000000ab900000| Untracked 
| 698|0x00000000aba00000, 0x00000000aba00000, 0x00000000abb00000|  0%| F|  |TAMS 0x00000000aba00000, 0x00000000aba00000| Untracked 
| 699|0x00000000abb00000, 0x00000000abb00000, 0x00000000abc00000|  0%| F|  |TAMS 0x00000000abb00000, 0x00000000abb00000| Untracked 
| 700|0x00000000abc00000, 0x00000000abc00000, 0x00000000abd00000|  0%| F|  |TAMS 0x00000000abc00000, 0x00000000abc00000| Untracked 
| 701|0x00000000abd00000, 0x00000000abd00000, 0x00000000abe00000|  0%| F|  |TAMS 0x00000000abd00000, 0x00000000abd00000| Untracked 
| 702|0x00000000abe00000, 0x00000000abe00000, 0x00000000abf00000|  0%| F|  |TAMS 0x00000000abe00000, 0x00000000abe00000| Untracked 
| 703|0x00000000abf00000, 0x00000000abf00000, 0x00000000ac000000|  0%| F|  |TAMS 0x00000000abf00000, 0x00000000abf00000| Untracked 
| 704|0x00000000ac000000, 0x00000000ac000000, 0x00000000ac100000|  0%| F|  |TAMS 0x00000000ac000000, 0x00000000ac000000| Untracked 
| 705|0x00000000ac100000, 0x00000000ac100000, 0x00000000ac200000|  0%| F|  |TAMS 0x00000000ac100000, 0x00000000ac100000| Untracked 
| 706|0x00000000ac200000, 0x00000000ac200000, 0x00000000ac300000|  0%| F|  |TAMS 0x00000000ac200000, 0x00000000ac200000| Untracked 
| 707|0x00000000ac300000, 0x00000000ac300000, 0x00000000ac400000|  0%| F|  |TAMS 0x00000000ac300000, 0x00000000ac300000| Untracked 
| 708|0x00000000ac400000, 0x00000000ac4c8200, 0x00000000ac500000| 78%| S|CS|TAMS 0x00000000ac400000, 0x00000000ac400000| Complete 
| 709|0x00000000ac500000, 0x00000000ac600000, 0x00000000ac600000|100%| S|CS|TAMS 0x00000000ac500000, 0x00000000ac500000| Complete 
| 710|0x00000000ac600000, 0x00000000ac700000, 0x00000000ac700000|100%| S|CS|TAMS 0x00000000ac600000, 0x00000000ac600000| Complete 
| 711|0x00000000ac700000, 0x00000000ac800000, 0x00000000ac800000|100%| S|CS|TAMS 0x00000000ac700000, 0x00000000ac700000| Complete 
| 712|0x00000000ac800000, 0x00000000ac900000, 0x00000000ac900000|100%| S|CS|TAMS 0x00000000ac800000, 0x00000000ac800000| Complete 
| 713|0x00000000ac900000, 0x00000000aca00000, 0x00000000aca00000|100%| S|CS|TAMS 0x00000000ac900000, 0x00000000ac900000| Complete 
| 714|0x00000000aca00000, 0x00000000acb00000, 0x00000000acb00000|100%| S|CS|TAMS 0x00000000aca00000, 0x00000000aca00000| Complete 
| 715|0x00000000acb00000, 0x00000000acc00000, 0x00000000acc00000|100%| S|CS|TAMS 0x00000000acb00000, 0x00000000acb00000| Complete 
| 716|0x00000000acc00000, 0x00000000acd00000, 0x00000000acd00000|100%| S|CS|TAMS 0x00000000acc00000, 0x00000000acc00000| Complete 
| 717|0x00000000acd00000, 0x00000000ace00000, 0x00000000ace00000|100%| S|CS|TAMS 0x00000000acd00000, 0x00000000acd00000| Complete 
| 718|0x00000000ace00000, 0x00000000acf00000, 0x00000000acf00000|100%| S|CS|TAMS 0x00000000ace00000, 0x00000000ace00000| Complete 
| 719|0x00000000acf00000, 0x00000000ad000000, 0x00000000ad000000|100%| S|CS|TAMS 0x00000000acf00000, 0x00000000acf00000| Complete 
| 720|0x00000000ad000000, 0x00000000ad100000, 0x00000000ad100000|100%| S|CS|TAMS 0x00000000ad000000, 0x00000000ad000000| Complete 
| 721|0x00000000ad100000, 0x00000000ad200000, 0x00000000ad200000|100%| S|CS|TAMS 0x00000000ad100000, 0x00000000ad100000| Complete 
| 722|0x00000000ad200000, 0x00000000ad300000, 0x00000000ad300000|100%| S|CS|TAMS 0x00000000ad200000, 0x00000000ad200000| Complete 
| 723|0x00000000ad300000, 0x00000000ad400000, 0x00000000ad400000|100%| S|CS|TAMS 0x00000000ad300000, 0x00000000ad300000| Complete 
| 724|0x00000000ad400000, 0x00000000ad500000, 0x00000000ad500000|100%| S|CS|TAMS 0x00000000ad400000, 0x00000000ad400000| Complete 
| 725|0x00000000ad500000, 0x00000000ad600000, 0x00000000ad600000|100%| S|CS|TAMS 0x00000000ad500000, 0x00000000ad500000| Complete 
| 726|0x00000000ad600000, 0x00000000ad700000, 0x00000000ad700000|100%| S|CS|TAMS 0x00000000ad600000, 0x00000000ad600000| Complete 
| 727|0x00000000ad700000, 0x00000000ad800000, 0x00000000ad800000|100%| S|CS|TAMS 0x00000000ad700000, 0x00000000ad700000| Complete 
| 728|0x00000000ad800000, 0x00000000ad900000, 0x00000000ad900000|100%| S|CS|TAMS 0x00000000ad800000, 0x00000000ad800000| Complete 
| 729|0x00000000ad900000, 0x00000000ada00000, 0x00000000ada00000|100%| S|CS|TAMS 0x00000000ad900000, 0x00000000ad900000| Complete 
| 730|0x00000000ada00000, 0x00000000adb00000, 0x00000000adb00000|100%| S|CS|TAMS 0x00000000ada00000, 0x00000000ada00000| Complete 
| 731|0x00000000adb00000, 0x00000000adb00000, 0x00000000adc00000|  0%| F|  |TAMS 0x00000000adb00000, 0x00000000adb00000| Untracked 
| 732|0x00000000adc00000, 0x00000000adc79268, 0x00000000add00000| 47%| E|  |TAMS 0x00000000adc00000, 0x00000000adc00000| Complete 
| 733|0x00000000add00000, 0x00000000ade00000, 0x00000000ade00000|100%| E|CS|TAMS 0x00000000add00000, 0x00000000add00000| Complete 
| 734|0x00000000ade00000, 0x00000000adf00000, 0x00000000adf00000|100%| E|CS|TAMS 0x00000000ade00000, 0x00000000ade00000| Complete 
| 735|0x00000000adf00000, 0x00000000ae000000, 0x00000000ae000000|100%| E|CS|TAMS 0x00000000adf00000, 0x00000000adf00000| Complete 
| 736|0x00000000ae000000, 0x00000000ae100000, 0x00000000ae100000|100%| E|CS|TAMS 0x00000000ae000000, 0x00000000ae000000| Complete 
| 737|0x00000000ae100000, 0x00000000ae200000, 0x00000000ae200000|100%| E|CS|TAMS 0x00000000ae100000, 0x00000000ae100000| Complete 
| 738|0x00000000ae200000, 0x00000000ae300000, 0x00000000ae300000|100%| E|CS|TAMS 0x00000000ae200000, 0x00000000ae200000| Complete 
| 739|0x00000000ae300000, 0x00000000ae400000, 0x00000000ae400000|100%| E|CS|TAMS 0x00000000ae300000, 0x00000000ae300000| Complete 
| 740|0x00000000ae400000, 0x00000000ae500000, 0x00000000ae500000|100%| E|CS|TAMS 0x00000000ae400000, 0x00000000ae400000| Complete 
| 741|0x00000000ae500000, 0x00000000ae600000, 0x00000000ae600000|100%| E|CS|TAMS 0x00000000ae500000, 0x00000000ae500000| Complete 
| 742|0x00000000ae600000, 0x00000000ae700000, 0x00000000ae700000|100%| E|CS|TAMS 0x00000000ae600000, 0x00000000ae600000| Complete 
| 743|0x00000000ae700000, 0x00000000ae800000, 0x00000000ae800000|100%| E|CS|TAMS 0x00000000ae700000, 0x00000000ae700000| Complete 
| 744|0x00000000ae800000, 0x00000000ae900000, 0x00000000ae900000|100%| E|CS|TAMS 0x00000000ae800000, 0x00000000ae800000| Complete 
| 745|0x00000000ae900000, 0x00000000aea00000, 0x00000000aea00000|100%| E|CS|TAMS 0x00000000ae900000, 0x00000000ae900000| Complete 
| 746|0x00000000aea00000, 0x00000000aeb00000, 0x00000000aeb00000|100%| E|CS|TAMS 0x00000000aea00000, 0x00000000aea00000| Complete 
| 747|0x00000000aeb00000, 0x00000000aec00000, 0x00000000aec00000|100%| E|CS|TAMS 0x00000000aeb00000, 0x00000000aeb00000| Complete 
| 748|0x00000000aec00000, 0x00000000aed00000, 0x00000000aed00000|100%| E|CS|TAMS 0x00000000aec00000, 0x00000000aec00000| Complete 
| 749|0x00000000aed00000, 0x00000000aee00000, 0x00000000aee00000|100%| E|CS|TAMS 0x00000000aed00000, 0x00000000aed00000| Complete 
| 750|0x00000000aee00000, 0x00000000aef00000, 0x00000000aef00000|100%| E|CS|TAMS 0x00000000aee00000, 0x00000000aee00000| Complete 
| 751|0x00000000aef00000, 0x00000000af000000, 0x00000000af000000|100%| E|CS|TAMS 0x00000000aef00000, 0x00000000aef00000| Complete 
| 752|0x00000000af000000, 0x00000000af100000, 0x00000000af100000|100%| E|CS|TAMS 0x00000000af000000, 0x00000000af000000| Complete 
| 753|0x00000000af100000, 0x00000000af200000, 0x00000000af200000|100%| E|CS|TAMS 0x00000000af100000, 0x00000000af100000| Complete 
| 754|0x00000000af200000, 0x00000000af300000, 0x00000000af300000|100%| E|CS|TAMS 0x00000000af200000, 0x00000000af200000| Complete 
| 755|0x00000000af300000, 0x00000000af400000, 0x00000000af400000|100%| E|CS|TAMS 0x00000000af300000, 0x00000000af300000| Complete 
| 756|0x00000000af400000, 0x00000000af500000, 0x00000000af500000|100%| E|CS|TAMS 0x00000000af400000, 0x00000000af400000| Complete 
| 757|0x00000000af500000, 0x00000000af600000, 0x00000000af600000|100%| E|CS|TAMS 0x00000000af500000, 0x00000000af500000| Complete 
| 758|0x00000000af600000, 0x00000000af700000, 0x00000000af700000|100%| E|CS|TAMS 0x00000000af600000, 0x00000000af600000| Complete 
| 759|0x00000000af700000, 0x00000000af800000, 0x00000000af800000|100%| E|CS|TAMS 0x00000000af700000, 0x00000000af700000| Complete 
| 760|0x00000000af800000, 0x00000000af900000, 0x00000000af900000|100%| E|CS|TAMS 0x00000000af800000, 0x00000000af800000| Complete 
| 761|0x00000000af900000, 0x00000000afa00000, 0x00000000afa00000|100%| E|CS|TAMS 0x00000000af900000, 0x00000000af900000| Complete 
| 762|0x00000000afa00000, 0x00000000afb00000, 0x00000000afb00000|100%| E|CS|TAMS 0x00000000afa00000, 0x00000000afa00000| Complete 
| 763|0x00000000afb00000, 0x00000000afc00000, 0x00000000afc00000|100%| E|CS|TAMS 0x00000000afb00000, 0x00000000afb00000| Complete 
| 764|0x00000000afc00000, 0x00000000afd00000, 0x00000000afd00000|100%| E|CS|TAMS 0x00000000afc00000, 0x00000000afc00000| Complete 
| 765|0x00000000afd00000, 0x00000000afe00000, 0x00000000afe00000|100%| E|CS|TAMS 0x00000000afd00000, 0x00000000afd00000| Complete 
| 766|0x00000000afe00000, 0x00000000aff00000, 0x00000000aff00000|100%| E|CS|TAMS 0x00000000afe00000, 0x00000000afe00000| Complete 
| 767|0x00000000aff00000, 0x00000000b0000000, 0x00000000b0000000|100%| E|CS|TAMS 0x00000000aff00000, 0x00000000aff00000| Complete 
| 768|0x00000000b0000000, 0x00000000b0100000, 0x00000000b0100000|100%| E|CS|TAMS 0x00000000b0000000, 0x00000000b0000000| Complete 
| 769|0x00000000b0100000, 0x00000000b0200000, 0x00000000b0200000|100%| E|CS|TAMS 0x00000000b0100000, 0x00000000b0100000| Complete 
| 770|0x00000000b0200000, 0x00000000b0300000, 0x00000000b0300000|100%| E|CS|TAMS 0x00000000b0200000, 0x00000000b0200000| Complete 
| 771|0x00000000b0300000, 0x00000000b0400000, 0x00000000b0400000|100%| E|CS|TAMS 0x00000000b0300000, 0x00000000b0300000| Complete 
| 772|0x00000000b0400000, 0x00000000b0500000, 0x00000000b0500000|100%| E|CS|TAMS 0x00000000b0400000, 0x00000000b0400000| Complete 
| 773|0x00000000b0500000, 0x00000000b0600000, 0x00000000b0600000|100%| E|CS|TAMS 0x00000000b0500000, 0x00000000b0500000| Complete 
| 774|0x00000000b0600000, 0x00000000b0700000, 0x00000000b0700000|100%| E|CS|TAMS 0x00000000b0600000, 0x00000000b0600000| Complete 
| 775|0x00000000b0700000, 0x00000000b0800000, 0x00000000b0800000|100%| E|CS|TAMS 0x00000000b0700000, 0x00000000b0700000| Complete 
| 776|0x00000000b0800000, 0x00000000b0900000, 0x00000000b0900000|100%| E|CS|TAMS 0x00000000b0800000, 0x00000000b0800000| Complete 
| 777|0x00000000b0900000, 0x00000000b0a00000, 0x00000000b0a00000|100%| E|CS|TAMS 0x00000000b0900000, 0x00000000b0900000| Complete 
| 778|0x00000000b0a00000, 0x00000000b0b00000, 0x00000000b0b00000|100%| E|CS|TAMS 0x00000000b0a00000, 0x00000000b0a00000| Complete 
| 779|0x00000000b0b00000, 0x00000000b0c00000, 0x00000000b0c00000|100%| E|CS|TAMS 0x00000000b0b00000, 0x00000000b0b00000| Complete 
| 780|0x00000000b0c00000, 0x00000000b0d00000, 0x00000000b0d00000|100%| E|CS|TAMS 0x00000000b0c00000, 0x00000000b0c00000| Complete 
| 781|0x00000000b0d00000, 0x00000000b0e00000, 0x00000000b0e00000|100%| E|CS|TAMS 0x00000000b0d00000, 0x00000000b0d00000| Complete 
| 782|0x00000000b0e00000, 0x00000000b0f00000, 0x00000000b0f00000|100%| E|CS|TAMS 0x00000000b0e00000, 0x00000000b0e00000| Complete 
| 783|0x00000000b0f00000, 0x00000000b1000000, 0x00000000b1000000|100%| E|CS|TAMS 0x00000000b0f00000, 0x00000000b0f00000| Complete 
| 784|0x00000000b1000000, 0x00000000b1100000, 0x00000000b1100000|100%| E|CS|TAMS 0x00000000b1000000, 0x00000000b1000000| Complete 
| 785|0x00000000b1100000, 0x00000000b1200000, 0x00000000b1200000|100%| E|CS|TAMS 0x00000000b1100000, 0x00000000b1100000| Complete 
| 786|0x00000000b1200000, 0x00000000b1300000, 0x00000000b1300000|100%| E|CS|TAMS 0x00000000b1200000, 0x00000000b1200000| Complete 
| 787|0x00000000b1300000, 0x00000000b1400000, 0x00000000b1400000|100%| E|CS|TAMS 0x00000000b1300000, 0x00000000b1300000| Complete 
| 788|0x00000000b1400000, 0x00000000b1500000, 0x00000000b1500000|100%| E|CS|TAMS 0x00000000b1400000, 0x00000000b1400000| Complete 
| 789|0x00000000b1500000, 0x00000000b1600000, 0x00000000b1600000|100%| E|CS|TAMS 0x00000000b1500000, 0x00000000b1500000| Complete 
| 790|0x00000000b1600000, 0x00000000b1700000, 0x00000000b1700000|100%| E|CS|TAMS 0x00000000b1600000, 0x00000000b1600000| Complete 
| 791|0x00000000b1700000, 0x00000000b1800000, 0x00000000b1800000|100%| E|CS|TAMS 0x00000000b1700000, 0x00000000b1700000| Complete 
| 792|0x00000000b1800000, 0x00000000b1900000, 0x00000000b1900000|100%| E|CS|TAMS 0x00000000b1800000, 0x00000000b1800000| Complete 
| 793|0x00000000b1900000, 0x00000000b1a00000, 0x00000000b1a00000|100%| E|CS|TAMS 0x00000000b1900000, 0x00000000b1900000| Complete 
| 794|0x00000000b1a00000, 0x00000000b1b00000, 0x00000000b1b00000|100%| E|CS|TAMS 0x00000000b1a00000, 0x00000000b1a00000| Complete 
| 795|0x00000000b1b00000, 0x00000000b1c00000, 0x00000000b1c00000|100%| E|CS|TAMS 0x00000000b1b00000, 0x00000000b1b00000| Complete 
| 796|0x00000000b1c00000, 0x00000000b1d00000, 0x00000000b1d00000|100%| E|CS|TAMS 0x00000000b1c00000, 0x00000000b1c00000| Complete 
| 797|0x00000000b1d00000, 0x00000000b1e00000, 0x00000000b1e00000|100%| E|CS|TAMS 0x00000000b1d00000, 0x00000000b1d00000| Complete 
| 798|0x00000000b1e00000, 0x00000000b1f00000, 0x00000000b1f00000|100%| E|CS|TAMS 0x00000000b1e00000, 0x00000000b1e00000| Complete 
| 799|0x00000000b1f00000, 0x00000000b2000000, 0x00000000b2000000|100%| E|CS|TAMS 0x00000000b1f00000, 0x00000000b1f00000| Complete 
| 800|0x00000000b2000000, 0x00000000b2100000, 0x00000000b2100000|100%| E|CS|TAMS 0x00000000b2000000, 0x00000000b2000000| Complete 
| 801|0x00000000b2100000, 0x00000000b2200000, 0x00000000b2200000|100%| E|CS|TAMS 0x00000000b2100000, 0x00000000b2100000| Complete 
| 802|0x00000000b2200000, 0x00000000b2300000, 0x00000000b2300000|100%| E|CS|TAMS 0x00000000b2200000, 0x00000000b2200000| Complete 
| 803|0x00000000b2300000, 0x00000000b2400000, 0x00000000b2400000|100%| E|  |TAMS 0x00000000b2300000, 0x00000000b2300000| Complete 
| 804|0x00000000b2400000, 0x00000000b2500000, 0x00000000b2500000|100%| E|CS|TAMS 0x00000000b2400000, 0x00000000b2400000| Complete 
| 805|0x00000000b2500000, 0x00000000b2600000, 0x00000000b2600000|100%| E|CS|TAMS 0x00000000b2500000, 0x00000000b2500000| Complete 
| 806|0x00000000b2600000, 0x00000000b2700000, 0x00000000b2700000|100%| E|CS|TAMS 0x00000000b2600000, 0x00000000b2600000| Complete 
| 807|0x00000000b2700000, 0x00000000b2800000, 0x00000000b2800000|100%| E|CS|TAMS 0x00000000b2700000, 0x00000000b2700000| Complete 
| 808|0x00000000b2800000, 0x00000000b2900000, 0x00000000b2900000|100%| E|CS|TAMS 0x00000000b2800000, 0x00000000b2800000| Complete 
| 809|0x00000000b2900000, 0x00000000b2a00000, 0x00000000b2a00000|100%| E|CS|TAMS 0x00000000b2900000, 0x00000000b2900000| Complete 
| 810|0x00000000b2a00000, 0x00000000b2b00000, 0x00000000b2b00000|100%| E|CS|TAMS 0x00000000b2a00000, 0x00000000b2a00000| Complete 
| 811|0x00000000b2b00000, 0x00000000b2c00000, 0x00000000b2c00000|100%| E|CS|TAMS 0x00000000b2b00000, 0x00000000b2b00000| Complete 
| 812|0x00000000b2c00000, 0x00000000b2d00000, 0x00000000b2d00000|100%| E|CS|TAMS 0x00000000b2c00000, 0x00000000b2c00000| Complete 
| 813|0x00000000b2d00000, 0x00000000b2e00000, 0x00000000b2e00000|100%| E|CS|TAMS 0x00000000b2d00000, 0x00000000b2d00000| Complete 
| 814|0x00000000b2e00000, 0x00000000b2f00000, 0x00000000b2f00000|100%| E|CS|TAMS 0x00000000b2e00000, 0x00000000b2e00000| Complete 
| 815|0x00000000b2f00000, 0x00000000b3000000, 0x00000000b3000000|100%| E|CS|TAMS 0x00000000b2f00000, 0x00000000b2f00000| Complete 
| 816|0x00000000b3000000, 0x00000000b3100000, 0x00000000b3100000|100%| E|CS|TAMS 0x00000000b3000000, 0x00000000b3000000| Complete 
| 817|0x00000000b3100000, 0x00000000b3200000, 0x00000000b3200000|100%| E|CS|TAMS 0x00000000b3100000, 0x00000000b3100000| Complete 
| 818|0x00000000b3200000, 0x00000000b3300000, 0x00000000b3300000|100%| E|CS|TAMS 0x00000000b3200000, 0x00000000b3200000| Complete 
| 819|0x00000000b3300000, 0x00000000b3400000, 0x00000000b3400000|100%| E|CS|TAMS 0x00000000b3300000, 0x00000000b3300000| Complete 
| 820|0x00000000b3400000, 0x00000000b3500000, 0x00000000b3500000|100%| E|CS|TAMS 0x00000000b3400000, 0x00000000b3400000| Complete 
| 821|0x00000000b3500000, 0x00000000b3600000, 0x00000000b3600000|100%| E|CS|TAMS 0x00000000b3500000, 0x00000000b3500000| Complete 
| 822|0x00000000b3600000, 0x00000000b3700000, 0x00000000b3700000|100%| E|CS|TAMS 0x00000000b3600000, 0x00000000b3600000| Complete 
| 823|0x00000000b3700000, 0x00000000b3800000, 0x00000000b3800000|100%| E|CS|TAMS 0x00000000b3700000, 0x00000000b3700000| Complete 
| 824|0x00000000b3800000, 0x00000000b3900000, 0x00000000b3900000|100%| E|CS|TAMS 0x00000000b3800000, 0x00000000b3800000| Complete 
| 825|0x00000000b3900000, 0x00000000b3a00000, 0x00000000b3a00000|100%| E|CS|TAMS 0x00000000b3900000, 0x00000000b3900000| Complete 
| 826|0x00000000b3a00000, 0x00000000b3b00000, 0x00000000b3b00000|100%| E|CS|TAMS 0x00000000b3a00000, 0x00000000b3a00000| Complete 
| 827|0x00000000b3b00000, 0x00000000b3c00000, 0x00000000b3c00000|100%| E|CS|TAMS 0x00000000b3b00000, 0x00000000b3b00000| Complete 
| 828|0x00000000b3c00000, 0x00000000b3d00000, 0x00000000b3d00000|100%| E|CS|TAMS 0x00000000b3c00000, 0x00000000b3c00000| Complete 
| 829|0x00000000b3d00000, 0x00000000b3e00000, 0x00000000b3e00000|100%| E|CS|TAMS 0x00000000b3d00000, 0x00000000b3d00000| Complete 
| 830|0x00000000b3e00000, 0x00000000b3f00000, 0x00000000b3f00000|100%| E|CS|TAMS 0x00000000b3e00000, 0x00000000b3e00000| Complete 
| 831|0x00000000b3f00000, 0x00000000b4000000, 0x00000000b4000000|100%| E|CS|TAMS 0x00000000b3f00000, 0x00000000b3f00000| Complete 
| 832|0x00000000b4000000, 0x00000000b4100000, 0x00000000b4100000|100%| E|CS|TAMS 0x00000000b4000000, 0x00000000b4000000| Complete 
| 833|0x00000000b4100000, 0x00000000b4200000, 0x00000000b4200000|100%| E|CS|TAMS 0x00000000b4100000, 0x00000000b4100000| Complete 
| 834|0x00000000b4200000, 0x00000000b4300000, 0x00000000b4300000|100%| E|CS|TAMS 0x00000000b4200000, 0x00000000b4200000| Complete 
| 835|0x00000000b4300000, 0x00000000b4400000, 0x00000000b4400000|100%| E|CS|TAMS 0x00000000b4300000, 0x00000000b4300000| Complete 
| 836|0x00000000b4400000, 0x00000000b4500000, 0x00000000b4500000|100%| E|CS|TAMS 0x00000000b4400000, 0x00000000b4400000| Complete 
| 837|0x00000000b4500000, 0x00000000b4600000, 0x00000000b4600000|100%| E|CS|TAMS 0x00000000b4500000, 0x00000000b4500000| Complete 
| 838|0x00000000b4600000, 0x00000000b4700000, 0x00000000b4700000|100%| E|CS|TAMS 0x00000000b4600000, 0x00000000b4600000| Complete 
| 839|0x00000000b4700000, 0x00000000b4800000, 0x00000000b4800000|100%| E|CS|TAMS 0x00000000b4700000, 0x00000000b4700000| Complete 
| 840|0x00000000b4800000, 0x00000000b4900000, 0x00000000b4900000|100%| E|CS|TAMS 0x00000000b4800000, 0x00000000b4800000| Complete 
| 841|0x00000000b4900000, 0x00000000b4a00000, 0x00000000b4a00000|100%| E|CS|TAMS 0x00000000b4900000, 0x00000000b4900000| Complete 
| 842|0x00000000b4a00000, 0x00000000b4b00000, 0x00000000b4b00000|100%| E|CS|TAMS 0x00000000b4a00000, 0x00000000b4a00000| Complete 
| 843|0x00000000b4b00000, 0x00000000b4c00000, 0x00000000b4c00000|100%| E|CS|TAMS 0x00000000b4b00000, 0x00000000b4b00000| Complete 
| 844|0x00000000b4c00000, 0x00000000b4d00000, 0x00000000b4d00000|100%| E|CS|TAMS 0x00000000b4c00000, 0x00000000b4c00000| Complete 
| 845|0x00000000b4d00000, 0x00000000b4e00000, 0x00000000b4e00000|100%| E|CS|TAMS 0x00000000b4d00000, 0x00000000b4d00000| Complete 
| 846|0x00000000b4e00000, 0x00000000b4f00000, 0x00000000b4f00000|100%| E|CS|TAMS 0x00000000b4e00000, 0x00000000b4e00000| Complete 
| 847|0x00000000b4f00000, 0x00000000b5000000, 0x00000000b5000000|100%| E|CS|TAMS 0x00000000b4f00000, 0x00000000b4f00000| Complete 
| 848|0x00000000b5000000, 0x00000000b5100000, 0x00000000b5100000|100%| E|CS|TAMS 0x00000000b5000000, 0x00000000b5000000| Complete 
| 849|0x00000000b5100000, 0x00000000b5200000, 0x00000000b5200000|100%| E|CS|TAMS 0x00000000b5100000, 0x00000000b5100000| Complete 
| 850|0x00000000b5200000, 0x00000000b5300000, 0x00000000b5300000|100%| E|CS|TAMS 0x00000000b5200000, 0x00000000b5200000| Complete 
| 851|0x00000000b5300000, 0x00000000b5400000, 0x00000000b5400000|100%| E|CS|TAMS 0x00000000b5300000, 0x00000000b5300000| Complete 
| 852|0x00000000b5400000, 0x00000000b5500000, 0x00000000b5500000|100%| E|CS|TAMS 0x00000000b5400000, 0x00000000b5400000| Complete 
| 853|0x00000000b5500000, 0x00000000b5600000, 0x00000000b5600000|100%| E|CS|TAMS 0x00000000b5500000, 0x00000000b5500000| Complete 
| 854|0x00000000b5600000, 0x00000000b5700000, 0x00000000b5700000|100%| E|CS|TAMS 0x00000000b5600000, 0x00000000b5600000| Complete 
| 855|0x00000000b5700000, 0x00000000b5800000, 0x00000000b5800000|100%| E|CS|TAMS 0x00000000b5700000, 0x00000000b5700000| Complete 
| 856|0x00000000b5800000, 0x00000000b5900000, 0x00000000b5900000|100%| E|CS|TAMS 0x00000000b5800000, 0x00000000b5800000| Complete 
| 857|0x00000000b5900000, 0x00000000b5a00000, 0x00000000b5a00000|100%| E|CS|TAMS 0x00000000b5900000, 0x00000000b5900000| Complete 
| 858|0x00000000b5a00000, 0x00000000b5b00000, 0x00000000b5b00000|100%| E|CS|TAMS 0x00000000b5a00000, 0x00000000b5a00000| Complete 
| 859|0x00000000b5b00000, 0x00000000b5c00000, 0x00000000b5c00000|100%| E|CS|TAMS 0x00000000b5b00000, 0x00000000b5b00000| Complete 
| 860|0x00000000b5c00000, 0x00000000b5d00000, 0x00000000b5d00000|100%| E|CS|TAMS 0x00000000b5c00000, 0x00000000b5c00000| Complete 
| 861|0x00000000b5d00000, 0x00000000b5e00000, 0x00000000b5e00000|100%| E|CS|TAMS 0x00000000b5d00000, 0x00000000b5d00000| Complete 
| 862|0x00000000b5e00000, 0x00000000b5f00000, 0x00000000b5f00000|100%| E|CS|TAMS 0x00000000b5e00000, 0x00000000b5e00000| Complete 
| 863|0x00000000b5f00000, 0x00000000b6000000, 0x00000000b6000000|100%| E|CS|TAMS 0x00000000b5f00000, 0x00000000b5f00000| Complete 
| 864|0x00000000b6000000, 0x00000000b6100000, 0x00000000b6100000|100%| E|CS|TAMS 0x00000000b6000000, 0x00000000b6000000| Complete 
| 865|0x00000000b6100000, 0x00000000b6200000, 0x00000000b6200000|100%| E|CS|TAMS 0x00000000b6100000, 0x00000000b6100000| Complete 
| 866|0x00000000b6200000, 0x00000000b6300000, 0x00000000b6300000|100%| E|CS|TAMS 0x00000000b6200000, 0x00000000b6200000| Complete 
| 867|0x00000000b6300000, 0x00000000b6400000, 0x00000000b6400000|100%| E|CS|TAMS 0x00000000b6300000, 0x00000000b6300000| Complete 
| 868|0x00000000b6400000, 0x00000000b6500000, 0x00000000b6500000|100%| E|CS|TAMS 0x00000000b6400000, 0x00000000b6400000| Complete 
| 869|0x00000000b6500000, 0x00000000b6600000, 0x00000000b6600000|100%| E|CS|TAMS 0x00000000b6500000, 0x00000000b6500000| Complete 
| 870|0x00000000b6600000, 0x00000000b6700000, 0x00000000b6700000|100%| E|CS|TAMS 0x00000000b6600000, 0x00000000b6600000| Complete 
| 871|0x00000000b6700000, 0x00000000b6800000, 0x00000000b6800000|100%| E|CS|TAMS 0x00000000b6700000, 0x00000000b6700000| Complete 
| 872|0x00000000b6800000, 0x00000000b6900000, 0x00000000b6900000|100%| E|CS|TAMS 0x00000000b6800000, 0x00000000b6800000| Complete 
| 873|0x00000000b6900000, 0x00000000b6a00000, 0x00000000b6a00000|100%| E|CS|TAMS 0x00000000b6900000, 0x00000000b6900000| Complete 
| 874|0x00000000b6a00000, 0x00000000b6b00000, 0x00000000b6b00000|100%| E|CS|TAMS 0x00000000b6a00000, 0x00000000b6a00000| Complete 
| 875|0x00000000b6b00000, 0x00000000b6c00000, 0x00000000b6c00000|100%| E|CS|TAMS 0x00000000b6b00000, 0x00000000b6b00000| Complete 
| 876|0x00000000b6c00000, 0x00000000b6d00000, 0x00000000b6d00000|100%| E|CS|TAMS 0x00000000b6c00000, 0x00000000b6c00000| Complete 
| 877|0x00000000b6d00000, 0x00000000b6e00000, 0x00000000b6e00000|100%| E|CS|TAMS 0x00000000b6d00000, 0x00000000b6d00000| Complete 
| 878|0x00000000b6e00000, 0x00000000b6f00000, 0x00000000b6f00000|100%| E|CS|TAMS 0x00000000b6e00000, 0x00000000b6e00000| Complete 
| 879|0x00000000b6f00000, 0x00000000b7000000, 0x00000000b7000000|100%| E|CS|TAMS 0x00000000b6f00000, 0x00000000b6f00000| Complete 
| 880|0x00000000b7000000, 0x00000000b7100000, 0x00000000b7100000|100%| E|CS|TAMS 0x00000000b7000000, 0x00000000b7000000| Complete 
| 881|0x00000000b7100000, 0x00000000b7200000, 0x00000000b7200000|100%| E|CS|TAMS 0x00000000b7100000, 0x00000000b7100000| Complete 
| 882|0x00000000b7200000, 0x00000000b7300000, 0x00000000b7300000|100%| E|CS|TAMS 0x00000000b7200000, 0x00000000b7200000| Complete 
| 883|0x00000000b7300000, 0x00000000b7400000, 0x00000000b7400000|100%| E|CS|TAMS 0x00000000b7300000, 0x00000000b7300000| Complete 
| 884|0x00000000b7400000, 0x00000000b7500000, 0x00000000b7500000|100%| E|CS|TAMS 0x00000000b7400000, 0x00000000b7400000| Complete 
| 885|0x00000000b7500000, 0x00000000b7600000, 0x00000000b7600000|100%| E|CS|TAMS 0x00000000b7500000, 0x00000000b7500000| Complete 
| 886|0x00000000b7600000, 0x00000000b7700000, 0x00000000b7700000|100%| E|CS|TAMS 0x00000000b7600000, 0x00000000b7600000| Complete 
| 887|0x00000000b7700000, 0x00000000b7800000, 0x00000000b7800000|100%| E|CS|TAMS 0x00000000b7700000, 0x00000000b7700000| Complete 
| 888|0x00000000b7800000, 0x00000000b7900000, 0x00000000b7900000|100%| E|CS|TAMS 0x00000000b7800000, 0x00000000b7800000| Complete 
| 889|0x00000000b7900000, 0x00000000b7a00000, 0x00000000b7a00000|100%| E|CS|TAMS 0x00000000b7900000, 0x00000000b7900000| Complete 
| 890|0x00000000b7a00000, 0x00000000b7b00000, 0x00000000b7b00000|100%| E|CS|TAMS 0x00000000b7a00000, 0x00000000b7a00000| Complete 
| 891|0x00000000b7b00000, 0x00000000b7c00000, 0x00000000b7c00000|100%| E|CS|TAMS 0x00000000b7b00000, 0x00000000b7b00000| Complete 
| 892|0x00000000b7c00000, 0x00000000b7d00000, 0x00000000b7d00000|100%| E|CS|TAMS 0x00000000b7c00000, 0x00000000b7c00000| Complete 
| 893|0x00000000b7d00000, 0x00000000b7e00000, 0x00000000b7e00000|100%| E|CS|TAMS 0x00000000b7d00000, 0x00000000b7d00000| Complete 
| 894|0x00000000b7e00000, 0x00000000b7f00000, 0x00000000b7f00000|100%| E|CS|TAMS 0x00000000b7e00000, 0x00000000b7e00000| Complete 
| 895|0x00000000b7f00000, 0x00000000b8000000, 0x00000000b8000000|100%| E|CS|TAMS 0x00000000b7f00000, 0x00000000b7f00000| Complete 
|1112|0x00000000c5800000, 0x00000000c5900000, 0x00000000c5900000|100%| E|CS|TAMS 0x00000000c5800000, 0x00000000c5800000| Complete 
|1113|0x00000000c5900000, 0x00000000c5a00000, 0x00000000c5a00000|100%| E|CS|TAMS 0x00000000c5900000, 0x00000000c5900000| Complete 
|1114|0x00000000c5a00000, 0x00000000c5b00000, 0x00000000c5b00000|100%| E|CS|TAMS 0x00000000c5a00000, 0x00000000c5a00000| Complete 
|1115|0x00000000c5b00000, 0x00000000c5c00000, 0x00000000c5c00000|100%| E|CS|TAMS 0x00000000c5b00000, 0x00000000c5b00000| Complete 

Card table byte_map: [0x000001f077520000,0x000001f077920000] _byte_map_base: 0x000001f077120000

Marking Bits (Prev, Next): (CMBitMap*) 0x000001f06e5fdbb0, (CMBitMap*) 0x000001f06e5fdb70
 Prev Bits: [0x000001f079d20000, 0x000001f07bd20000)
 Next Bits: [0x000001f077d20000, 0x000001f079d20000)

Polling page: 0x000001f06ccc0000

Metaspace:

Usage:
  Non-class:    148.70 MB used.
      Class:     23.05 MB used.
       Both:    171.76 MB used.

Virtual space:
  Non-class space:      192.00 MB reserved,     150.19 MB ( 78%) committed,  3 nodes.
      Class space:      416.00 MB reserved,      24.38 MB (  6%) committed,  1 nodes.
             Both:      608.00 MB reserved,     174.56 MB ( 29%) committed. 

Chunk freelists:
   Non-Class:  9.81 MB
       Class:  7.67 MB
        Both:  17.48 MB

MaxMetaspaceSize: 512.00 MB
CompressedClassSpaceSize: 416.00 MB
Initial GC threshold: 21.00 MB
Current GC threshold: 284.81 MB
CDS: on
MetaspaceReclaimPolicy: balanced
 - commit_granule_bytes: 65536.
 - commit_granule_words: 8192.
 - virtual_space_node_default_size: 8388608.
 - enlarge_chunks_in_place: 1.
 - new_chunks_are_fully_committed: 0.
 - uncommit_free_chunks: 1.
 - use_allocation_guard: 0.
 - handle_deallocations: 1.


Internal statistics:

num_allocs_failed_limit: 8.
num_arena_births: 3952.
num_arena_deaths: 74.
num_vsnodes_births: 4.
num_vsnodes_deaths: 0.
num_space_committed: 2792.
num_space_uncommitted: 0.
num_chunks_returned_to_freelist: 107.
num_chunks_taken_from_freelist: 12631.
num_chunk_merges: 15.
num_chunk_splits: 7673.
num_chunks_enlarged: 4193.
num_inconsistent_stats: 0.

CodeHeap 'non-profiled nmethods': size=120000Kb used=20200Kb max_used=20294Kb free=99799Kb
 bounds [0x000001f007ad0000, 0x000001f008eb0000, 0x000001f00f000000]
CodeHeap 'profiled nmethods': size=120000Kb used=48701Kb max_used=48701Kb free=71298Kb
 bounds [0x000001f000000000, 0x000001f002f90000, 0x000001f007530000]
CodeHeap 'non-nmethods': size=5760Kb used=2567Kb max_used=2606Kb free=3192Kb
 bounds [0x000001f007530000, 0x000001f0077c0000, 0x000001f007ad0000]
 total_blobs=25472 nmethods=24344 adapters=1039
 compilation: enabled
              stopped_count=0, restarted_count=0
 full_count=0

Compilation events (20 events):
Event: 191.285 Thread 0x000001f07ea935d0 29744       2       com.sun.tools.javac.code.Types$MapVisitor::visit (10 bytes)
Event: 191.285 Thread 0x000001f07ea935d0 nmethod 29744 0x000001f002ece290 code [0x000001f002ece440, 0x000001f002ece5c8]
Event: 191.285 Thread 0x000001f07ea935d0 29742       2       com.sun.tools.javac.code.Type$StructuralTypeMapping::visitArrayType (7 bytes)
Event: 191.285 Thread 0x000001f07ea935d0 nmethod 29742 0x000001f002ece690 code [0x000001f002ece840, 0x000001f002ece968]
Event: 191.285 Thread 0x000001f07ea935d0 29745       2       com.sun.tools.javac.comp.Lower::boxArgs (297 bytes)
Event: 192.151 Thread 0x000001f07ea935d0 nmethod 29745 0x000001f002ecea10 code [0x000001f002ecece0, 0x000001f002ecfa58]
Event: 192.152 Thread 0x000001f07ea935d0 29749       3       org.gradle.internal.compiler.java.listeners.constants.ConstantsTreeVisitor::isPrimitiveConstantVariable (37 bytes)
Event: 192.154 Thread 0x000001f07ea935d0 nmethod 29749 0x000001f002ed0190 code [0x000001f002ed0380, 0x000001f002ed0b88]
Event: 192.154 Thread 0x000001f07ea935d0 29760       3       com.sun.tools.javac.util.IntHashTable::put (99 bytes)
Event: 192.228 Thread 0x000001f07ea935d0 nmethod 29760 0x000001f002ed0d10 code [0x000001f002ed0f00, 0x000001f002ed13d8]
Event: 192.228 Thread 0x000001f07ea935d0 29762   !   3       com.sun.tools.javac.jvm.Gen::genExpr (182 bytes)
Event: 192.231 Thread 0x000001f07ea935d0 nmethod 29762 0x000001f002ed1610 code [0x000001f002ed1920, 0x000001f002ed2d78]
Event: 192.231 Thread 0x000001f07ea935d0 29759       3       com.sun.tools.javac.code.Type::isInterface (22 bytes)
Event: 192.231 Thread 0x000001f07ea935d0 nmethod 29759 0x000001f002ed3890 code [0x000001f002ed3a40, 0x000001f002ed3c68]
Event: 192.231 Thread 0x000001f07ea935d0 29757       3       com.sun.tools.javac.code.Scope$FilterImportScope$$Lambda$3680/0x000001f0117974d0::apply (10 bytes)
Event: 192.232 Thread 0x000001f07ea935d0 nmethod 29757 0x000001f002ed3d10 code [0x000001f002ed3ec0, 0x000001f002ed41a8]
Event: 192.232 Thread 0x000001f07ea935d0 29743       2       com.sun.tools.javac.code.Type$StructuralTypeMapping::visitArrayType (43 bytes)
Event: 192.232 Thread 0x000001f07ea935d0 nmethod 29743 0x000001f002ed4290 code [0x000001f002ed4460, 0x000001f002ed4918]
Event: 192.232 Thread 0x000001f07ea935d0 29763       1       com.sun.tools.javac.jvm.Items::makeSuperItem (5 bytes)
Event: 192.232 Thread 0x000001f07ea935d0 nmethod 29763 0x000001f007ee4b90 code [0x000001f007ee4d20, 0x000001f007ee4df8]

GC Heap History (20 events):
Event: 127.124 GC heap before
{Heap before GC invocations=80 (full 0):
 garbage-first heap   total 505856K, used 290089K [0x0000000080000000, 0x0000000100000000)
  region size 1024K, 27 young (27648K), 3 survivors (3072K)
 Metaspace       used 127252K, committed 129280K, reserved 557056K
  class space    used 17772K, committed 18688K, reserved 425984K
}
Event: 127.133 GC heap after
{Heap after GC invocations=81 (full 0):
 garbage-first heap   total 1142784K, used 268372K [0x0000000080000000, 0x0000000100000000)
  region size 1024K, 5 young (5120K), 5 survivors (5120K)
 Metaspace       used 127252K, committed 129280K, reserved 557056K
  class space    used 17772K, committed 18688K, reserved 425984K
}
Event: 137.522 GC heap before
{Heap before GC invocations=82 (full 0):
 garbage-first heap   total 921600K, used 708692K [0x0000000080000000, 0x0000000100000000)
  region size 1024K, 430 young (440320K), 5 survivors (5120K)
 Metaspace       used 138755K, committed 140928K, reserved 557056K
  class space    used 19150K, committed 20160K, reserved 425984K
}
Event: 137.641 GC heap after
{Heap after GC invocations=83 (full 0):
 garbage-first heap   total 921600K, used 326323K [0x0000000080000000, 0x0000000100000000)
  region size 1024K, 54 young (55296K), 54 survivors (55296K)
 Metaspace       used 138755K, committed 140928K, reserved 557056K
  class space    used 19150K, committed 20160K, reserved 425984K
}
Event: 137.653 GC heap before
{Heap before GC invocations=83 (full 0):
 garbage-first heap   total 921600K, used 327347K [0x0000000080000000, 0x0000000100000000)
  region size 1024K, 55 young (56320K), 54 survivors (55296K)
 Metaspace       used 138756K, committed 140928K, reserved 557056K
  class space    used 19150K, committed 20160K, reserved 425984K
}
Event: 137.721 GC heap after
{Heap after GC invocations=84 (full 0):
 garbage-first heap   total 921600K, used 328669K [0x0000000080000000, 0x0000000100000000)
  region size 1024K, 4 young (4096K), 4 survivors (4096K)
 Metaspace       used 138756K, committed 140928K, reserved 557056K
  class space    used 19150K, committed 20160K, reserved 425984K
}
Event: 153.346 GC heap before
{Heap before GC invocations=84 (full 0):
 garbage-first heap   total 921600K, used 659421K [0x0000000080000000, 0x0000000100000000)
  region size 1024K, 327 young (334848K), 4 survivors (4096K)
 Metaspace       used 146777K, committed 149120K, reserved 557056K
  class space    used 20262K, committed 21312K, reserved 425984K
}
Event: 153.519 GC heap after
{Heap after GC invocations=85 (full 0):
 garbage-first heap   total 921600K, used 361822K [0x0000000080000000, 0x0000000100000000)
  region size 1024K, 37 young (37888K), 37 survivors (37888K)
 Metaspace       used 146777K, committed 149120K, reserved 557056K
  class space    used 20262K, committed 21312K, reserved 425984K
}
Event: 158.709 GC heap before
{Heap before GC invocations=86 (full 0):
 garbage-first heap   total 921600K, used 678238K [0x0000000080000000, 0x0000000100000000)
  region size 1024K, 342 young (350208K), 37 survivors (37888K)
 Metaspace       used 153239K, committed 155904K, reserved 622592K
  class space    used 21084K, committed 22272K, reserved 425984K
}
Event: 158.822 GC heap after
{Heap after GC invocations=87 (full 0):
 garbage-first heap   total 921600K, used 391680K [0x0000000080000000, 0x0000000100000000)
  region size 1024K, 30 young (30720K), 30 survivors (30720K)
 Metaspace       used 153239K, committed 155904K, reserved 622592K
  class space    used 21084K, committed 22272K, reserved 425984K
}
Event: 159.202 GC heap before
{Heap before GC invocations=87 (full 0):
 garbage-first heap   total 921600K, used 407040K [0x0000000080000000, 0x0000000100000000)
  region size 1024K, 45 young (46080K), 30 survivors (30720K)
 Metaspace       used 153255K, committed 155968K, reserved 622592K
  class space    used 21084K, committed 22272K, reserved 425984K
}
Event: 159.273 GC heap after
{Heap after GC invocations=88 (full 0):
 garbage-first heap   total 921600K, used 393216K [0x0000000080000000, 0x0000000100000000)
  region size 1024K, 6 young (6144K), 6 survivors (6144K)
 Metaspace       used 153255K, committed 155968K, reserved 622592K
  class space    used 21084K, committed 22272K, reserved 425984K
}
Event: 164.670 GC heap before
{Heap before GC invocations=88 (full 0):
 garbage-first heap   total 921600K, used 691199K [0x0000000080000000, 0x0000000100000000)
  region size 1024K, 298 young (305152K), 6 survivors (6144K)
 Metaspace       used 156300K, committed 159104K, reserved 622592K
  class space    used 21470K, committed 22784K, reserved 425984K
}
Event: 164.709 GC heap after
{Heap after GC invocations=89 (full 0):
 garbage-first heap   total 921600K, used 400724K [0x0000000080000000, 0x0000000100000000)
  region size 1024K, 14 young (14336K), 14 survivors (14336K)
 Metaspace       used 156300K, committed 159104K, reserved 622592K
  class space    used 21470K, committed 22784K, reserved 425984K
}
Event: 178.469 GC heap before
{Heap before GC invocations=90 (full 0):
 garbage-first heap   total 921600K, used 726356K [0x0000000080000000, 0x0000000100000000)
  region size 1024K, 318 young (325632K), 14 survivors (14336K)
 Metaspace       used 165003K, committed 167744K, reserved 622592K
  class space    used 22513K, committed 23744K, reserved 425984K
}
Event: 178.507 GC heap after
{Heap after GC invocations=91 (full 0):
 garbage-first heap   total 921600K, used 428726K [0x0000000080000000, 0x0000000100000000)
  region size 1024K, 36 young (36864K), 36 survivors (36864K)
 Metaspace       used 165003K, committed 167744K, reserved 622592K
  class space    used 22513K, committed 23744K, reserved 425984K
}
Event: 178.626 GC heap before
{Heap before GC invocations=91 (full 0):
 garbage-first heap   total 921600K, used 438966K [0x0000000080000000, 0x0000000100000000)
  region size 1024K, 45 young (46080K), 36 survivors (36864K)
 Metaspace       used 165207K, committed 168000K, reserved 622592K
  class space    used 22535K, committed 23808K, reserved 425984K
}
Event: 178.792 GC heap after
{Heap after GC invocations=92 (full 0):
 garbage-first heap   total 921600K, used 429789K [0x0000000080000000, 0x0000000100000000)
  region size 1024K, 6 young (6144K), 6 survivors (6144K)
 Metaspace       used 165207K, committed 168000K, reserved 622592K
  class space    used 22535K, committed 23808K, reserved 425984K
}
Event: 181.673 GC heap before
{Heap before GC invocations=92 (full 0):
 garbage-first heap   total 921600K, used 594653K [0x0000000080000000, 0x0000000100000000)
  region size 1024K, 169 young (173056K), 6 survivors (6144K)
 Metaspace       used 169187K, committed 172032K, reserved 622592K
  class space    used 22984K, committed 24320K, reserved 425984K
}
Event: 181.696 GC heap after
{Heap after GC invocations=93 (full 0):
 garbage-first heap   total 921600K, used 446973K [0x0000000080000000, 0x0000000100000000)
  region size 1024K, 23 young (23552K), 23 survivors (23552K)
 Metaspace       used 169187K, committed 172032K, reserved 622592K
  class space    used 22984K, committed 24320K, reserved 425984K
}

Dll operation events (16 events):
Event: 0.023 Loaded shared library C:\Program Files\Eclipse Adoptium\jdk-17.0.18.8-hotspot\bin\java.dll
Event: 0.040 Loaded shared library C:\Program Files\Eclipse Adoptium\jdk-17.0.18.8-hotspot\bin\jsvml.dll
Event: 0.090 Loaded shared library C:\Program Files\Eclipse Adoptium\jdk-17.0.18.8-hotspot\bin\zip.dll
Event: 0.093 Loaded shared library C:\Program Files\Eclipse Adoptium\jdk-17.0.18.8-hotspot\bin\instrument.dll
Event: 0.100 Loaded shared library C:\Program Files\Eclipse Adoptium\jdk-17.0.18.8-hotspot\bin\net.dll
Event: 0.103 Loaded shared library C:\Program Files\Eclipse Adoptium\jdk-17.0.18.8-hotspot\bin\nio.dll
Event: 0.105 Loaded shared library C:\Program Files\Eclipse Adoptium\jdk-17.0.18.8-hotspot\bin\zip.dll
Event: 0.654 Loaded shared library C:\Program Files\Eclipse Adoptium\jdk-17.0.18.8-hotspot\bin\jimage.dll
Event: 0.992 Loaded shared library C:\Program Files\Eclipse Adoptium\jdk-17.0.18.8-hotspot\bin\verify.dll
Event: 1.108 Loaded shared library C:\Users\User\.gradle\native\1def1411415f61bf3af743bc5b6707747c0891f09f0c88961ee8f79bc544acac\windows-amd64\native-platform.dll
Event: 1.130 Loaded shared library C:\Users\User\.gradle\native\0.2.7\x86_64-windows-gnu\gradle-fileevents.dll
Event: 3.282 Loaded shared library C:\Program Files\Eclipse Adoptium\jdk-17.0.18.8-hotspot\bin\management.dll
Event: 3.288 Loaded shared library C:\Program Files\Eclipse Adoptium\jdk-17.0.18.8-hotspot\bin\management_ext.dll
Event: 3.762 Loaded shared library C:\Program Files\Eclipse Adoptium\jdk-17.0.18.8-hotspot\bin\extnet.dll
Event: 3.981 Loaded shared library C:\Program Files\Eclipse Adoptium\jdk-17.0.18.8-hotspot\bin\sunmscapi.dll
Event: 182.238 Loaded shared library C:\Program Files\Eclipse Adoptium\jdk-17.0.18.8-hotspot\bin\rmi.dll

Deoptimization events (20 events):
Event: 191.286 Thread 0x000001f0374a5870 Uncommon trap: trap_request=0xffffff45 fr.pc=0x000001f008e0da30 relative=0x0000000000000370
Event: 191.286 Thread 0x000001f0374a5870 Uncommon trap: reason=unstable_if action=reinterpret pc=0x000001f008e0da30 method=com.sun.tools.javac.util.IntHashTable.lookup(Ljava/lang/Object;)I @ 73 c2
Event: 191.286 Thread 0x000001f0374a5870 DEOPT PACKING pc=0x000001f008e0da30 sp=0x0000007ed37f7f10
Event: 191.286 Thread 0x000001f0374a5870 DEOPT UNPACKING pc=0x000001f0075869a3 sp=0x0000007ed37f7e20 mode 2
Event: 191.286 Thread 0x000001f030803b70 Uncommon trap: trap_request=0xffffffc6 fr.pc=0x000001f008b549b0 relative=0x0000000000000a50
Event: 191.286 Thread 0x000001f030803b70 Uncommon trap: reason=bimorphic_or_optimized_type_check action=maybe_recompile pc=0x000001f008b549b0 method=java.util.HashMap.removeNode(ILjava/lang/Object;Ljava/lang/Object;ZZ)Ljava/util/HashMap$Node; @ 143 c2
Event: 191.286 Thread 0x000001f030803b70 DEOPT PACKING pc=0x000001f008b549b0 sp=0x0000007ececf6a20
Event: 191.286 Thread 0x000001f030803b70 DEOPT UNPACKING pc=0x000001f0075869a3 sp=0x0000007ececf69b8 mode 2
Event: 192.152 Thread 0x000001f0374aae80 Uncommon trap: trap_request=0xffffff45 fr.pc=0x000001f007d8b95c relative=0x000000000000091c
Event: 192.152 Thread 0x000001f0374aae80 Uncommon trap: reason=unstable_if action=reinterpret pc=0x000001f007d8b95c method=java.util.WeakHashMap.put(Ljava/lang/Object;Ljava/lang/Object;)Ljava/lang/Object; @ 70 c2
Event: 192.153 Thread 0x000001f030803b70 Uncommon trap: trap_request=0xffffffc6 fr.pc=0x000001f008b549b0 relative=0x0000000000000a50
Event: 192.153 Thread 0x000001f0374aae80 DEOPT PACKING pc=0x000001f007d8b95c sp=0x0000007ed4dfde90
Event: 192.153 Thread 0x000001f0374aae80 DEOPT UNPACKING pc=0x000001f0075869a3 sp=0x0000007ed4dfde50 mode 2
Event: 192.153 Thread 0x000001f030803b70 Uncommon trap: reason=bimorphic_or_optimized_type_check action=maybe_recompile pc=0x000001f008b549b0 method=java.util.HashMap.removeNode(ILjava/lang/Object;Ljava/lang/Object;ZZ)Ljava/util/HashMap$Node; @ 143 c2
Event: 192.153 Thread 0x000001f030803b70 DEOPT PACKING pc=0x000001f008b549b0 sp=0x0000007ececf69d0
Event: 192.229 Thread 0x000001f030803b70 DEOPT UNPACKING pc=0x000001f0075869a3 sp=0x0000007ececf6968 mode 2
Event: 192.229 Thread 0x000001f030803b70 Uncommon trap: trap_request=0xffffffc6 fr.pc=0x000001f008b549b0 relative=0x0000000000000a50
Event: 192.229 Thread 0x000001f030803b70 Uncommon trap: reason=bimorphic_or_optimized_type_check action=maybe_recompile pc=0x000001f008b549b0 method=java.util.HashMap.removeNode(ILjava/lang/Object;Ljava/lang/Object;ZZ)Ljava/util/HashMap$Node; @ 143 c2
Event: 192.229 Thread 0x000001f030803b70 DEOPT PACKING pc=0x000001f008b549b0 sp=0x0000007ececf69d0
Event: 192.229 Thread 0x000001f030803b70 DEOPT UNPACKING pc=0x000001f0075869a3 sp=0x0000007ececf6968 mode 2

Classes loaded (20 events):
Event: 183.784 Loading class sun/rmi/transport/ObjectTable done
Event: 183.787 Loading class sun/rmi/transport/ObjectEndpoint
Event: 183.792 Loading class sun/rmi/transport/ObjectEndpoint done
Event: 183.804 Loading class sun/rmi/server/WeakClassHashMap$ValueCell
Event: 183.805 Loading class sun/rmi/server/WeakClassHashMap$ValueCell done
Event: 183.805 Loading class java/rmi/server/RemoteObjectInvocationHandler$MethodToHash_Maps$1
Event: 183.807 Loading class java/rmi/server/RemoteObjectInvocationHandler$MethodToHash_Maps$1 done
Event: 183.935 Loading class java/security/DigestOutputStream
Event: 183.962 Loading class java/security/DigestOutputStream done
Event: 184.151 Loading class java/util/function/ToIntBiFunction
Event: 184.281 Loading class java/util/function/ToIntBiFunction done
Event: 185.523 Loading class java/util/regex/Pattern$1
Event: 185.524 Loading class java/util/regex/Pattern$1 done
Event: 189.793 Loading class java/rmi/server/UnicastRemoteObject
Event: 189.901 Loading class java/rmi/server/UnicastRemoteObject done
Event: 191.100 Loading class sun/rmi/server/UnicastServerRef2
Event: 191.102 Loading class sun/rmi/server/UnicastServerRef2 done
Event: 191.830 Loading class sun/rmi/server/Util$1
Event: 192.032 Loading class sun/rmi/server/Util$1 done
Event: 192.229 Loading class java/util/EnumMap$Values

Classes unloaded (20 events):
Event: 166.268 Thread 0x000001f07e4fbc00 Unloading class 0x000001f01155d000 'java/lang/invoke/LambdaForm$MH+0x000001f01155d000'
Event: 166.268 Thread 0x000001f07e4fbc00 Unloading class 0x000001f01155cc00 'java/lang/invoke/LambdaForm$MH+0x000001f01155cc00'
Event: 166.268 Thread 0x000001f07e4fbc00 Unloading class 0x000001f01155c000 'java/lang/invoke/LambdaForm$MH+0x000001f01155c000'
Event: 166.268 Thread 0x000001f07e4fbc00 Unloading class 0x000001f01155c400 'java/lang/invoke/LambdaForm$MH+0x000001f01155c400'
Event: 182.725 Thread 0x000001f07e4fbc00 Unloading class 0x000001f011730400 'java/lang/invoke/LambdaForm$DMH+0x000001f011730400'
Event: 182.725 Thread 0x000001f07e4fbc00 Unloading class 0x000001f01155e400 'java/lang/invoke/LambdaForm$DMH+0x000001f01155e400'
Event: 182.725 Thread 0x000001f07e4fbc00 Unloading class 0x000001f011560400 'java/lang/invoke/LambdaForm$DMH+0x000001f011560400'
Event: 182.725 Thread 0x000001f07e4fbc00 Unloading class 0x000001f01161b000 'java/lang/invoke/LambdaForm$MH+0x000001f01161b000'
Event: 182.725 Thread 0x000001f07e4fbc00 Unloading class 0x000001f01161a400 'java/lang/invoke/LambdaForm$DMH+0x000001f01161a400'
Event: 182.725 Thread 0x000001f07e4fbc00 Unloading class 0x000001f011619c00 'java/lang/invoke/LambdaForm$MH+0x000001f011619c00'
Event: 182.725 Thread 0x000001f07e4fbc00 Unloading class 0x000001f011619400 'java/lang/invoke/LambdaForm$MH+0x000001f011619400'
Event: 182.725 Thread 0x000001f07e4fbc00 Unloading class 0x000001f011618c00 'java/lang/invoke/LambdaForm$MH+0x000001f011618c00'
Event: 182.725 Thread 0x000001f07e4fbc00 Unloading class 0x000001f011618400 'java/lang/invoke/LambdaForm$MH+0x000001f011618400'
Event: 182.725 Thread 0x000001f07e4fbc00 Unloading class 0x000001f0115cb400 'java/lang/invoke/LambdaForm$MH+0x000001f0115cb400'
Event: 182.725 Thread 0x000001f07e4fbc00 Unloading class 0x000001f0115cac00 'java/lang/invoke/LambdaForm$MH+0x000001f0115cac00'
Event: 182.725 Thread 0x000001f07e4fbc00 Unloading class 0x000001f0115ca400 'java/lang/invoke/LambdaForm$MH+0x000001f0115ca400'
Event: 182.725 Thread 0x000001f07e4fbc00 Unloading class 0x000001f0115c9c00 'java/lang/invoke/LambdaForm$MH+0x000001f0115c9c00'
Event: 182.725 Thread 0x000001f07e4fbc00 Unloading class 0x000001f0115c9000 'java/lang/invoke/LambdaForm$MH+0x000001f0115c9000'
Event: 182.725 Thread 0x000001f07e4fbc00 Unloading class 0x000001f0115c8800 'java/lang/invoke/LambdaForm$MH+0x000001f0115c8800'
Event: 182.725 Thread 0x000001f07e4fbc00 Unloading class 0x000001f0115c3400 'java/lang/invoke/LambdaForm$MH+0x000001f0115c3400'

Classes redefined (0 events):
No events

Internal exceptions (20 events):
Event: 187.276 Thread 0x000001f030803b70 Exception <a 'sun/nio/fs/WindowsException'{0x00000000b1758210}> (0x00000000b1758210) 
thrown [s\src\hotspot\share\prims\jni.cpp, line 516]
Event: 188.426 Thread 0x000001f03c926ea0 Exception <a 'java/lang/InterruptedException'{0x00000000af4caed0}> (0x00000000af4caed0) 
thrown [s\src\hotspot\share\runtime\objectMonitor.cpp, line 1658]
Event: 188.648 Thread 0x000001f030804080 Exception <a 'sun/nio/fs/WindowsException'{0x00000000af48a530}> (0x00000000af48a530) 
thrown [s\src\hotspot\share\prims\jni.cpp, line 516]
Event: 188.756 Thread 0x000001f0374a5870 Exception <a 'java/lang/NoSuchMethodError'{0x00000000afe659f0}: 'void java.lang.invoke.DirectMethodHandle$Holder.invokeSpecial(java.lang.Object, java.lang.Object, java.lang.Object, java.lang.Object, java.lang.Object, java.lang.Object, int)'> (0x00000000afe659f0) 
thrown [s\src\hotspot\share\interpreter\linkResolver.cpp, line 759]
Event: 188.757 Thread 0x000001f0308054c0 Exception <a 'java/lang/NoSuchMethodError'{0x00000000afd2f1d8}: 'void java.lang.invoke.DirectMethodHandle$Holder.invokeSpecial(java.lang.Object, java.lang.Object, java.lang.Object, java.lang.Object, java.lang.Object, java.lang.Object, int)'> (0x00000000afd2f1d8) 
thrown [s\src\hotspot\share\interpreter\linkResolver.cpp, line 759]
Event: 188.981 Thread 0x000001f0308054c0 Implicit null exception at 0x000001f00887fe19 to 0x000001f008880268
Event: 189.101 Thread 0x000001f0374a5870 Exception <a 'sun/nio/fs/WindowsException'{0x00000000afe87530}> (0x00000000afe87530) 
thrown [s\src\hotspot\share\prims\jni.cpp, line 516]
Event: 189.102 Thread 0x000001f0374a5870 Exception <a 'sun/nio/fs/WindowsException'{0x00000000afe88ad0}> (0x00000000afe88ad0) 
thrown [s\src\hotspot\share\prims\jni.cpp, line 516]
Event: 189.102 Thread 0x000001f0374a5870 Exception <a 'sun/nio/fs/WindowsException'{0x00000000afe89dd8}> (0x00000000afe89dd8) 
thrown [s\src\hotspot\share\prims\jni.cpp, line 516]
Event: 189.103 Thread 0x000001f0374a5870 Exception <a 'sun/nio/fs/WindowsException'{0x00000000afe8b348}> (0x00000000afe8b348) 
thrown [s\src\hotspot\share\prims\jni.cpp, line 516]
Event: 189.103 Thread 0x000001f0374a5870 Exception <a 'sun/nio/fs/WindowsException'{0x00000000afe8c8a0}> (0x00000000afe8c8a0) 
thrown [s\src\hotspot\share\prims\jni.cpp, line 516]
Event: 189.349 Thread 0x000001f030803b70 Exception <a 'sun/nio/fs/WindowsException'{0x00000000aef06440}> (0x00000000aef06440) 
thrown [s\src\hotspot\share\prims\jni.cpp, line 516]
Event: 189.356 Thread 0x000001f0374a5870 Exception <a 'sun/nio/fs/WindowsException'{0x00000000afe97270}> (0x00000000afe97270) 
thrown [s\src\hotspot\share\prims\jni.cpp, line 516]
Event: 189.468 Thread 0x000001f0374a5870 Exception <a 'sun/nio/fs/WindowsException'{0x00000000afeb7980}> (0x00000000afeb7980) 
thrown [s\src\hotspot\share\prims\jni.cpp, line 516]
Event: 189.786 Thread 0x000001f0308054c0 Exception <a 'sun/nio/fs/WindowsException'{0x00000000aee60310}> (0x00000000aee60310) 
thrown [s\src\hotspot\share\prims\jni.cpp, line 516]
Event: 190.020 Thread 0x000001f0308054c0 Exception <a 'sun/nio/fs/WindowsException'{0x00000000aee6f808}> (0x00000000aee6f808) 
thrown [s\src\hotspot\share\prims\jni.cpp, line 516]
Event: 191.105 Thread 0x000001f0308054c0 Exception <a 'sun/nio/fs/WindowsException'{0x00000000aeb85958}> (0x00000000aeb85958) 
thrown [s\src\hotspot\share\prims\jni.cpp, line 516]
Event: 192.156 Thread 0x000001f0308054c0 Exception <a 'sun/nio/fs/WindowsException'{0x00000000aebbc640}> (0x00000000aebbc640) 
thrown [s\src\hotspot\share\prims\jni.cpp, line 516]
Event: 192.156 Thread 0x000001f0374a5870 Exception <a 'sun/nio/fs/WindowsException'{0x00000000aea61108}> (0x00000000aea61108) 
thrown [s\src\hotspot\share\prims\jni.cpp, line 516]
Event: 192.156 Thread 0x000001f0308054c0 Exception <a 'sun/nio/fs/WindowsException'{0x00000000aebbd9a8}> (0x00000000aebbd9a8) 
thrown [s\src\hotspot\share\prims\jni.cpp, line 516]

VM Operations (20 events):
Event: 186.938 Executing VM operation: Cleanup
Event: 187.084 Executing VM operation: Cleanup done
Event: 187.852 Executing VM operation: HandshakeAllThreads
Event: 187.976 Executing VM operation: HandshakeAllThreads done
Event: 188.294 Executing VM operation: HandshakeAllThreads
Event: 188.306 Executing VM operation: HandshakeAllThreads done
Event: 188.306 Executing VM operation: Cleanup
Event: 188.306 Executing VM operation: Cleanup done
Event: 189.217 Executing VM operation: ICBufferFull
Event: 189.222 Executing VM operation: ICBufferFull done
Event: 189.223 Executing VM operation: ICBufferFull
Event: 189.223 Executing VM operation: ICBufferFull done
Event: 189.904 Executing VM operation: ICBufferFull
Event: 190.020 Executing VM operation: ICBufferFull done
Event: 191.021 Executing VM operation: Cleanup
Event: 191.096 Executing VM operation: Cleanup done
Event: 191.105 Executing VM operation: HandshakeAllThreads
Event: 191.108 Executing VM operation: HandshakeAllThreads done
Event: 192.109 Executing VM operation: Cleanup
Event: 192.151 Executing VM operation: Cleanup done

Memory protections (0 events):
No events

Nmethod flushes (20 events):
Event: 179.796 Thread 0x000001f07ea95310 flushing  nmethod 0x000001f002915110
Event: 179.796 Thread 0x000001f07ea95310 flushing  nmethod 0x000001f002945010
Event: 179.796 Thread 0x000001f07ea95310 flushing  nmethod 0x000001f002957190
Event: 179.796 Thread 0x000001f07ea95310 flushing  nmethod 0x000001f002963990
Event: 179.796 Thread 0x000001f07ea95310 flushing  nmethod 0x000001f002965290
Event: 179.796 Thread 0x000001f07ea95310 flushing  nmethod 0x000001f002968410
Event: 179.796 Thread 0x000001f07ea95310 flushing  nmethod 0x000001f002968790
Event: 179.796 Thread 0x000001f07ea95310 flushing  nmethod 0x000001f002973e90
Event: 179.796 Thread 0x000001f07ea95310 flushing  nmethod 0x000001f002975e10
Event: 179.796 Thread 0x000001f07ea95310 flushing  nmethod 0x000001f002998d10
Event: 179.796 Thread 0x000001f07ea95310 flushing  nmethod 0x000001f0029d8b10
Event: 179.796 Thread 0x000001f07ea95310 flushing  nmethod 0x000001f0029d9a90
Event: 179.796 Thread 0x000001f07ea95310 flushing  nmethod 0x000001f002a04990
Event: 179.796 Thread 0x000001f07ea95310 flushing  nmethod 0x000001f002a0c010
Event: 179.796 Thread 0x000001f07ea95310 flushing  nmethod 0x000001f002a0cd10
Event: 179.796 Thread 0x000001f07ea95310 flushing  nmethod 0x000001f002a0f810
Event: 179.796 Thread 0x000001f07ea95310 flushing  nmethod 0x000001f002a4bb10
Event: 179.796 Thread 0x000001f07ea95310 flushing  nmethod 0x000001f002a4ca10
Event: 179.796 Thread 0x000001f07ea95310 flushing  nmethod 0x000001f002a4d010
Event: 179.796 Thread 0x000001f07ea95310 flushing  nmethod 0x000001f002a4db90

Events (20 events):
Event: 167.255 Thread 0x000001f0308063f0 Thread added: 0x000001f03c924b30
Event: 169.295 Thread 0x000001f03c9222b0 Thread exited: 0x000001f03c9222b0
Event: 169.436 Thread 0x000001f07ea935d0 Thread added: 0x000001f037dfa550
Event: 172.237 Thread 0x000001f037dfa550 Thread exited: 0x000001f037dfa550
Event: 174.033 Thread 0x000001f07ea72f00 Thread added: 0x000001f03bb6f5e0
Event: 174.137 Thread 0x000001f03bb6f5e0 Thread exited: 0x000001f03bb6f5e0
Event: 174.248 Thread 0x000001f07ea935d0 Thread added: 0x000001f038abb190
Event: 174.473 Thread 0x000001f038abb190 Thread exited: 0x000001f038abb190
Event: 174.579 Thread 0x000001f07ea935d0 Thread added: 0x000001f038ab9c50
Event: 174.586 Thread 0x000001f07ea72f00 Thread added: 0x000001f03a7e4590
Event: 174.785 Thread 0x000001f03a7e4590 Thread exited: 0x000001f03a7e4590
Event: 175.252 Thread 0x000001f038ab9c50 Thread exited: 0x000001f038ab9c50
Event: 177.609 Thread 0x000001f07ea935d0 Thread added: 0x000001f03239fe80
Event: 178.092 Thread 0x000001f07ea935d0 Thread added: 0x000001f037dfa550
Event: 180.333 Thread 0x000001f03239fe80 Thread exited: 0x000001f03239fe80
Event: 180.333 Thread 0x000001f037dfa550 Thread exited: 0x000001f037dfa550
Event: 181.986 Thread 0x000001f0374aae80 Thread added: 0x000001f03c925550
Event: 182.045 Thread 0x000001f0374aae80 Thread added: 0x000001f03c925f70
Event: 182.375 Thread 0x000001f0374aae80 Thread added: 0x000001f03c926990
Event: 187.847 Thread 0x000001f0374a9530 Thread added: 0x000001f03c926ea0


Dynamic libraries:
0x00007ff6aa850000 - 0x00007ff6aa85e000 	C:\Program Files\Eclipse Adoptium\jdk-17.0.18.8-hotspot\bin\java.exe
0x00007ffbe8780000 - 0x00007ffbe89e6000 	C:\WINDOWS\SYSTEM32\ntdll.dll
0x00007ffbe74a0000 - 0x00007ffbe7569000 	C:\WINDOWS\System32\KERNEL32.DLL
0x00007ffbe5e00000 - 0x00007ffbe6200000 	C:\WINDOWS\System32\KERNELBASE.dll
0x00007ffbe59a0000 - 0x00007ffbe5aec000 	C:\WINDOWS\System32\ucrtbase.dll
0x00007ffbca960000 - 0x00007ffbca97e000 	C:\Program Files\Eclipse Adoptium\jdk-17.0.18.8-hotspot\bin\VCRUNTIME140.dll
0x00007ffbcac80000 - 0x00007ffbcac98000 	C:\Program Files\Eclipse Adoptium\jdk-17.0.18.8-hotspot\bin\jli.dll
0x00007ffbe8550000 - 0x00007ffbe8717000 	C:\WINDOWS\System32\USER32.dll
0x00007ffbe5c80000 - 0x00007ffbe5ca7000 	C:\WINDOWS\System32\win32u.dll
0x00007ffbe69a0000 - 0x00007ffbe69cb000 	C:\WINDOWS\System32\GDI32.dll
0x00007ffbe62d0000 - 0x00007ffbe63f9000 	C:\WINDOWS\System32\gdi32full.dll
0x00007ffbe6400000 - 0x00007ffbe64a3000 	C:\WINDOWS\System32\msvcp_win.dll
0x00007ffbc5f00000 - 0x00007ffbc6192000 	C:\WINDOWS\WinSxS\amd64_microsoft.windows.common-controls_6595b64144ccf1df_6.0.26100.8737_none_3e092eaee333b772\COMCTL32.dll
0x00007ffbe7aa0000 - 0x00007ffbe7b49000 	C:\WINDOWS\System32\msvcrt.dll
0x00007ffbe6bb0000 - 0x00007ffbe6be2000 	C:\WINDOWS\System32\IMM32.DLL
0x0000000072cc0000 - 0x0000000072ccd000 	C:\Program Files (x86)\360\360Safe\safemon\SafeWrapper.dll
0x00007ffbe82f0000 - 0x00007ffbe83a7000 	C:\WINDOWS\System32\ADVAPI32.dll
0x00007ffbe7570000 - 0x00007ffbe761a000 	C:\WINDOWS\System32\sechost.dll
0x00007ffbe6570000 - 0x00007ffbe6688000 	C:\WINDOWS\System32\RPCRT4.dll
0x00007ffbe3000000 - 0x00007ffbe3105000 	C:\Program Files (x86)\360\360Safe\safemon\libzdtp64.dll
0x00007ffbe6d00000 - 0x00007ffbe7492000 	C:\WINDOWS\System32\SHELL32.dll
0x00007ffbe7c30000 - 0x00007ffbe7c97000 	C:\WINDOWS\System32\SHLWAPI.dll
0x00007ffbe5410000 - 0x00007ffbe541b000 	C:\WINDOWS\SYSTEM32\VERSION.dll
0x00007ffbdf8d0000 - 0x00007ffbdf8dc000 	C:\Program Files\Eclipse Adoptium\jdk-17.0.18.8-hotspot\bin\vcruntime140_1.dll
0x00007ffbbb4e0000 - 0x00007ffbbb56d000 	C:\Program Files\Eclipse Adoptium\jdk-17.0.18.8-hotspot\bin\msvcp140.dll
0x00007ffb76f00000 - 0x00007ffb77b6b000 	C:\Program Files\Eclipse Adoptium\jdk-17.0.18.8-hotspot\bin\server\jvm.dll
0x00007ffbe6900000 - 0x00007ffbe6980000 	C:\WINDOWS\System32\WS2_32.dll
0x00007ffbe5800000 - 0x00007ffbe585e000 	C:\WINDOWS\SYSTEM32\POWRPROF.dll
0x00007ffbd8b60000 - 0x00007ffbd8b96000 	C:\WINDOWS\SYSTEM32\WINMM.dll
0x00007ffbe57e0000 - 0x00007ffbe57f4000 	C:\WINDOWS\SYSTEM32\UMPDC.dll
0x00007ffbe4570000 - 0x00007ffbe458b000 	C:\WINDOWS\SYSTEM32\kernel.appcore.dll
0x00007ffbdd9d0000 - 0x00007ffbdd9da000 	C:\Program Files\Eclipse Adoptium\jdk-17.0.18.8-hotspot\bin\jimage.dll
0x00007ffbe2ae0000 - 0x00007ffbe2d22000 	C:\WINDOWS\SYSTEM32\DBGHELP.DLL
0x00007ffbe7680000 - 0x00007ffbe7a03000 	C:\WINDOWS\System32\combase.dll
0x00007ffbe6bf0000 - 0x00007ffbe6cc9000 	C:\WINDOWS\System32\OLEAUT32.dll
0x00007ffbc8ed0000 - 0x00007ffbc8f0b000 	C:\WINDOWS\SYSTEM32\dbgcore.DLL
0x00007ffbe5d40000 - 0x00007ffbe5dec000 	C:\WINDOWS\System32\bcryptPrimitives.dll
0x00007ffbd1860000 - 0x00007ffbd186e000 	C:\Program Files\Eclipse Adoptium\jdk-17.0.18.8-hotspot\bin\instrument.dll
0x00007ffbc94c0000 - 0x00007ffbc94e5000 	C:\Program Files\Eclipse Adoptium\jdk-17.0.18.8-hotspot\bin\java.dll
0x00007ffb93870000 - 0x00007ffb93947000 	C:\Program Files\Eclipse Adoptium\jdk-17.0.18.8-hotspot\bin\jsvml.dll
0x00007ffbe3130000 - 0x00007ffbe39c2000 	C:\WINDOWS\SYSTEM32\windows.storage.dll
0x00007ffbe7d60000 - 0x00007ffbe7e57000 	C:\WINDOWS\System32\SHCORE.dll
0x00007ffbe58c0000 - 0x00007ffbe58e9000 	C:\WINDOWS\SYSTEM32\profapi.dll
0x00007ffbbcde0000 - 0x00007ffbbcdf8000 	C:\Program Files\Eclipse Adoptium\jdk-17.0.18.8-hotspot\bin\zip.dll
0x00007ffbca150000 - 0x00007ffbca16a000 	C:\Program Files\Eclipse Adoptium\jdk-17.0.18.8-hotspot\bin\net.dll
0x00007ffbdbbc0000 - 0x00007ffbdbce9000 	C:\WINDOWS\SYSTEM32\WINHTTP.dll
0x00007ffbe4b00000 - 0x00007ffbe4b6c000 	C:\WINDOWS\system32\mswsock.dll
0x00007ffbc1200000 - 0x00007ffbc1216000 	C:\Program Files\Eclipse Adoptium\jdk-17.0.18.8-hotspot\bin\nio.dll
0x00007ffbdbaf0000 - 0x00007ffbdbb00000 	C:\Program Files\Eclipse Adoptium\jdk-17.0.18.8-hotspot\bin\verify.dll
0x00007ffb75570000 - 0x00007ffb75597000 	C:\Users\User\.gradle\native\1def1411415f61bf3af743bc5b6707747c0891f09f0c88961ee8f79bc544acac\windows-amd64\native-platform.dll
0x00007ffb754f0000 - 0x00007ffb75568000 	C:\Users\User\.gradle\native\0.2.7\x86_64-windows-gnu\gradle-fileevents.dll
0x00007ffbd1f80000 - 0x00007ffbd1f8a000 	C:\Program Files\Eclipse Adoptium\jdk-17.0.18.8-hotspot\bin\management.dll
0x00007ffbd1d10000 - 0x00007ffbd1d1c000 	C:\Program Files\Eclipse Adoptium\jdk-17.0.18.8-hotspot\bin\management_ext.dll
0x00007ffbe7670000 - 0x00007ffbe7678000 	C:\WINDOWS\System32\PSAPI.DLL
0x00007ffbe5420000 - 0x00007ffbe5453000 	C:\WINDOWS\SYSTEM32\IPHLPAPI.DLL
0x00007ffbe7d30000 - 0x00007ffbe7d3a000 	C:\WINDOWS\System32\NSI.dll
0x00007ffbdbe70000 - 0x00007ffbdbe8d000 	C:\WINDOWS\SYSTEM32\dhcpcsvc6.DLL
0x00007ffbdbe20000 - 0x00007ffbdbe45000 	C:\WINDOWS\SYSTEM32\dhcpcsvc.DLL
0x00007ffbe3df0000 - 0x00007ffbe3f45000 	C:\WINDOWS\SYSTEM32\DNSAPI.dll
0x00007ffbe4900000 - 0x00007ffbe490d000 	C:\WINDOWS\SYSTEM32\DSPARSE.dll
0x00007ffbd1b50000 - 0x00007ffbd1b59000 	C:\Program Files\Eclipse Adoptium\jdk-17.0.18.8-hotspot\bin\extnet.dll
0x00007ffbe4f30000 - 0x00007ffbe4f4b000 	C:\WINDOWS\SYSTEM32\CRYPTSP.dll
0x00007ffbe44d0000 - 0x00007ffbe4509000 	C:\WINDOWS\system32\rsaenh.dll
0x00007ffbe4bc0000 - 0x00007ffbe4bf2000 	C:\WINDOWS\SYSTEM32\USERENV.dll
0x00007ffbe5890000 - 0x00007ffbe58ba000 	C:\WINDOWS\SYSTEM32\bcrypt.dll
0x00007ffbe4d70000 - 0x00007ffbe4d7c000 	C:\WINDOWS\SYSTEM32\CRYPTBASE.dll
0x00007ffbcbfc0000 - 0x00007ffbcbfce000 	C:\Program Files\Eclipse Adoptium\jdk-17.0.18.8-hotspot\bin\sunmscapi.dll
0x00007ffbe5b00000 - 0x00007ffbe5c78000 	C:\WINDOWS\System32\CRYPT32.dll
0x00007ffbe50a0000 - 0x00007ffbe50d0000 	C:\WINDOWS\SYSTEM32\ncrypt.dll
0x00007ffbe5050000 - 0x00007ffbe508f000 	C:\WINDOWS\SYSTEM32\NTASN1.dll
0x00007ffbb2190000 - 0x00007ffbb2198000 	C:\WINDOWS\system32\wshunix.dll
0x00007ffb95d20000 - 0x00007ffb95d38000 	C:\WINDOWS\system32\napinsp.dll
0x00007ffb95d00000 - 0x00007ffb95d13000 	C:\WINDOWS\System32\winrnr.dll
0x00007ffb95d40000 - 0x00007ffb95d62000 	C:\WINDOWS\system32\nlansp_c.dll
0x00007ffbd0830000 - 0x00007ffbd0846000 	C:\WINDOWS\system32\wshbth.dll
0x00007ffbda820000 - 0x00007ffbda82b000 	C:\Windows\System32\rasadhlp.dll
0x00007ffbdc350000 - 0x00007ffbdc3d6000 	C:\WINDOWS\System32\fwpuclnt.dll
0x00007ffbe46a0000 - 0x00007ffbe46d6000 	C:\WINDOWS\SYSTEM32\ntmarta.dll
0x00007ffbd8320000 - 0x00007ffbd8327000 	C:\Program Files\Eclipse Adoptium\jdk-17.0.18.8-hotspot\bin\rmi.dll

dbghelp: loaded successfully - version: 4.0.5 - missing functions: none
symbol engine: initialized successfully - sym options: 0x614 - pdb path: .;C:\Program Files\Eclipse Adoptium\jdk-17.0.18.8-hotspot\bin;C:\WINDOWS\SYSTEM32;C:\WINDOWS\WinSxS\amd64_microsoft.windows.common-controls_6595b64144ccf1df_6.0.26100.8737_none_3e092eaee333b772;C:\Program Files (x86)\360\360Safe\safemon;C:\Program Files\Eclipse Adoptium\jdk-17.0.18.8-hotspot\bin\server;C:\Users\User\.gradle\native\1def1411415f61bf3af743bc5b6707747c0891f09f0c88961ee8f79bc544acac\windows-amd64;C:\Users\User\.gradle\native\0.2.7\x86_64-windows-gnu

VM Arguments:
jvm_args: --add-opens=java.base/java.lang=ALL-UNNAMED --add-opens=java.base/java.lang.invoke=ALL-UNNAMED --add-opens=java.base/java.util=ALL-UNNAMED --add-opens=java.prefs/java.util.prefs=ALL-UNNAMED --add-exports=jdk.compiler/com.sun.tools.javac.api=ALL-UNNAMED --add-exports=jdk.compiler/com.sun.tools.javac.util=ALL-UNNAMED --add-opens=java.base/java.util=ALL-UNNAMED --add-opens=java.prefs/java.util.prefs=ALL-UNNAMED --add-opens=java.base/java.nio.charset=ALL-UNNAMED --add-opens=java.base/java.net=ALL-UNNAMED --add-opens=java.base/java.util.concurrent.atomic=ALL-UNNAMED --add-opens=java.xml/javax.xml.namespace=ALL-UNNAMED -XX:MaxMetaspaceSize=512m -Xmx2048m -Dfile.encoding=UTF-8 -Duser.country=ES -Duser.language=es -Duser.variant -javaagent:C:\Users\User\.gradle\wrapper\dists\gradle-8.14.3-bin\cv11ve7ro1n3o1j4so8xd9n66\gradle-8.14.3\lib\agents\gradle-instrumentation-agent-8.14.3.jar 
java_command: org.gradle.launcher.daemon.bootstrap.GradleDaemon 8.14.3
java_class_path (initial): C:\Users\User\.gradle\wrapper\dists\gradle-8.14.3-bin\cv11ve7ro1n3o1j4so8xd9n66\gradle-8.14.3\lib\gradle-daemon-main-8.14.3.jar
Launcher Type: SUN_STANDARD

[Global flags]
     intx CICompilerCount                          = 4                                         {product} {ergonomic}
   size_t CompressedClassSpaceSize                 = 436207616                                 {product} {ergonomic}
     uint ConcGCThreads                            = 3                                         {product} {ergonomic}
     uint G1ConcRefinementThreads                  = 10                                        {product} {ergonomic}
   size_t G1HeapRegionSize                         = 1048576                                   {product} {ergonomic}
    uintx GCDrainStackTargetSize                   = 64                                        {product} {ergonomic}
   size_t InitialHeapSize                          = 130023424                                 {product} {ergonomic}
   size_t MarkStackSize                            = 4194304                                   {product} {ergonomic}
   size_t MaxHeapSize                              = 2147483648                                {product} {command line}
   size_t MaxMetaspaceSize                         = 536870912                                 {product} {command line}
   size_t MaxNewSize                               = 1287651328                                {product} {ergonomic}
   size_t MinHeapDeltaBytes                        = 1048576                                   {product} {ergonomic}
   size_t MinHeapSize                              = 8388608                                   {product} {ergonomic}
    uintx NonNMethodCodeHeapSize                   = 5839372                                {pd product} {ergonomic}
    uintx NonProfiledCodeHeapSize                  = 122909434                              {pd product} {ergonomic}
    uintx ProfiledCodeHeapSize                     = 122909434                              {pd product} {ergonomic}
    uintx ReservedCodeCacheSize                    = 251658240                              {pd product} {ergonomic}
     bool SegmentedCodeCache                       = true                                      {product} {ergonomic}
   size_t SoftMaxHeapSize                          = 2147483648                             {manageable} {ergonomic}
     bool UseCompressedClassPointers               = true                           {product lp64_product} {ergonomic}
     bool UseCompressedOops                        = true                           {product lp64_product} {ergonomic}
     bool UseG1GC                                  = true                                      {product} {ergonomic}
     bool UseLargePagesIndividualAllocation        = false                                  {pd product} {ergonomic}

Logging:
Log output configuration:
 #0: stdout all=warning uptime,level,tags
 #1: stderr all=off uptime,level,tags

Environment Variables:
PATH=c:\Users\User\AppData\Roaming\Code\User\globalStorage\github.copilot-chat\debugCommand;c:\Users\User\AppData\Roaming\Code\User\globalStorage\github.copilot-chat\copilotCli;C:\Program Files\Eclipse Adoptium\jdk-17.0.18.8-hotspot\bin;C:\Python314\Scripts\;C:\Python314\;C:\Program Files\Eclipse Adoptium\jdk-25.0.2.10-hotspot\bin;C:\Program Files\Eclipse Adoptium\jdk-21.0.6.7-hotspot\bin;C:\WINDOWS\system32;C:\WINDOWS;C:\WINDOWS\System32\Wbem;C:\WINDOWS\System32\WindowsPowerShell\v1.0\;C:\WINDOWS\System32\OpenSSH\;C:\ProgramData\chocolatey\bin;C:\Program Files\nodejs\;C:\Program Files\Docker\Docker\resources\bin;C:\Program Files\Go\bin;C:\Program Files\Git\cmd;C:\Users\User\AppData\Local\Programs\Python\Python312\Scripts\;C:\Users\User\AppData\Local\Programs\Python\Python312\;C:\Users\User\AppData\Local\Programs\Python\Launcher\;C:\Users\User\AppData\Local\Microsoft\WindowsApps;C:\KSDSTool\llm_location;C:\Users\User\AppData\Local\GitHubDesktop\bin;C:\Users\User\AppData\Local\Programs\Microsoft VS Code\bin;C:\Users\User\AppData\Local\Programs\Antigravity\bin;C:\Users\User\AppData\Local\Programs\cursor\resources\app\bin;C:\Users\User\AppData\Roaming\npm;C:\Users\User\AppData\Local\Python\bin;C:\Users\User\AppData\Local\Programs\Windsurf\bin;C:\Users\User\go\bin;C:\Users\User\AppData\Local\Programs\Kiro\bin;C:\Users\User\AppData\Local\Programs\Ollama;c:\Users\User\.vscode\extensions\ms-python.debugpy-2026.6.0-win32-x64\bundled\scripts\noConfigScripts
USERNAME=User
LANG=en_US.UTF-8
OS=Windows_NT
PROCESSOR_IDENTIFIER=Intel64 Family 6 Model 186 Stepping 2, GenuineIntel
TMP=C:\Users\User\AppData\Local\Temp
TEMP=C:\Users\User\AppData\Local\Temp



Periodic native trim disabled


---------------  S Y S T E M  ---------------

OS:
 Windows 11 , 64 bit Build 26100 (10.0.26100.8737)
OS uptime: 0 days 20:35 hours
Hyper-V role detected

CPU: total 12 (initial active 12) (6 cores per cpu, 2 threads per core) family 6 model 186 stepping 2 microcode 0x411d, cx8, cmov, fxsr, ht, mmx, 3dnowpref, sse, sse2, sse3, ssse3, sse4.1, sse4.2, popcnt, lzcnt, tsc, tscinvbit, avx, avx2, aes, erms, clmul, bmi1, bmi2, adx, sha, fma, vzeroupper, clflush, clflushopt, clwb, hv
Processor Information for processor 0
  Max Mhz: 2100, Current Mhz: 2100, Mhz Limit: 2100
Processor Information for processor 1
  Max Mhz: 2100, Current Mhz: 2100, Mhz Limit: 2100
Processor Information for processor 2
  Max Mhz: 2100, Current Mhz: 2100, Mhz Limit: 2100
Processor Information for processor 3
  Max Mhz: 2100, Current Mhz: 2100, Mhz Limit: 2100
Processor Information for processor 4
  Max Mhz: 2100, Current Mhz: 2100, Mhz Limit: 2100
Processor Information for processor 5
  Max Mhz: 2100, Current Mhz: 2100, Mhz Limit: 2100
Processor Information for processor 6
  Max Mhz: 2100, Current Mhz: 2100, Mhz Limit: 2100
Processor Information for processor 7
  Max Mhz: 2100, Current Mhz: 2100, Mhz Limit: 2100
Processor Information for processor 8
  Max Mhz: 2100, Current Mhz: 1500, Mhz Limit: 1491
Processor Information for processor 9
  Max Mhz: 2100, Current Mhz: 1500, Mhz Limit: 1491
Processor Information for processor 10
  Max Mhz: 2100, Current Mhz: 1500, Mhz Limit: 1491
Processor Information for processor 11
  Max Mhz: 2100, Current Mhz: 1500, Mhz Limit: 1491

Memory: 4k page, system-wide physical 7883M (372M free)
TotalPageFile size 32459M (AvailPageFile size 0M)
current process WorkingSet (physical memory assigned to process): 528M, peak: 971M
current process commit charge ("private bytes"): 1470M, peak: 1559M

vm_info: OpenJDK 64-Bit Server VM (17.0.18+8) for windows-amd64 JRE (17.0.18+8), built on Jan 20 2026 22:28:22 by "admin" with MS VC++ 17.12 (VS2022)

END.
